player,start_year,end_year,position,GP,G,A,PTS,plus_minus,PIM,even_str_G,pp_G,sh_G,gw_G,even_str_A,pp_A,sh_A,shots_on_goal,shooting_pct,TOI,ATOI,OPS,DPS,PS
Antti Aalto,1998,2001,C,151,11,17,28,-25,52,8,3,0,1,16,1,0,182,6,1668,11:03:00,-0.6,0.9,0.4
Wyatt Aamodt,2025,2025,D,2,1,0,1,1,0,1,0,0,0,0,0,0,3,33.3,34,17:07:00,0.2,0.1,0.3
Reg Abbott,1953,1953,C,3,0,0,0,NA,0,0,0,0,0,0,0,0,NA,NA,NA,NA,-0.1,0.1,-0.1
Spencer Abbott,2014,2017,LW,2,0,0,0,-2,0,0,0,0,0,0,0,0,3,0,14,06:55:00,0,-0.1,-0.1
Justin Abdelkader,2008,2020,LW,739,106,146,252,-56,608,80,25,1,15,121,23,2,1238,8.6,11010,14:54:00,8.4,10.5,18.9
Clarence Abel,1927,1934,D,333,20,18,38,NA,365,1,0,1,5,1,0,0,NA,NA,NA,NA,0.7,30.8,31.5
Gerry Abel,1967,1967,LW,1,0,0,0,0,0,0,0,0,0,0,0,0,0,NA,NA,NA,0,0,0
Sid Abel,1939,1954,C/LW,612,188,284,472,NA,376,138,49,1,25,211,71,2,NA,NA,NA,NA,37.8,11.6,49.4
Pontus Åberg,2017,2020,LW,132,17,27,44,-7,34,14,3,0,4,22,5,0,187,9.1,1734,13:08:00,1.4,1.8,3.2
Dennis Abgrall,1976,1976,RW,13,0,2,2,-7,4,0,0,0,0,1,1,0,9,0,NA,NA,-0.4,0,-0.4
Ramzi Abid,2003,2007,LW,68,14,16,30,-11,78,8,6,0,4,12,4,0,112,12.5,825,12:08:00,2.3,0.4,2.8
Rodrigo Abols,2025,2026,C,64,5,10,15,-11,26,4,0,1,0,9,0,1,68,7.4,643,10:03:00,0.2,0.4,0.5
Thommy Abrahamsson,1981,1981,D,32,6,11,17,-3,16,2,4,0,1,8,3,0,66,9.1,NA,NA,1,1.5,2.5
Vitaly Abramov,2019,2021,RW,5,1,0,1,-3,2,1,0,0,0,0,0,0,3,33.3,45,08:58:00,0.1,-0.1,0
Nicholas Abruzzese,2022,2023,C,11,1,2,3,0,2,1,0,0,1,1,1,0,10,10,110,09:59:00,0.1,0.1,0.2
Noel Acciari,2016,2026,C,585,81,63,144,-28,193,78,1,2,13,57,2,4,744,10.9,7944,13:35:00,0.3,7.7,8
Gene Achtymichuk,1952,1959,C,32,3,5,8,NA,2,3,0,0,0,5,0,0,NA,NA,NA,NA,-0.4,0.5,0.1
Doug Acomb,1970,1970,C,2,0,1,1,1,0,0,0,0,0,1,0,0,0,NA,NA,NA,0,0.1,0.1
Keith Acton,1980,1994,C,1023,226,358,584,-28,1172,182,33,11,29,283,64,11,1691,13.4,NA,NA,18.4,11.5,29.9
Will Acton,2014,2015,C,33,3,2,5,-4,26,3,0,0,1,2,0,0,20,15,276,08:22:00,0.1,0.2,0.3
Douglas Adam,1950,1950,LW,4,0,1,1,NA,0,0,0,0,0,1,0,0,NA,NA,NA,NA,-0.1,0.1,0
Luke Adam,2011,2015,C,90,15,11,26,-11,36,15,0,0,1,7,4,0,138,10.9,1070,11:54:00,1.6,0.7,2.3
Russ Adam,1983,1983,C,8,1,2,3,-3,11,1,0,0,0,2,0,0,4,25,NA,NA,0,0,0
Bryan Adams,2000,2001,C,11,0,1,1,-5,2,0,0,0,0,1,0,0,4,0,108,09:51:00,-0.2,-0.1,-0.3
Craig Adams,2001,2015,RW,951,55,105,160,-82,683,45,3,7,7,95,1,9,918,6,10364,10:54:00,-6.3,8.2,1.9
Greg Adams,1981,1990,LW,544,84,143,227,0,1173,73,11,0,5,118,25,0,697,12.1,NA,NA,1.1,7.7,8.8
Greg Adams,1985,2001,LW,1056,355,388,743,-48,321,226,122,7,31,261,116,11,2325,15.3,4059,16:03:00,48.5,14,62.5
Jack Adams,1918,1927,C,173,81,44,125,NA,384,NA,NA,NA,12,NA,NA,NA,NA,NA,NA,NA,17.5,3.4,20.9
John Adams,1941,1941,LW,42,6,12,18,NA,9,5,1,0,0,12,0,0,NA,NA,NA,NA,0.5,0.5,1.1
Kevyn Adams,1998,2008,C,540,59,77,136,-38,317,51,0,8,8,65,4,8,876,6.7,6961,12:53:00,0.9,6.7,7.6
Stew Adams,1930,1933,LW,93,9,26,35,NA,70,NA,NA,NA,1,NA,NA,NA,NA,NA,NA,NA,0.5,2,2.5
Calen Addison,2021,2024,D,152,6,44,50,-59,96,6,0,0,1,17,27,0,191,3.1,2505,16:29:00,2.4,1.9,4.2
Rick Adduono,1976,1980,C,4,0,0,0,-2,2,0,0,0,0,0,0,0,1,0,NA,NA,-0.2,0,-0.2
Dmitry Afanasenkov,2001,2007,LW,227,27,27,54,-36,52,26,1,0,1,22,5,0,281,9.6,2445,10:46:00,1.4,1.3,2.8
Egor Afanasyev,2023,2024,LW,19,1,0,1,-8,2,1,0,0,0,0,0,0,26,3.8,210,11:04:00,-0.4,0,-0.4
Bruce Affleck,1975,1984,D,280,14,66,80,-82,86,10,4,0,2,49,14,3,368,3.8,NA,NA,1.9,10.6,12.5
Maxim Afinogenov,2000,2010,RW,651,158,237,395,-43,486,119,38,1,23,159,78,0,1557,10.1,9850,15:08:00,30,8.9,38.9
Jim Agnew,1987,1993,D,81,0,1,1,-9,257,0,0,0,0,1,0,0,32,0,NA,NA,-1.6,3.6,2
Kenny Agostino,2014,2021,LW,86,8,22,30,-8,40,8,0,0,0,15,7,0,122,6.6,1083,12:36:00,0.9,1,1.9
Andrew Agozzino,2015,2026,LW,53,3,9,12,4,4,2,0,1,0,8,1,0,38,7.9,456,08:36:00,0.3,0.7,1
Jack Ahcan,2021,2026,D,22,1,2,3,-4,4,0,1,0,0,2,0,0,20,5,317,14:23:00,0,0.4,0.3
Fred Ahern,1975,1978,RW,146,31,30,61,-47,130,24,7,0,6,20,10,0,246,12.6,NA,NA,1.4,1,2.4
Rudy Ahlin,1938,1938,LW,1,0,0,0,NA,0,0,0,0,0,0,0,0,NA,NA,NA,NA,-0.1,0,0
Sebastian Aho,2017,2026,F,756,310,401,711,132,342,213,75,22,68,244,142,15,2068,15,14465,19:08:00,61.7,22.5,84.3
Sebastian Aho,2018,2024,D,190,11,39,50,-10,52,10,1,0,0,33,6,0,199,5.5,3131,16:29:00,2.2,5.9,8.1
Peter Ahola,1992,1994,D,123,10,17,27,2,137,10,0,0,0,16,1,0,115,8.7,NA,NA,0.3,5.8,6
Chris Ahrens,1974,1978,D,52,0,3,3,-26,84,0,0,0,0,3,0,0,26,0,NA,NA,-0.8,1.3,0.5
Lloyd Ailsby,1952,1952,D,3,0,0,0,NA,2,0,0,0,0,0,0,0,NA,NA,NA,NA,-0.1,0.1,0.1
Brad Aitken,1988,1991,LW,14,1,3,4,-2,25,1,0,0,0,3,0,0,7,14.3,NA,NA,-0.2,0.1,-0.1
Johnathan Aitken,2000,2004,D,44,0,1,1,-12,70,0,0,0,0,1,0,0,39,0,764,17:22:00,-0.7,0.8,0
Micah Aivazoff,1994,1996,C,92,4,6,10,-9,46,4,0,0,0,4,2,0,66,6.1,NA,NA,-2.3,0.6,-1.8
Jason Akeson,2013,2015,RW,15,1,1,2,2,8,1,0,0,0,1,0,0,13,7.7,130,08:42:00,0,0.2,0.2
Mika Alatalo,2000,2001,LW,152,17,29,46,-2,58,16,1,0,2,28,1,0,171,9.9,1803,11:52:00,1.4,1.8,3.2
Tommy Albelin,1988,2006,D,952,44,211,255,52,417,25,16,3,8,126,79,6,1137,3.9,7422,18:14:00,6.9,48.1,55
John Albert,2014,2014,C,9,1,0,1,-3,0,1,0,0,0,0,0,0,5,20,46,05:07:00,0.1,-0.1,0
Andrew Alberts,2006,2014,D,459,8,47,55,2,492,7,0,1,2,44,1,2,252,3.2,7274,15:51:00,-1.8,15.2,13.4
Clint Albright,1949,1949,C,59,14,5,19,NA,19,10,4,0,1,2,3,0,NA,NA,NA,NA,0.6,0.8,1.5
Gary Aldcorn,1957,1961,LW,226,41,56,97,11,78,40,1,0,6,50,5,1,233,11.2,NA,NA,3.1,3,6
Keith Aldridge,2000,2000,D,4,0,0,0,1,0,0,0,0,0,0,0,0,6,0,44,11:05:00,0,0.2,0.2
Claire Alexander,1975,1978,D,155,18,47,65,1,36,10,8,0,1,32,15,0,302,6,NA,NA,3.6,7.2,10.7
Art Alexandre,1932,1933,LW,11,0,2,2,NA,0,NA,NA,NA,0,NA,NA,NA,NA,NA,NA,NA,-0.3,0.2,-0.1
Nikita Alexandrov,2023,2024,C,51,3,6,9,-4,12,3,0,0,0,6,0,0,43,7,471,09:14:00,-0.2,0.4,0.3
Nikita Alexeev,2002,2007,RW,159,20,17,37,-8,28,16,4,0,4,14,3,0,216,9.3,1995,12:33:00,0.3,2.1,2.4
Alexander Alexeyev,2022,2025,D,80,1,7,8,-8,12,1,0,0,0,7,0,0,55,1.8,1200,15:00:00,-0.6,2.3,1.7
Daniel Alfredsson,1996,2014,RW,1246,444,713,1157,155,510,284,135,25,73,402,293,18,3471,12.8,21478,19:44:00,103.3,30.4,133.6
Akim Aliu,2012,2013,RW,7,2,1,3,1,26,2,0,0,0,1,0,0,5,40,76,10:55:00,0.4,0.1,0.5
Jeff Allan,1978,1978,D,4,0,0,0,0,2,0,0,0,0,0,0,0,5,0,NA,NA,-0.1,0.2,0.1
Nolan Allan,2025,2025,D,43,1,7,8,-13,16,1,0,0,0,7,0,0,17,5.9,651,15:08:00,0.1,0.6,0.7
Frédéric Allard,2021,2023,D,4,0,0,0,0,0,0,0,0,0,0,0,0,6,0,59,14:38:00,-0.1,0.1,0
Bobby Allen,2003,2008,D,51,0,3,3,-3,12,0,0,0,0,2,0,1,24,0,595,11:40:00,-0.4,1.1,0.7
Bryan Allen,2001,2015,D,721,29,107,136,26,839,27,1,1,5,97,5,5,692,4.2,13439,18:38:00,2,28.9,31
Chris Allen,1998,1999,D,2,0,0,0,1,2,0,0,0,0,0,0,0,1,0,31,15:18:00,0,0.1,0.1
Conor Allen,2014,2015,D,7,0,0,0,-2,4,0,0,0,0,0,0,0,4,0,92,13:10:00,-0.1,0,-0.1
George Allen,1939,1947,LW/D,340,82,115,197,NA,181,66,14,2,15,95,20,0,NA,NA,NA,NA,13.2,14.5,27.7
Keith Allen,1954,1955,D,28,0,4,4,NA,6,0,0,0,0,4,0,0,NA,NA,NA,NA,-0.1,2.3,2.2
Peter Allen,1996,1996,D,8,0,0,0,2,8,0,0,0,0,0,0,0,2,0,NA,NA,-0.2,0.3,0.2
Viv Allen,1941,1941,RW,11,0,1,1,NA,0,0,0,0,0,1,0,0,NA,NA,NA,NA,-0.4,0,-0.4
Steve Alley,1980,1981,LW,15,3,3,6,-3,11,3,0,0,0,3,0,0,15,20,NA,NA,0,0.1,0.1
Dave Allison,1984,1984,D,3,0,0,0,-3,12,0,0,0,0,0,0,0,2,0,NA,NA,-0.1,0,0
Jamie Allison,1995,2006,D,372,7,23,30,-34,639,7,0,0,1,21,0,2,164,4.3,4491,12:48:00,-1.5,7.8,6.3
Jason Allison,1994,2006,C,552,154,331,485,17,441,106,44,4,26,158,170,3,994,15.5,9497,21:15:00,36.4,13.1,49.5
Mike Allison,1981,1990,LW,499,102,166,268,32,630,79,19,4,12,130,31,5,558,18.3,NA,NA,6.9,6.6,13.5
Ray Allison,1980,1987,RW,238,64,93,157,50,223,55,9,0,5,76,17,0,455,14.1,NA,NA,6,3.7,9.7
Wade Allison,2021,2023,RW,75,13,9,22,-3,40,12,1,0,3,9,0,0,115,11.3,963,12:50:00,0.8,1,1.8
Bill Allum,1941,1941,D,1,0,1,1,NA,0,0,0,0,0,1,0,0,NA,NA,NA,NA,0.1,0.1,0.2
Cody Almond,2010,2012,C,25,2,0,2,-8,26,2,0,0,0,0,0,0,16,12.5,213,08:30:00,-0.2,-0.1,-0.2
Adam Almqvist,2014,2014,D,2,1,0,1,-1,0,1,0,0,0,0,0,0,2,50,34,17:13:00,0.2,0,0.2
Marek Alscher,2026,2026,D,3,0,1,1,3,0,0,0,0,0,1,0,0,4,0,61,20:18:00,0,0.4,0.4
Olle Alsing,2021,2021,D,4,0,0,0,-1,0,0,0,0,0,0,0,0,1,0,43,10:50:00,-0.1,0,0
Mark Alt,2015,2021,D,20,0,0,0,-2,4,0,0,0,0,0,0,0,16,0,243,12:09:00,-0.3,0.3,0
Karl Alzner,2009,2020,D,686,20,110,130,54,219,20,0,0,2,105,2,3,625,3.2,13797,20:07:00,-0.3,32.4,32.1
Dave Amadio,1958,1969,D,126,5,11,16,-34,163,4,1,0,1,8,2,1,162,3.1,NA,NA,-0.4,4.9,4.5
Michael Amadio,2018,2026,C,522,83,91,174,15,107,77,6,0,10,81,9,1,649,12.8,6780,12:59:00,6.4,8.7,15.1
Nils Åman,2023,2026,C,132,8,21,29,-17,28,8,0,0,1,19,0,2,87,9.2,1525,11:33:00,-0.7,1,0.3
Peter Ambroziak,1995,1995,LW,12,0,1,1,-1,0,0,0,0,0,1,0,0,3,0,NA,NA,-0.4,0.2,-0.2
Mike Amodeo,1980,1980,D,19,0,0,0,-15,2,0,0,0,0,0,0,0,14,0,NA,NA,-0.4,0.4,0
Tony Amonte,1992,2007,RW,1174,416,484,900,96,752,285,108,23,58,318,158,8,3260,12.8,14072,19:28:00,72.2,23.1,95.3
Dale Anderson,1957,1957,D,13,0,0,0,NA,6,0,0,0,0,0,0,0,NA,NA,NA,NA,-0.2,1,0.7
Earl Anderson,1975,1977,RW,109,19,19,38,-4,22,17,2,0,5,17,2,0,155,12.3,NA,NA,0,1.3,1.4
Glenn Anderson,1981,1996,RW,1129,498,601,1099,201,1120,334,151,13,85,428,166,7,3109,16,NA,NA,72.6,15.5,88.1
Jim Anderson,1968,1968,LW,7,1,2,3,-2,2,1,0,0,0,2,0,0,20,5,NA,NA,0.1,0,0.1
Joey Anderson,2019,2025,RW,169,19,21,40,-10,18,18,0,1,2,21,0,0,195,9.7,2143,12:41:00,-0.1,2.7,2.6
John Anderson,1978,1989,RW,814,282,349,631,3,261,201,76,5,41,219,127,3,2002,14.1,NA,NA,34.3,11.5,45.8
Josh Anderson,2015,2026,RW,688,160,113,273,-40,641,142,11,7,26,99,11,3,1400,11.4,10685,15:32:00,14.3,10.5,24.8
Matt Anderson,2013,2013,RW,2,0,1,1,1,0,0,0,0,0,1,0,0,0,NA,12,05:47:00,0.1,0.1,0.1
Michael Anderson,2020,2026,D,424,21,81,102,77,146,20,1,0,5,77,0,4,442,4.8,8965,21:09:00,1.1,26.4,27.5
Murray Anderson,1975,1975,D,40,0,1,1,-40,68,0,0,0,0,1,0,0,23,0,NA,NA,-0.7,0,-0.7
Perry Anderson,1982,1992,LW,400,50,59,109,-53,1051,46,4,0,4,55,4,0,409,12.2,NA,NA,-4,3.8,-0.2
Ron Anderson,1968,1972,RW,251,28,30,58,-29,146,26,1,1,3,28,2,0,374,7.5,NA,NA,-3.2,3.3,0
Ron Anderson,1975,1975,RW,28,9,7,16,-20,8,5,4,0,0,7,0,0,43,20.9,NA,NA,0.9,0,0.9
Russ Anderson,1977,1985,D,519,22,99,121,-64,1086,21,1,0,5,95,4,0,368,6,NA,NA,0.1,24.6,24.7
Shawn Anderson,1987,1995,D,255,11,51,62,4,117,5,6,0,0,37,13,1,214,5.1,NA,NA,0.3,12.9,13.1
Tom Anderson,1935,1942,LW/D,316,62,127,189,NA,194,52,8,2,9,100,25,2,NA,NA,NA,NA,14.8,7.6,22.3
Jaret Anderson-Dolan,2019,2025,C,134,15,14,29,-28,22,13,1,1,4,13,1,0,143,10.5,1555,11:36:00,0,0.9,1
Erik Andersson,1998,1998,C,12,2,1,3,-4,8,2,0,0,0,1,0,0,11,18.2,123,10:17:00,0.1,0,0.1
Joakim Andersson,2012,2016,C,205,15,21,36,-11,48,15,0,0,2,19,1,1,215,7,2444,11:55:00,-1.1,2.3,1.2
Jonas Andersson,2002,2011,RW,9,0,0,0,-1,2,0,0,0,0,0,0,0,5,0,70,07:45:00,-0.2,0,-0.2
Kent-Erik Andersson,1978,1984,RW,456,72,103,175,-10,78,59,7,6,14,87,7,9,635,11.3,NA,NA,-0.2,6.4,6.2
Lias Andersson,2018,2023,C,110,7,10,17,-32,57,6,0,1,1,9,1,0,112,6.3,1194,10:52:00,-0.9,0.3,-0.6
Mikael Andersson,1986,2000,LW,761,95,169,264,-1,134,75,6,14,13,140,18,11,1117,8.5,2089,12:00:00,1.2,11.5,12.8
Niklas Andersson,1993,2001,LW,164,29,53,82,-3,85,21,5,3,2,41,9,3,260,11.2,486,12:09:00,4.3,2.1,6.4
Peter Andersson,1984,1986,D,172,10,41,51,17,81,4,6,0,3,23,18,0,210,4.8,NA,NA,0.7,11.3,12
Peter Andersson,1993,1994,D,47,6,13,19,-4,20,2,3,1,2,7,6,0,89,6.7,NA,NA,1,2,3
Rasmus Andersson,2017,2026,D,616,64,213,277,-12,350,48,13,3,9,142,69,2,1152,5.6,13445,21:50:00,17.1,28.5,45.6
Emil Andrae,2024,2026,D,107,3,17,20,9,38,3,0,0,0,13,4,0,88,3.4,1716,16:02:00,0.1,4.4,4.6
Paul Andrea,1966,1971,RW,150,31,49,80,-37,10,18,13,0,5,20,29,0,257,12.1,NA,NA,3.5,1.5,4.9
Andy Andreoff,2015,2023,LW,188,14,13,27,-19,225,14,0,0,4,13,0,0,168,8.3,1739,09:15:00,-0.4,1.4,1
Lloyd Andrews,1922,1925,LW,54,8,5,13,NA,12,NA,NA,NA,3,NA,NA,NA,NA,NA,NA,NA,-1.6,1.1,-0.5
Dave Andreychuk,1983,2006,LW,1639,640,698,1338,32,1121,356,274,10,77,402,293,3,4556,14,8916,16:02:00,98.8,25.6,124.4
Alexander Andrievski,1993,1993,RW,1,0,0,0,0,0,0,0,0,0,0,0,0,0,NA,NA,NA,0,0,0
Sven Andrighetto,2015,2019,RW,216,31,52,83,-3,42,25,6,0,3,43,9,0,360,8.6,2809,13:00:00,4.4,3.2,7.5
Ron Andruff,1975,1979,C,153,19,36,55,-38,54,19,0,0,1,29,6,1,246,7.7,NA,NA,-0.2,1.3,1.1
Greg Andrusak,1994,2000,D,28,0,6,6,2,16,0,0,0,0,3,3,0,19,0,290,18:06:00,0,1,1.1
Mike Angelidis,2012,2016,LW,14,2,0,2,1,22,2,0,0,1,0,0,0,9,22.2,104,07:27:00,0.2,0.1,0.3
Anthony Angello,2020,2022,C,31,3,2,5,3,14,2,1,0,0,2,0,0,26,11.5,224,07:13:00,0.2,0.3,0.5
Mel Angelstad,2004,2004,LW,2,0,0,0,0,2,0,0,0,0,0,0,0,1,0,26,13:00:00,-0.1,0,0
Tyler Angle,2023,2024,C,4,1,0,1,-3,0,1,0,0,0,0,0,0,5,20,40,09:54:00,0.1,-0.1,0
Lou Angotti,1965,1974,C/RW,653,103,186,289,-28,220,79,21,3,17,148,31,7,859,12,NA,NA,6.1,9.1,15.2
Darrel Anholt,1984,1984,D,1,0,0,0,2,0,0,0,0,0,0,0,0,0,NA,NA,NA,0,0.2,0.1
Artem Anisimov,2009,2021,C,771,180,196,376,-17,214,133,39,8,31,165,27,4,1380,13,12309,15:58:00,25.9,13,38.9
Hub Anslow,1948,1948,C,2,0,0,0,NA,0,0,0,0,0,0,0,0,NA,NA,NA,NA,-0.1,0,-0.1
Victor Antipin,2018,2018,D,47,0,10,10,-9,18,0,0,0,0,9,1,0,40,0,718,15:17:00,0.1,1.2,1.4
Mike Antonovich,1976,1984,C,87,10,15,25,-27,37,8,2,0,0,9,6,0,121,8.3,NA,NA,-1,0.8,-0.2
Shawn Antoski,1991,1998,LW,183,3,5,8,-20,599,3,0,0,1,5,0,0,92,3.3,71,07:50:00,-6.1,1.6,-4.4
Nik Antropov,2000,2013,C,788,193,272,465,55,627,142,48,3,30,205,64,3,1372,14.1,12469,15:49:00,34.8,14.4,49.2
Mason Appleton,2019,2026,C,465,63,89,152,31,168,58,3,2,12,85,1,3,633,10,6533,14:03:00,2.9,9,12
Syl Apps,1937,1948,C,423,201,231,432,NA,56,159,39,3,25,182,44,5,NA,NA,NA,NA,44.5,8,52.5
Syl Apps,1971,1980,C,727,183,423,606,36,311,133,39,11,22,310,104,9,1504,12.2,NA,NA,35,11.3,46.3
Al Arbour,1954,1971,D,626,12,58,70,62,611,11,1,0,1,54,0,4,180,4.4,NA,NA,-4.1,43.4,39.3
Amos Arbour,1919,1924,LW,114,52,17,69,NA,78,NA,NA,NA,5,NA,NA,NA,NA,NA,NA,NA,3.1,2.2,5.4
Jack Arbour,1927,1929,D,47,5,1,6,NA,58,NA,NA,NA,1,NA,NA,NA,NA,NA,NA,NA,0.5,3.2,3.7
John Arbour,1966,1972,D,106,1,9,10,-21,149,1,0,0,0,9,0,0,103,1,NA,NA,-1.1,4.7,3.6
Ty Arbour,1927,1931,LW,207,28,28,56,NA,110,NA,NA,NA,6,NA,NA,NA,NA,NA,NA,NA,1.6,3.1,4.7
Michel Archambault,1977,1977,LW,3,0,0,0,-3,0,0,0,0,0,0,0,0,1,0,NA,NA,-0.1,0,-0.2
Darren Archibald,2014,2019,RW,55,6,8,14,-3,26,5,0,1,0,8,0,0,49,12.2,614,11:10:00,0.4,0.7,1.1
Dave Archibald,1988,1997,C/LW,323,57,67,124,-75,139,37,20,0,8,48,19,0,502,11.4,NA,NA,1.5,3.1,4.6
Jim Archibald,1985,1987,RW,16,1,2,3,-4,45,1,0,0,0,2,0,0,20,5,NA,NA,-0.3,0.1,-0.2
Josh Archibald,2016,2023,RW,305,45,38,83,0,143,42,0,3,4,36,0,2,346,13,3754,12:18:00,2.5,4.8,7.4
Mark Arcobello,2013,2016,RW,139,24,29,53,-17,28,22,2,0,3,23,5,1,242,9.9,2030,14:36:00,3,1.8,4.8
Ron Areshenkoff,1980,1980,C,4,0,0,0,-4,0,0,0,0,0,0,0,0,3,0,NA,NA,-0.2,-0.1,-0.2
Denis Arkhipov,2001,2007,C,352,56,82,138,-51,128,40,15,1,11,53,25,4,511,11,5130,14:34:00,6.6,4.3,10.8
Joel Armia,2015,2026,RW,652,116,116,232,-10,222,87,8,21,13,93,17,6,1159,10,9477,14:32:00,9.1,10,19.1
Bill Armstrong,1991,1991,C,1,0,1,1,1,0,0,0,0,0,1,0,0,1,0,NA,NA,0,0,0.1
Bob Armstrong,1951,1962,D,541,13,86,99,-38,671,11,2,0,1,66,15,5,216,3.2,NA,NA,0.8,28.3,29.2
Chris Armstrong,2001,2004,D,7,0,1,1,-4,0,0,0,0,0,1,0,0,12,0,104,14:55:00,0,0,0
Colby Armstrong,2006,2013,RW,476,89,120,209,24,376,73,12,4,12,103,12,5,702,12.7,7302,15:20:00,10.3,8,18.3
Derek Armstrong,1994,2010,C,477,72,149,221,-2,355,53,19,0,9,115,34,0,659,10.9,5664,13:55:00,11.7,7.3,18.9
George Armstrong,1950,1971,RW,1188,296,417,713,101,726,224,64,8,43,304,98,15,1748,10.4,NA,NA,46.1,19.8,66
Murray Armstrong,1938,1946,C,270,67,121,188,NA,82,63,4,0,10,111,10,0,NA,NA,NA,NA,10.1,3.9,14
Norm Armstrong,1963,1963,RW/D,7,1,1,2,1,2,1,0,0,0,1,0,0,2,50,NA,NA,0.2,0.5,0.7
Riley Armstrong,2009,2009,RW,2,0,0,0,-1,2,0,0,0,0,0,0,0,1,0,15,07:26:00,0,0,-0.1
Tim Armstrong,1989,1989,C,11,1,0,1,-2,6,1,0,0,0,0,0,0,5,20,NA,NA,-0.3,0.1,-0.2
Chuck Arnason,1972,1979,RW,401,109,90,199,-73,122,86,23,0,11,70,20,0,947,11.5,NA,NA,8.4,3.4,11.8
Tyler Arnason,2002,2009,C,487,88,157,245,-33,140,68,20,0,14,109,48,0,1120,7.9,7051,14:29:00,15,6.5,21.5
Jamie Arniel,2011,2011,C,1,0,0,0,-1,0,0,0,0,0,0,0,0,3,0,12,12:26:00,0,0,-0.1
Scott Arniel,1982,1992,LW,730,149,189,338,-11,599,126,15,8,19,162,24,3,1087,13.7,NA,NA,6.8,9.3,16.1
Bill Arnold,2014,2014,C,1,0,0,0,-1,0,0,0,0,0,0,0,0,0,NA,14,13:35:00,0,0,-0.1
Jason Arnott,1994,2012,C,1244,417,521,938,81,1242,270,145,2,64,342,178,1,3460,12.1,15658,16:58:00,80.4,26.2,106.6
Dean Arsene,2010,2010,D,13,0,0,0,-3,41,0,0,0,0,0,0,0,4,0,168,12:57:00,-0.2,0.1,-0.1
Fred Arthur,1981,1983,D,80,1,8,9,-12,49,1,0,0,0,7,0,1,37,2.7,NA,NA,-0.9,3.1,2.2
Evgeny Artyukhin,2006,2010,RW,199,19,30,49,-7,313,17,2,0,0,28,2,0,221,8.6,1889,09:30:00,1.6,1.8,3.4
John Arundel,1950,1950,D,3,0,0,0,NA,9,0,0,0,0,0,0,0,NA,NA,NA,NA,-0.1,0.2,0.1
Magnus Arvedson,1998,2004,LW,434,100,125,225,109,241,86,6,8,23,112,8,5,709,14.1,7304,16:50:00,14.7,11.7,26.4
Viktor Arvidsson,2015,2026,LW,682,219,224,443,63,280,171,37,11,39,175,46,3,1960,11.2,11127,16:19:00,36.8,14.5,51.3
Arron Asham,1999,2014,RW,789,94,114,208,-42,1004,85,7,2,9,105,8,1,859,10.9,7964,10:06:00,9.8,6.9,16.8
Barry Ashbee,1966,1974,D,284,15,70,85,48,291,10,4,1,2,51,16,3,344,4.4,NA,NA,3.1,18.9,21.9
Don Ashby,1976,1981,C,188,40,56,96,-20,40,30,10,0,6,46,9,1,269,14.9,NA,NA,3.1,1.7,4.7
Brent Ashton,1980,1993,LW,998,284,345,629,-63,637,214,58,12,29,263,74,8,1931,14.7,NA,NA,27,12.7,39.7
Carter Ashton,2012,2015,RW,54,0,3,3,-12,32,0,0,0,0,3,0,0,49,0,401,07:25:00,-0.8,-0.1,-0.9
Frank Ashworth,1947,1947,C,18,5,4,9,NA,2,5,0,0,0,4,0,0,NA,NA,NA,NA,0.5,0.1,0.5
Oscar Asmundson,1933,1938,C,111,11,23,34,NA,30,5,1,0,1,13,0,0,NA,NA,NA,NA,0.1,1.9,1.9
Jonathan Aspirot,2026,2026,D,61,3,10,13,30,43,3,0,0,0,9,1,0,47,6.4,1021,16:44:00,0.3,4,4.3
Rasmus Asplund,2020,2025,F,189,18,31,49,-16,22,14,2,2,3,28,2,1,256,7,2368,12:32:00,0.1,2.4,2.5
Kaspars Astašenko,2000,2001,D/W,23,1,2,3,-6,8,1,0,0,0,2,0,0,7,14.3,237,10:18:00,0.2,0,0.2
Mark Astley,1994,1996,D,75,4,19,23,-15,92,4,0,0,0,11,8,0,103,3.9,NA,NA,0.9,2.9,3.8
Zach Aston-Reese,2018,2026,C,416,49,53,102,17,165,46,0,3,5,53,0,0,559,8.8,5331,12:49:00,0.2,6.3,6.4
Walt Atanas,1945,1945,RW,49,13,8,21,NA,40,12,0,1,1,7,1,0,NA,NA,NA,NA,0.2,0.4,0.6
Blair Atcheynum,1993,2001,RW,196,27,33,60,-21,36,24,2,1,5,30,0,3,264,10.2,2606,13:34:00,1.8,1.6,3.4
Andreas Athanasiou,2016,2025,C,495,128,118,246,-112,189,116,11,1,20,93,25,0,1071,12,7317,14:47:00,17.9,5.5,23.4
Cam Atkinson,2012,2025,RW,809,253,236,489,-11,194,187,47,19,51,176,60,0,2320,10.9,13881,17:10:00,40.5,15.6,56
Steve Atkinson,1969,1975,RW,302,60,51,111,-50,104,49,8,3,4,42,9,0,545,11,NA,NA,2,3.8,5.8
Ronald Attard,2022,2024,D,29,2,4,6,-1,14,2,0,0,0,4,0,0,35,5.7,467,16:06:00,0.2,1,1.2
Bob Attwell,1980,1981,RW,22,1,5,6,-4,0,1,0,0,0,5,0,0,13,7.7,NA,NA,-0.4,0.3,-0.1
Ron Attwell,1968,1968,RW,22,1,7,8,-10,8,0,1,0,0,5,2,0,33,3,NA,NA,-0.1,0,-0.1
Nicolas Aubé-Kubel,2019,2026,RW,310,32,50,82,11,208,30,2,0,3,49,1,0,338,9.5,3353,10:49:00,1.8,4.1,6
Norm Aubin,1982,1983,C,69,18,13,31,-25,30,13,5,0,2,11,2,0,80,22.5,NA,NA,0.7,0.3,0.9
Serge Aubin,1999,2006,LW,374,44,64,108,-45,361,41,3,0,7,57,2,5,452,9.7,5193,13:53:00,1.6,4.2,5.7
Pierre Aubry,1981,1985,LW,201,24,26,50,-21,133,23,0,1,2,24,2,0,168,14.3,NA,NA,-2.9,1.5,-1.4
Ossie Aubuchon,1943,1944,LW,50,20,12,32,NA,4,20,0,0,3,10,2,0,NA,NA,NA,NA,1,0.2,1.3
Adrian Aucoin,1995,2013,D,1108,121,278,399,46,793,62,57,2,18,155,119,4,2089,5.8,22014,22:17:00,27.4,53.5,80.9
Keith Aucoin,2006,2014,C,145,17,32,49,3,22,15,2,0,2,28,4,0,165,10.3,1651,11:23:00,2.6,1.8,4.3
Philippe Audet,1999,1999,LW,4,0,0,0,-2,0,0,0,0,0,0,0,0,3,0,17,04:19:00,0,-0.1,-0.1
Donald Audette,1991,2004,RW,735,260,249,509,-17,584,160,97,3,45,153,96,0,1911,13.6,6687,16:41:00,43,10.4,53.4
Les Auge,1981,1981,D,6,0,3,3,-3,4,0,0,0,0,3,0,0,3,0,NA,NA,0.1,0.2,0.3
Justin Auger,2018,2018,RW,2,0,0,0,-1,0,0,0,0,0,0,0,0,1,0,16,08:00:00,0,0,-0.1
Patrik Augusta,1994,1999,RW,4,0,0,0,0,0,0,0,0,0,0,0,0,7,0,27,13:38:00,-0.1,0.1,-0.1
Keith Aulie,2011,2015,D,167,4,10,14,-13,196,4,0,0,0,10,0,0,118,3.4,2416,14:28:00,-0.9,3.5,2.6
Jared Aulin,2003,2003,C/RW,17,2,2,4,-3,0,1,1,0,0,0,2,0,21,9.5,169,09:55:00,0.2,0.1,0.3
Larry Aurie,1928,1939,RW,489,147,128,275,NA,283,68,12,3,26,68,24,2,NA,NA,NA,NA,29.8,10.2,40
Brady Austin,2017,2017,D,5,0,0,0,0,4,0,0,0,0,0,0,0,8,0,80,16:05:00,-0.1,0.2,0.1
Yohann Auvitu,2017,2018,D,58,5,8,13,5,10,5,0,0,0,7,1,0,123,4.1,837,14:26:00,0.9,2.3,3.1
Sean Avery,2002,2012,C,580,90,157,247,16,1533,76,10,4,15,123,32,2,1167,7.7,7508,12:57:00,14,9.4,23.3
Don Awrey,1964,1979,D,979,31,158,189,94,1068,28,3,0,2,145,7,6,952,3.3,NA,NA,-0.5,51.5,51
P.J. Axelsson,1998,2009,LW,797,103,184,287,-26,276,83,10,10,14,154,21,9,1359,7.6,13005,16:19:00,5.4,12.8,18.2
Vern Ayres,1931,1936,D,211,6,11,17,NA,332,2,0,0,0,5,1,0,NA,NA,NA,NA,-1.6,13.1,11.5
Pete Babando,1948,1953,LW,351,86,73,159,NA,194,70,15,1,11,63,9,1,NA,NA,NA,NA,9.8,4,13.8
Anton Babchuk,2004,2013,D,289,36,71,107,14,108,16,19,1,9,46,23,2,442,8.1,4735,16:23:00,9.7,11.4,21.1
Bobby Babcock,1991,1993,D,2,0,0,0,0,2,0,0,0,0,0,0,0,0,NA,NA,NA,0,0.1,0.1
Warren Babe,1988,1991,LW,21,2,5,7,3,23,2,0,0,0,5,0,0,17,11.8,NA,NA,-0.1,0.4,0.3
Yuri Babenko,2001,2001,C,3,0,0,0,0,0,0,0,0,0,0,0,0,2,0,32,10:34:00,-0.1,0,-0.1
Mitch Babin,1976,1976,C,8,0,0,0,-2,0,0,0,0,0,0,0,0,2,0,NA,NA,-0.3,0,-0.3
John Baby,1978,1979,D,26,2,8,10,-12,26,2,0,0,0,5,3,0,48,4.2,NA,NA,0.4,0.7,1.1
Dave Babych,1981,1999,D,1195,142,581,723,-216,970,55,86,1,20,285,286,10,2791,5.1,728,17:45:00,40.3,46.3,86.6
Wayne Babych,1979,1987,RW,519,192,246,438,-24,500,142,50,0,20,188,58,0,1297,14.8,NA,NA,24.5,6.8,31.4
Jerguš Bača,1991,1992,D,10,0,2,2,-4,14,0,0,0,0,0,2,0,16,0,NA,NA,-0.1,0.4,0.3
Oskar Back,2025,2026,C,144,9,19,28,11,18,8,0,1,1,18,0,1,85,10.6,1731,12:01:00,-1.2,2.4,1.2
David Backes,2007,2021,C,965,248,313,561,64,1148,179,65,4,32,240,67,6,2178,11.4,16719,17:20:00,41.3,23.1,64.4
Mikael Backlund,2009,2026,C,1147,232,374,606,73,503,176,37,19,41,286,71,17,2762,8.4,19895,17:21:00,31.1,26.2,57.3
Christian Bäckman,2003,2009,D,302,23,56,79,1,182,16,7,0,2,38,18,0,351,6.6,6055,20:03:00,3.7,14.6,18.2
Mike Backman,1982,1984,RW,18,1,6,7,1,18,1,0,0,0,6,0,0,16,6.3,NA,NA,-0.2,0.2,0.1
Pete Backor,1945,1945,D,36,4,5,9,NA,6,4,0,0,1,3,2,0,NA,NA,NA,NA,0.2,3,3.2
Nicklas Bäckström,2008,2024,C,1105,271,762,1033,83,504,183,86,2,39,427,335,0,2264,12,21427,19:23:00,80.2,24.8,104.9
Ralph Backstrom,1957,1973,C,1032,278,361,639,71,389,243,31,4,40,317,41,3,2460,10.6,NA,NA,38.4,16.4,54.8
Brandon Baddock,2022,2022,LW,1,0,0,0,0,0,0,0,0,0,0,0,0,0,NA,8,08:24:00,0,0,0
Sven Baertschi,2012,2022,LW,292,66,72,138,-34,78,51,15,0,8,52,20,0,438,15.1,4179,14:19:00,10.6,3.9,14.5
Drew Bagnall,2011,2011,D,2,0,0,0,-2,4,0,0,0,0,0,0,0,1,0,26,13:01:00,0,-0.1,-0.1
Kevin Bahl,2021,2026,D,297,11,52,63,-5,209,10,1,0,3,50,1,1,250,4.4,5631,18:58:00,0.5,12.7,13.1
Ace Bailey,1927,1934,RW,316,111,81,192,NA,488,2,0,0,24,2,1,0,NA,NA,NA,NA,29.6,6.6,36.2
Ace Bailey,1969,1978,LW,568,107,171,278,-76,633,90,14,3,12,131,36,4,885,12.1,NA,NA,8.3,5.1,13.4
Bob Bailey,1954,1958,RW,149,15,21,36,NA,207,13,2,0,2,19,2,0,NA,NA,NA,NA,-1.4,2.6,1.2
Casey Bailey,2015,2017,RW,13,1,0,1,0,2,1,0,0,0,0,0,0,19,5.3,110,08:29:00,-0.1,0.1,0.1
Josh Bailey,2009,2023,C,1057,184,396,580,-48,241,144,34,6,24,283,110,3,1591,11.6,17483,16:32:00,32.4,17.7,50.1
Justin Bailey,2016,2024,RW,141,10,13,23,-26,24,10,0,0,1,12,1,0,175,5.7,1455,10:19:00,-0.7,1,0.3
Reid Bailey,1981,1984,D,40,1,3,4,-1,105,1,0,0,0,3,0,0,31,3.2,NA,NA,-0.5,2,1.5
Joel Baillargeon,1987,1989,LW,20,0,2,2,-6,31,0,0,0,0,2,0,0,6,0,NA,NA,-0.6,0.1,-0.5
Arshdeep Bains,2024,2026,F,49,2,4,6,-13,18,2,0,0,1,3,1,0,30,6.7,489,09:58:00,-0.6,0.2,-0.4
Ken Baird,1972,1972,D,10,0,2,2,-10,15,0,0,0,0,2,0,0,6,0,NA,NA,-0.2,-0.2,-0.4
Bill Baker,1981,1983,D,143,7,25,32,-29,175,5,2,0,2,21,4,0,145,4.8,NA,NA,-0.2,6,5.8
Jamie Baker,1990,1999,C,404,71,79,150,-50,271,47,16,8,8,59,17,3,586,12.1,137,09:47:00,3.1,4.2,7.3
Peter Bakovic,1988,1988,RW,10,2,0,2,-1,48,2,0,0,0,0,0,0,7,28.6,NA,NA,-0.1,0.1,0
Chris Bala,2002,2002,LW,6,0,1,1,1,0,0,0,0,0,1,0,0,2,0,34,05:43:00,0,0.1,0.1
Jaroslav Balaštík,2006,2007,RW,74,13,11,24,-4,30,5,8,0,2,10,1,0,164,7.9,913,12:20:00,1,0.9,1.9
Rūdolfs Balcers,2019,2023,LW,170,28,34,62,-19,50,25,3,0,5,31,2,1,259,10.8,2321,13:39:00,2.5,2.2,4.7
Helmut Balderis,1990,1990,RW,26,3,6,9,0,2,1,2,0,0,5,1,0,30,10,NA,NA,-0.1,0.4,0.3
Doug Baldwin,1946,1948,D,24,0,1,1,NA,8,0,0,0,0,0,1,0,NA,NA,NA,NA,-0.4,1.2,0.8
Jozef Balej,2004,2006,RW,18,1,5,6,0,4,1,0,0,0,4,1,0,32,3.1,229,12:43:00,0.1,0.2,0.3
Earl Balfour,1952,1961,LW,288,30,22,52,1,78,18,6,6,5,18,1,3,144,4.2,NA,NA,-4.6,4.6,0
Murray Balfour,1957,1965,RW,306,67,90,157,8,389,57,10,0,7,81,9,0,586,11.3,NA,NA,6.5,5.2,11.8
Uvis Balinskis,2024,2026,D,156,10,26,36,-20,65,7,3,0,1,19,7,0,180,5.6,2379,15:15:00,1.7,4,5.7
Chase Balisy,2018,2018,C,8,0,0,0,-2,0,0,0,0,0,0,0,0,6,0,79,09:49:00,-0.2,0,-0.2
Terry Ball,1968,1972,D,74,7,19,26,-18,26,3,3,1,0,4,15,0,108,6.5,NA,NA,1.6,3.3,4.9
Keith Ballard,2006,2015,D,604,38,137,175,-13,612,27,7,4,4,93,40,4,645,5.9,11675,19:20:00,8.5,24.5,33
Maxim Balmochnykh,2000,2000,LW,6,0,1,1,2,2,0,0,0,0,1,0,0,6,0,40,06:44:00,0,0.1,0.1
Dave Balon,1960,1973,LW,777,192,222,414,45,607,153,35,4,35,179,38,5,1464,13.1,NA,NA,21.6,12.9,34.5
Bryon Baltimore,1980,1980,D,2,0,0,0,4,4,0,0,0,0,0,0,0,2,0,NA,NA,0,0.3,0.3
Stan Baluik,1960,1960,C,7,0,0,0,-2,2,0,0,0,0,0,0,0,7,0,NA,NA,-0.3,0.1,-0.2
Carter Bancks,2013,2013,C,2,0,0,0,0,0,0,0,0,0,0,0,0,0,NA,29,14:41:00,-0.1,0,0
Steve Bancroft,1993,2002,D,6,0,1,1,-2,2,0,0,0,0,1,0,0,5,0,52,10:24:00,0,0,0
Jeff Bandura,1981,1981,D,2,0,1,1,-3,0,0,0,0,0,1,0,0,2,0,NA,NA,0,-0.1,0
Daniel Bang,2013,2013,W,8,0,2,2,-2,0,0,0,0,0,2,0,0,13,0,103,12:54:00,-0.1,0,0
Frank Banham,1997,2003,RW,32,9,2,11,-9,16,8,1,0,0,1,1,0,53,17,321,11:04:00,1.1,0,1.1
Darren Banks,1993,1994,LW,20,2,2,4,5,73,2,0,0,0,2,0,0,18,11.1,NA,NA,-0.3,0.4,0.1
Drew Bannister,1996,2002,D,164,5,25,30,-38,161,4,1,0,0,16,9,0,152,3.3,378,15:07:00,0.2,5.2,5.4
Nicholas Baptiste,2017,2018,RW,47,7,3,10,-3,20,7,0,0,1,2,1,0,61,11.5,458,09:45:00,0.5,0.5,1.1
Alexander Barabanov,2021,2024,F,206,32,75,107,-58,52,26,6,0,4,57,18,0,313,10.2,3431,16:39:00,3.8,2.7,6.6
Ralph Barahona,1991,1992,C,6,2,2,4,3,0,2,0,0,0,1,1,0,5,40,NA,NA,0.3,0.2,0.4
Ivan Baranka,2008,2008,D,1,0,1,1,1,0,0,0,0,0,1,0,0,1,0,13,12:44:00,0.1,0.1,0.2
Ivan Barbashev,2017,2026,C,666,149,202,351,74,200,130,14,5,19,184,15,3,846,17.6,9874,14:50:00,21.5,14.1,35.6
Andy Barbe,1951,1951,RW,1,0,0,0,NA,2,0,0,0,0,0,0,0,NA,NA,NA,NA,0,0,0
Bill Barber,1973,1984,LW,903,420,463,883,312,623,285,104,31,54,267,176,20,3246,12.9,NA,NA,64.1,17.3,81.3
Don Barber,1989,1992,W,115,25,32,57,-6,64,18,7,0,4,23,9,0,195,12.8,NA,NA,1.7,1.6,3.3
Riley Barber,2017,2022,RW,16,0,0,0,-3,4,0,0,0,0,0,0,0,12,0,134,08:22:00,-0.4,0,-0.3
Mark Barberio,2013,2020,D,272,14,42,56,2,115,11,2,1,1,37,4,1,312,4.5,4437,16:19:00,2.1,9.1,11.2
Krys Barch,2007,2014,RW,381,12,23,35,-16,812,12,0,0,3,23,0,0,154,7.8,2430,06:23:00,-1.9,2.1,0.2
Zakhar Bardakov,2026,2026,C,59,1,9,10,6,14,1,0,0,0,9,0,0,34,2.9,421,07:08:00,-0.1,0.6,0.5
Cole Bardreau,2020,2023,F,11,1,1,2,-2,8,1,0,0,1,1,0,0,10,10,95,08:40:00,0,0,0.1
Bill Barilko,1947,1951,D,252,26,36,62,NA,456,20,3,3,2,26,10,0,NA,NA,NA,NA,4.3,18.6,22.9
Michal Barinka,2004,2006,D,34,0,2,2,-12,26,0,0,0,0,2,0,0,34,0,490,14:25:00,-0.4,0.1,-0.2
Cam Barker,2006,2013,D,310,21,75,96,-29,290,8,13,0,4,35,39,1,385,5.5,5306,17:07:00,6.3,8.9,15.1
Denver Barkey,2026,2026,C,43,5,12,17,-6,16,4,1,0,0,9,3,0,43,11.6,577,13:24:00,0.6,0.5,1
Doug Barkley,1958,1966,D,253,24,80,104,56,382,18,6,0,1,61,17,2,748,3.2,NA,NA,7.5,15.8,23.3
Aleksander Barkov,2014,2025,C,804,286,496,782,124,164,189,84,13,52,327,159,10,2097,13.6,16170,20:07:00,64.3,21.9,86.2
Bob Barlow,1970,1971,LW,77,16,17,33,-4,10,9,6,1,1,12,5,0,164,9.8,NA,NA,1.3,1,2.2
Matthew Barnaby,1993,2007,RW,834,113,187,300,5,2562,105,8,0,15,169,17,1,1006,11.2,7592,12:00:00,12.7,10.2,22.9
Blair Barnes,1983,1983,RW,1,0,0,0,0,0,0,0,0,0,0,0,0,0,NA,NA,NA,0,0,0
Norm Barnes,1977,1982,D,156,6,38,44,-10,178,6,0,0,1,34,4,0,182,3.3,NA,NA,0.5,6.8,7.3
Ryan Barnes,2004,2004,LW,2,0,0,0,0,0,0,0,0,0,0,0,0,0,NA,5,02:22:00,0,0,0
Stu Barnes,1992,2008,C,1136,261,336,597,-24,438,172,78,11,50,235,90,11,2143,12.2,13802,17:40:00,33.2,20.5,53.7
Scott Barney,2003,2006,C,27,5,6,11,1,4,3,2,0,0,5,1,0,40,12.5,278,10:19:00,1,0.3,1.3
Murray Baron,1990,2004,D,988,35,94,129,-57,1309,32,3,0,3,83,4,7,761,4.6,9449,18:36:00,-5,39.5,34.5
Normand Baron,1984,1986,LW,27,2,0,2,-8,51,2,0,0,0,0,0,0,15,13.3,NA,NA,-0.8,0.2,-0.6
Dave Barr,1982,1994,RW,614,128,204,332,83,520,99,18,11,14,175,22,7,794,16.1,NA,NA,10.3,9.6,19.9
Doug Barrault,1993,1994,RW,4,0,0,0,-3,2,0,0,0,0,0,0,0,2,0,NA,NA,-0.2,0,-0.2
Alex Barré-Boulet,2021,2026,F,71,12,7,19,-11,16,8,4,0,0,6,1,0,89,13.5,842,11:51:00,0.7,0.5,1.2
Fred Barrett,1971,1984,D,745,25,123,148,-107,671,25,0,0,2,115,5,3,719,3.5,NA,NA,-1.8,37.1,35.4
John Barrett,1981,1988,D,488,20,77,97,-140,604,20,0,0,2,76,1,0,509,3.9,NA,NA,-1.6,18,16.4
Doug Barrie,1969,1972,D,158,10,42,52,-50,268,9,1,0,1,36,6,0,231,4.3,NA,NA,2.3,6.2,8.5
Len Barrie,1990,2001,C,184,19,45,64,6,290,18,0,1,3,39,6,0,165,11.5,1496,12:28:00,1.6,2.2,3.8
Tyson Barrie,2012,2025,D,822,110,398,508,-82,263,77,32,1,21,215,180,3,1774,6.2,17291,21:02:00,43.4,28.5,71.9
Justin Barron,2022,2026,D,207,18,34,52,-26,76,15,2,1,2,32,2,0,217,8.3,3453,16:41:00,2.6,5.8,8.4
Morgan Barron,2021,2026,C,321,41,42,83,22,111,36,0,5,7,38,2,2,426,9.6,3701,11:32:00,1.7,5.3,7
Ed Barry,1947,1947,LW,19,1,3,4,NA,2,1,0,0,0,3,0,0,NA,NA,NA,NA,-0.4,0.3,-0.1
Marty Barry,1928,1940,C,507,194,193,387,NA,231,90,20,0,25,121,15,1,NA,NA,NA,NA,48.2,9.5,57.7
Ray Barry,1952,1952,C,18,1,2,3,NA,6,1,0,0,0,2,0,0,NA,NA,NA,NA,-0.5,0.3,-0.2
Ľuboš Bartečko,1999,2003,LW,257,46,65,111,15,107,42,4,0,8,55,10,0,313,14.7,3342,13:00:00,7.5,4.2,11.7
Robin Bartel,1986,1987,D,41,0,1,1,-1,14,0,0,0,0,1,0,0,16,0,NA,NA,-0.8,2.1,1.3
Matt Bartkowski,2011,2021,D,256,8,40,48,-12,157,8,0,0,0,40,0,0,295,2.7,4402,17:12:00,0.7,8.4,9.1
Jim Bartlett,1955,1961,LW,191,34,23,57,-23,273,29,3,2,3,21,1,1,197,11.7,NA,NA,-0.1,2.1,2
Victor Bartley,2013,2016,D,121,1,22,23,5,61,1,0,0,0,22,0,0,76,1.3,1868,15:26:00,0.4,4.5,4.9
Cliff Barton,1930,1940,RW,85,10,11,21,NA,25,0,0,0,0,0,0,0,NA,NA,NA,NA,-1,0.1,-0.9
Peter Bartoš,2001,2001,LW,13,4,2,6,2,6,3,1,0,1,1,1,0,18,22.2,180,13:50:00,0.5,0.3,0.9
Milan Bartovič,2003,2006,RW,50,3,14,17,1,26,3,0,0,0,14,0,0,70,4.3,538,10:45:00,0.6,0.6,1.3
Oskars Bārtulis,2010,2011,D,66,1,8,9,-16,32,1,0,0,0,7,1,0,33,3,910,13:48:00,0,0.7,0.7
Mathew Barzal,2017,2026,C,611,153,381,534,20,313,127,26,0,25,254,127,0,1456,10.5,11634,19:02:00,36.4,14.9,51.3
Andrei Bashkirov,1999,2001,LW,30,0,3,3,-5,0,0,0,0,0,3,0,0,26,0,290,09:40:00,-0.5,0.2,-0.3
Cody Bass,2008,2017,C,75,2,3,5,-5,107,1,0,1,1,2,0,1,42,4.8,508,06:46:00,-0.7,0.3,-0.3
Bob Bassen,1986,2000,C,765,88,144,232,2,1004,81,2,5,10,137,2,5,833,10.6,1460,11:35:00,-2.9,9.1,6.3
Ryan Bast,1999,1999,D,2,0,1,1,0,0,0,0,0,0,1,0,0,1,0,27,13:24:00,0.1,0.1,0.1
Nathan Bastian,2019,2026,RW,312,39,36,75,-15,211,34,4,1,4,35,1,0,344,11.3,3504,11:14:00,1.5,3.6,5.1
Shawn Bates,1998,2008,C,465,72,126,198,-28,266,56,3,13,11,92,33,1,702,10.3,7046,15:09:00,8.8,6.2,15
Frank Bathe,1975,1983,D,224,3,28,31,22,542,3,0,0,0,27,1,0,188,1.6,NA,NA,-2.1,11.7,9.6
Drake Batherson,2019,2026,C,469,148,215,363,-87,197,91,57,0,22,123,92,0,1073,13.8,8277,17:39:00,27.6,6.8,34.3
Andy Bathgate,1953,1971,RW,1069,349,624,973,-60,624,265,78,6,35,388,233,3,2461,8.6,NA,NA,79,12.9,91.8
Frank Bathgate,1953,1953,C,2,0,0,0,NA,2,0,0,0,0,0,0,0,NA,NA,NA,NA,-0.1,0,-0.1
Bates Battaglia,1998,2008,LW,580,80,118,198,-34,385,67,11,2,12,105,13,0,752,10.6,8283,14:17:00,5.6,8.6,14.3
Jeff Batters,1994,1995,D,16,0,0,0,-4,28,0,0,0,0,0,0,0,4,0,NA,NA,-0.3,0.3,0
Ruslan Batyrshin,1996,1996,D,2,0,0,0,0,6,0,0,0,0,0,0,0,0,NA,NA,NA,0,0.1,0.1
Bobby Bauer,1937,1952,RW,327,123,136,259,NA,38,108,15,0,21,124,10,2,NA,NA,NA,NA,25,7.1,32.1
Ken Baumgartner,1988,1999,LW,696,13,41,54,-73,2242,13,0,0,1,40,0,1,290,4.5,827,05:28:00,-16.8,10.2,-6.6
Mike Baumgartner,1975,1975,D,17,0,0,0,-9,0,0,0,0,0,0,0,0,13,0,NA,NA,-0.3,0.9,0.5
Nolan Baumgartner,1996,2010,D,143,7,40,47,11,69,1,5,1,1,17,23,0,133,5.3,2097,14:46:00,3,5.5,8.4
Bob Baun,1957,1973,D,964,37,187,224,139,1489,36,1,0,3,171,14,2,1176,3,NA,NA,6.2,62.6,68.8
Kyle Baun,2015,2016,RW,5,0,0,0,-3,0,0,0,0,0,0,0,0,5,0,56,11:09:00,-0.2,-0.1,-0.2
Sergei Bautin,1993,1996,D,132,5,25,30,-15,176,5,0,0,0,22,3,0,121,4.1,NA,NA,-0.1,5.2,5.1
Robin Bawa,1990,1994,RW,61,6,1,7,-31,60,6,0,0,1,1,0,0,28,21.4,NA,NA,-1.3,0.1,-1.2
Paul Baxter,1980,1987,D,472,48,121,169,-63,1564,32,15,1,5,90,31,0,710,6.8,NA,NA,5.7,19.4,25
Ryan Bayda,2003,2009,LW,179,16,24,40,-20,94,16,0,0,2,20,4,0,244,6.6,2113,11:48:00,0,1.7,1.8
Gavin Bayreuther,2019,2023,D,122,5,23,28,-17,62,5,0,0,0,20,3,0,146,3.4,1859,15:14:00,0.9,3.1,4.1
Sandy Beadle,1981,1981,LW,6,1,0,1,-2,2,1,0,0,0,0,0,0,7,14.3,NA,NA,-0.1,0.1,0
Jay Beagle,2009,2022,RW/C,646,58,86,144,-28,250,54,0,4,13,82,0,4,669,8.7,8158,12:38:00,-1,7.8,6.7
Jake Bean,2019,2026,D,277,16,49,65,-26,100,15,1,0,2,39,9,1,325,4.9,4622,16:41:00,2.3,7.9,10.2
Ethan Bear,2018,2024,D,275,17,50,67,-14,112,15,2,0,6,46,3,1,368,4.6,5088,18:30:00,2,10.1,12
Frank Beaton,1979,1980,LW,25,1,1,2,-6,43,1,0,0,0,1,0,0,19,5.3,NA,NA,-0.8,0.1,-0.7
Red Beattie,1931,1939,LW,329,62,85,147,NA,134,39,5,0,11,55,7,0,NA,NA,NA,NA,11.3,6.7,18
François Beauchemin,2003,2018,D,903,76,212,288,14,490,56,20,0,14,143,62,7,1506,5,21278,23:34:00,13.7,46.5,60.2
J.C. Beaudin,2020,2020,C,22,0,1,1,-4,7,0,0,0,0,1,0,0,18,0,190,08:38:00,-0.4,0.1,-0.4
Nicolas Beaudin,2020,2022,D,22,2,4,6,1,2,2,0,0,0,3,1,0,10,20,291,13:14:00,0.5,0.7,1.2
Norm Beaudin,1968,1971,RW,25,1,2,3,-7,4,0,1,0,0,1,1,0,25,4,NA,NA,-0.7,0.2,-0.5
Eric Beaudoin,2002,2004,LW,53,3,8,11,-15,41,3,0,0,1,8,0,0,52,5.8,597,11:16:00,-0.1,0.1,0
Serge Beaudoin,1980,1980,D,3,0,0,0,-1,0,0,0,0,0,0,0,0,1,0,NA,NA,-0.1,0.1,0
Yves Beaudoin,1986,1988,D,11,0,0,0,-9,5,0,0,0,0,0,0,0,11,0,NA,NA,-0.2,0.1,-0.1
Mark Beaufait,1993,1993,C,5,1,0,1,-1,0,1,0,0,0,0,0,0,3,33.3,NA,NA,0,0.1,0
Nathan Beaulieu,2013,2023,D,471,12,86,98,-14,340,9,3,0,2,69,16,1,525,2.3,7680,16:18:00,2.2,16.6,18.8
Anthony Beauvillier,2017,2026,LW,713,146,153,299,-11,149,123,21,2,26,130,22,1,1369,10.7,10771,15:06:00,14.8,12.3,27.1
Barry Beck,1978,1990,D,615,104,251,355,31,1016,62,38,4,10,149,93,9,1478,7,NA,NA,21.4,32.8,54.2
Owen Beck,2023,2026,C,28,1,1,2,1,6,1,0,0,0,1,0,0,21,4.8,267,09:33:00,-0.5,0.3,-0.1
Taylor Beck,2013,2017,RW,92,11,12,23,-9,32,8,3,0,3,11,1,0,131,8.4,1148,12:29:00,0.6,0.8,1.5
Bob Beckett,1957,1964,C,68,7,6,13,-20,18,7,0,0,1,6,0,0,51,13.7,NA,NA,-1.3,0.6,-0.6
Adam Beckman,2022,2024,LW,23,0,3,3,-5,14,0,0,0,0,3,0,0,26,0,231,10:02:00,-0.4,0.1,-0.3
Connor Bedard,2024,2026,C,218,75,126,201,-99,142,53,22,0,12,77,49,0,627,12,4431,20:19:00,14.8,3,17.8
James Bedard,1950,1951,D,22,1,1,2,NA,8,1,0,0,0,1,0,0,NA,NA,NA,NA,-0.1,0.3,0.3
Clayton Beddoes,1996,1997,C,60,2,8,10,-6,57,2,0,0,0,8,0,0,29,6.9,NA,NA,-1.3,0.5,-0.7
Jaroslav Bednář,2002,2004,RW,102,10,25,35,-1,30,7,3,0,3,24,1,0,134,7.5,1351,13:15:00,1.2,1.6,2.8
John Bednarski,1975,1980,D,100,2,18,20,-19,114,2,0,0,0,15,2,1,112,1.8,NA,NA,-0.2,4,3.7
Kris Beech,2001,2008,C,198,25,42,67,-37,113,18,7,0,0,26,16,0,263,9.5,2484,12:33:00,2.8,1.2,4.1
John Beecher,2024,2026,C,165,13,15,28,-21,81,12,0,1,1,14,0,1,119,10.9,1798,10:54:00,-0.9,1.4,0.5
Bob Beers,1990,1997,D,258,28,79,107,-76,225,13,15,0,0,38,40,1,455,6.2,NA,NA,5.7,8.4,14.2
Eddy Beers,1982,1986,LW,250,94,116,210,20,256,55,39,0,7,92,24,0,576,16.3,NA,NA,11.5,3.2,14.7
Steve Bégin,1998,2013,C,524,56,52,108,-21,561,49,2,5,9,46,1,5,721,7.8,5933,11:19:00,0.4,6.2,6.6
Dick Behling,1941,1943,D,5,1,0,1,NA,0,1,0,0,0,0,0,0,NA,NA,NA,NA,0,0.5,0.5
Frank Beisler,1937,1940,D,2,0,0,0,NA,0,0,0,0,0,0,0,0,NA,NA,NA,NA,0,0.1,0
Derek Bekar,2000,2004,LW,11,0,0,0,-1,6,0,0,0,0,0,0,0,7,0,72,06:35:00,-0.2,0,-0.2
Wade Belak,1997,2011,RW,549,8,25,33,-38,1263,8,0,0,1,25,0,0,212,3.8,3949,07:16:00,-1.1,5.1,4
Alain Belanger,1978,1978,RW,9,0,1,1,0,6,0,0,0,0,1,0,0,2,0,NA,NA,-0.3,0.1,-0.2
Éric Bélanger,2001,2013,C,820,138,220,358,-24,361,100,28,10,19,168,48,4,1350,10.2,13352,16:17:00,14.8,14.1,28.9
Francis Bélanger,2001,2001,LW,10,0,0,0,-3,29,0,0,0,0,0,0,0,2,0,45,04:30:00,-0.1,-0.1,-0.2
Jesse Bélanger,1992,2001,C,246,59,76,135,-20,56,34,25,0,8,42,34,0,408,14.5,241,08:37:00,8,2.8,10.8
Ken Belanger,1995,2006,LW,248,11,12,23,-19,695,11,0,0,2,12,0,0,112,9.8,1096,04:59:00,-1.6,1.4,-0.2
Roger Belanger,1985,1985,C,44,3,5,8,-13,32,3,0,0,0,3,2,0,65,4.6,NA,NA,-0.9,0.3,-0.6
Matt Beleskey,2009,2019,LW,477,76,82,158,-11,440,67,9,0,15,69,11,2,841,9,6277,13:10:00,8.6,6.1,14.6
Danny Belisle,1961,1961,RW,4,2,0,2,3,0,2,0,0,0,0,0,0,8,25,NA,NA,0.2,0,0.2
Jean Béliveau,1951,1971,C,1125,507,712,1219,117,1033,334,173,0,83,441,269,2,2627,11.4,NA,NA,116.8,21.3,138.1
Billy Bell,1918,1924,C/RW,67,3,3,6,NA,12,NA,NA,NA,0,NA,NA,NA,NA,NA,NA,NA,-4.6,2.3,-2.4
Brendan Bell,2006,2012,D,102,7,21,28,-19,51,1,6,0,1,10,11,0,127,5.5,1611,15:47:00,1.8,2.1,3.9
Bruce Bell,1985,1990,D,209,12,64,76,27,113,7,5,0,2,38,26,0,275,4.4,NA,NA,1.9,12.6,14.5
Huddy Bell,1947,1947,RW/D,1,0,1,1,NA,0,0,0,0,0,1,0,0,NA,NA,NA,NA,0.1,0.1,0.1
Joe Bell,1943,1947,LW,62,8,9,17,NA,18,7,1,0,0,9,0,0,NA,NA,NA,NA,-0.8,0.8,0
Mark Bell,2001,2012,C,450,87,95,182,-45,602,67,17,3,5,69,26,0,848,10.3,6487,14:25:00,9.9,5.6,15.5
Neil Belland,1982,1987,D,109,13,32,45,-18,54,9,4,0,1,17,15,0,166,7.8,NA,NA,1.9,5.1,7
Shawn Belle,2007,2011,D,20,0,1,1,1,2,0,0,0,0,1,0,0,12,0,265,13:15:00,-0.2,0.7,0.5
Blake Bellefeuille,2002,2003,C,5,0,1,1,1,0,0,0,0,0,1,0,0,2,0,38,07:33:00,0,0.1,0.1
Pete Bellefeuille,1926,1930,RW,92,26,6,32,NA,56,NA,NA,NA,5,NA,NA,NA,NA,NA,NA,NA,3.9,1.4,5.2
Pierre-Édouard Bellemare,2015,2024,LW,700,64,74,138,22,182,57,0,7,4,68,0,6,809,7.9,8783,12:33:00,-3.9,10.6,6.7
Andy Bellemer,1933,1933,D,15,0,0,0,NA,0,NA,NA,NA,0,NA,NA,NA,NA,NA,NA,NA,-0.3,0.9,0.6
Brett Bellemore,2013,2015,D,121,4,16,20,-2,79,4,0,0,1,16,0,0,83,4.8,2031,16:47:00,0.2,5.1,5.2
Brian Bellows,1983,1999,LW,1188,485,537,1022,-120,718,274,198,13,58,311,217,9,3587,13.5,1336,15:21:00,70.1,13,83.1
Kieffer Bellows,2020,2025,LW,114,16,16,32,-12,37,16,0,0,6,10,6,0,169,9.5,1248,10:57:00,1.3,1.3,2.6
Anton Belov,2014,2014,D,57,1,6,7,-12,34,1,0,0,0,4,2,0,54,1.9,951,16:41:00,-0.3,1.2,0.9
Louis Belpedio,2018,2024,D,16,2,4,6,6,0,2,0,0,1,4,0,0,14,14.3,214,13:24:00,0.5,1,1.5
Alex Belzile,2021,2023,F,44,6,9,15,-1,17,6,0,0,0,9,0,0,56,10.7,512,11:38:00,0.6,0.5,1.1
Emil Bemström,2020,2025,C,242,34,41,75,-25,30,21,13,0,6,34,7,0,378,9,2782,11:30:00,3,2.5,5.5
Lin Bend,1943,1943,C,8,3,1,4,NA,2,3,0,0,0,1,0,0,NA,NA,NA,NA,0.1,0,0.1
Jan Benda,1998,1998,C,9,0,3,3,1,6,0,0,0,0,3,0,0,8,0,83,09:15:00,0,0.2,0.1
Matty Beniers,2022,2026,C,329,82,114,196,-5,59,59,23,0,8,89,24,1,595,13.8,6002,18:15:00,10.6,7.1,17.6
Jamie Benn,2010,2026,LW,1251,414,577,991,88,932,287,111,16,65,405,159,13,3113,13.3,21890,17:30:00,87.6,27.8,115.4
Jordie Benn,2012,2023,D,607,26,111,137,19,244,23,3,0,6,102,5,4,671,3.9,10605,17:28:00,4.4,21.5,25.9
Adam Bennett,1992,1994,D,69,3,8,11,-9,69,2,1,0,0,4,4,0,78,3.8,NA,NA,-0.3,3.1,2.8
Beau Bennett,2013,2018,RW,200,24,40,64,-2,52,21,3,0,5,33,7,0,297,8.1,2561,12:48:00,2.7,3,5.7
Bill Bennett,1979,1980,LW,31,4,7,11,5,65,2,2,0,0,7,0,0,19,21.1,NA,NA,-0.1,0.5,0.3
Curt Bennett,1971,1980,LW,580,152,182,334,-71,347,128,23,1,25,153,28,1,1228,12.4,NA,NA,15.4,7.1,22.5
Frank Bennett,1944,1944,LW/D,7,0,1,1,NA,2,0,0,0,0,1,0,0,NA,NA,NA,NA,-0.3,0.2,-0.2
Harvey Bennett,1975,1979,C,268,44,46,90,-91,347,41,3,0,4,44,2,0,283,15.5,NA,NA,-0.2,1.1,0.9
Max Bennett,1936,1936,RW,1,0,0,0,NA,0,0,0,0,0,0,0,0,NA,NA,NA,NA,-0.1,0,0
Rick Bennett,1990,1992,LW,15,1,1,2,-6,13,1,0,0,0,1,0,0,11,9.1,NA,NA,-0.3,0,-0.3
Sam Bennett,2015,2026,C,767,188,206,394,-31,752,149,39,0,30,163,41,2,1766,10.6,12041,15:42:00,25,12,37
Brian Benning,1985,1995,D,568,63,233,296,-43,963,32,31,0,8,122,109,2,1014,6.2,NA,NA,15.6,26.2,41.8
Jim Benning,1982,1990,D,605,52,191,243,-77,461,29,21,2,5,98,91,2,799,6.5,NA,NA,9,26.9,35.9
Matt Benning,2017,2026,D,465,17,85,102,-21,239,16,1,0,2,75,6,4,494,3.4,7719,16:36:00,2.6,15.3,17.9
Michael Benning,2026,2026,D,17,0,4,4,-6,2,0,0,0,0,3,1,0,13,0,283,16:38:00,0,0.2,0.3
André Benoit,2011,2016,D,181,11,37,48,-20,60,8,2,1,4,26,10,1,225,4.9,3370,18:37:00,2.4,5.6,8
Joe Benoit,1941,1947,RW,185,75,69,144,NA,94,62,13,0,8,46,23,0,NA,NA,NA,NA,10,2.9,12.9
Simon Benoit,2021,2026,D,351,6,30,36,-40,240,6,0,0,0,29,0,1,288,2.1,5997,17:05:00,-3.3,9.1,5.8
Bill Benson,1941,1942,C,69,11,24,35,NA,35,9,2,0,1,19,5,0,NA,NA,NA,NA,0.9,0.6,1.5
Bobby Benson,1925,1925,D,8,0,2,2,NA,4,NA,NA,NA,0,NA,NA,NA,NA,NA,NA,NA,-0.2,0,-0.2
Tyler Benson,2020,2023,LW,38,1,2,3,-6,18,1,0,0,0,2,0,0,23,4.3,333,08:46:00,-0.5,0.1,-0.4
Zach Benson,2024,2026,LW,210,33,66,99,20,138,29,4,0,5,58,7,1,330,10,3150,15:00:00,4.4,4,8.4
Sean Bentivoglio,2009,2009,LW,1,0,0,0,0,2,0,0,0,0,0,0,0,2,0,12,11:31:00,0,0,0
Doug Bentley,1940,1954,LW,565,219,324,543,NA,217,178,39,2,28,244,77,3,NA,NA,NA,NA,42.5,6.4,48.9
Max Bentley,1941,1954,C,646,245,299,544,NA,177,180,64,1,38,180,118,1,NA,NA,NA,NA,46.6,10,56.6
Reg Bentley,1943,1943,LW,11,1,2,3,NA,2,1,0,0,0,2,0,0,NA,NA,NA,NA,-0.3,0.2,-0.1
Ladislav Benýšek,1998,2003,D,161,3,12,15,-28,74,2,1,0,0,9,3,0,99,3,2912,18:05:00,-1.2,5.2,4
Paul Beraldo,1988,1989,RW,10,0,0,0,-5,4,0,0,0,0,0,0,0,2,0,NA,NA,-0.4,0,-0.4
Josef Beránek,1992,2001,LW/C,531,118,144,262,-44,398,94,24,0,9,110,34,0,1122,10.5,3124,15:05:00,13.1,4.7,17.8
Brett Berard,2025,2026,LW,48,6,4,10,-7,14,6,0,0,1,4,0,0,69,8.7,512,10:40:00,0.1,0.3,0.5
Bryan Berard,1997,2008,D,619,76,247,323,-98,500,34,41,1,13,125,121,1,1372,5.5,11289,21:01:00,28.4,17,45.4
Drake Berehowsky,1991,2004,D,549,37,112,149,-48,848,21,16,0,7,58,53,1,550,6.7,8035,19:08:00,7,22.2,29.2
Red Berenson,1962,1978,C,987,261,397,658,-124,303,176,73,12,38,251,136,10,2504,10.4,NA,NA,38.9,12.2,51.1
Andy Berenzweig,2000,2003,D,37,3,7,10,-4,14,3,0,0,1,5,2,0,35,8.6,523,14:08:00,0.9,1,1.8
Perry Berezan,1985,1993,C,378,61,75,136,-4,279,44,6,11,8,68,1,6,592,10.3,NA,NA,0.1,4.7,4.8
Sergei Berezin,1997,2003,LW,502,160,126,286,29,54,116,43,1,23,104,21,1,1503,10.6,6672,15:33:00,24.9,8.2,33
Aki Berg,1996,2006,D,606,15,70,85,-12,374,10,5,0,3,63,5,2,518,2.9,8634,16:48:00,-1.2,20.5,19.3
Bill Berg,1989,1999,LW,546,55,67,122,-49,488,47,2,6,9,61,2,4,692,7.9,1380,12:26:00,-5.6,5.7,0.1
Fred Bergdinon,1926,1926,RW,2,0,0,0,NA,0,NA,NA,NA,0,NA,NA,NA,NA,NA,NA,NA,-0.1,0,-0.1
Todd Bergen,1985,1985,C,14,11,5,16,9,4,8,3,0,3,3,2,0,39,28.2,NA,NA,1.4,0.4,1.7
Sean Bergenheim,2004,2015,LW,506,96,84,180,-42,379,77,11,8,15,77,6,1,1180,8.1,7030,13:54:00,10.4,6.3,16.6
Mike Berger,1988,1989,D,30,3,1,4,-20,67,0,3,0,0,1,0,0,41,7.3,NA,NA,-0.1,0.4,0.3
Marc-André Bergeron,2003,2013,D,490,82,153,235,-12,214,38,44,0,14,72,80,1,951,8.6,8702,17:46:00,23.7,18.9,42.6
Michel Bergeron,1975,1979,RW,229,80,58,138,-37,165,63,17,0,12,49,9,0,537,14.9,NA,NA,8,2.6,10.6
Patrice Bergeron,2004,2023,C,1294,427,613,1040,289,494,274,131,22,81,392,195,26,3974,10.7,24174,18:41:00,87.4,38.2,125.5
Yves Bergeron,1975,1977,RW,3,0,0,0,-3,0,0,0,0,0,0,0,0,2,0,NA,NA,-0.1,-0.1,-0.2
Marc Bergevin,1985,2004,D,1191,36,145,181,-70,1090,29,5,2,3,125,12,8,821,4.4,7458,18:04:00,-5.4,51.9,46.5
Niclas Bergfors,2008,2012,RW,173,35,48,83,-23,20,23,12,0,8,36,12,0,389,9,2458,14:12:00,5.8,1.9,7.7
Jonatan Berggren,2023,2026,RW,204,37,43,80,-31,44,26,11,0,3,37,6,0,258,14.3,2695,13:13:00,3.9,2.3,6.3
Stefan Bergkvist,1996,1997,D,7,0,0,0,-1,9,0,0,0,0,0,0,0,4,0,NA,NA,-0.1,0.1,0
Tim Bergland,1990,1994,RW,182,17,26,43,-22,75,17,0,0,0,25,0,1,188,9,NA,NA,-2.2,2.2,-0.1
Bob Bergloff,1983,1983,D,2,0,0,0,-1,5,0,0,0,0,0,0,0,1,0,NA,NA,0,0.1,0
Bo Berglund,1984,1986,RW,130,28,39,67,5,40,26,2,0,3,28,11,0,152,18.4,NA,NA,1.5,1.5,3.1
Christian Berglund,2002,2004,LW,86,11,16,27,-6,42,11,0,0,0,14,2,0,122,9,955,11:06:00,1.5,0.9,2.4
Patrik Berglund,2009,2019,C,717,170,156,326,5,248,126,39,5,28,113,42,1,1368,12.4,11317,15:47:00,22.4,14.1,36.5
Gary Bergman,1965,1976,D,838,68,299,367,-44,1251,49,15,4,11,221,66,12,1563,4.4,NA,NA,22.2,40.6,62.8
Thommie Bergman,1973,1980,D,246,21,44,65,-38,243,16,4,1,3,35,9,0,379,5.5,NA,NA,2,11.3,13.3
Lean Bergmann,2020,2021,F,13,0,1,1,-7,8,0,0,0,0,1,0,0,12,0,110,08:26:00,-0.2,-0.1,-0.3
Jonas Bergqvist,1990,1990,RW,22,2,5,7,10,10,2,0,0,0,5,0,0,30,6.7,NA,NA,-0.2,0.5,0.3
Louis Berlinguette,1918,1926,LW,193,45,32,77,NA,132,NA,NA,NA,7,NA,NA,NA,NA,NA,NA,NA,-3.2,5.7,2.5
Jacob Bernard-Docker,2021,2026,D,207,7,22,29,-1,82,7,0,0,0,21,0,1,158,4.4,3098,14:58:00,-0.3,7,6.7
Tim Berni,2023,2023,D,59,1,2,3,-26,34,1,0,0,0,2,0,0,58,1.7,1001,16:58:00,-0.8,0.6,-0.3
Serge Bernier,1969,1981,RW,302,78,119,197,-59,234,60,18,0,11,72,46,1,792,9.8,NA,NA,10.8,3.2,14
Steve Bernier,2006,2018,RW,637,105,125,230,-15,300,78,26,1,13,95,30,0,992,10.6,8427,13:14:00,11.8,9.8,21.6
Bob Berry,1969,1977,LW,541,159,191,350,-7,344,118,41,0,19,165,26,0,926,17.2,NA,NA,20.3,8.1,28.4
Brad Berry,1986,1994,D,241,4,28,32,-15,323,4,0,0,0,27,0,1,169,2.4,NA,NA,-2.3,12,9.7
Doug Berry,1980,1981,C,121,10,33,43,-38,24,8,0,2,1,27,6,0,110,9.1,NA,NA,-0.9,1.2,0.3
Fred Berry,1977,1977,C,3,0,0,0,-3,0,0,0,0,0,0,0,0,4,0,NA,NA,-0.1,0,-0.2
Ken Berry,1982,1989,LW,55,8,10,18,1,30,6,1,1,0,9,1,0,63,12.7,NA,NA,-0.3,0.6,0.3
Rick Berry,2001,2004,D,197,2,13,15,-6,314,2,0,0,1,13,0,0,142,1.4,2360,11:59:00,-0.7,4.7,3.9
Adam Berti,2008,2008,LW,2,0,0,0,0,0,0,0,0,0,0,0,0,1,0,20,10:07:00,-0.1,0,0
Éric Bertrand,2000,2001,LW,15,0,0,0,-6,4,0,0,0,0,0,0,0,12,0,124,08:14:00,-0.3,-0.1,-0.4
Christoph Bertschy,2016,2018,C,9,0,1,1,1,8,0,0,0,0,1,0,0,8,0,67,07:26:00,-0.1,0.1,0
Todd Bertuzzi,1996,2014,RW,1159,314,456,770,-44,1478,203,110,1,41,327,128,1,2411,13,16596,17:34:00,58.7,18.7,77.4
Tyler Bertuzzi,2017,2026,LW,566,168,196,364,-94,341,121,46,1,18,144,51,1,1107,15.2,9721,17:10:00,25.5,8.8,34.3
Craig Berube,1987,2003,LW,1054,61,98,159,-81,3149,58,3,0,8,96,2,0,699,8.7,2855,06:59:00,-14.4,9.9,-4.5
Phil Besler,1936,1939,RW,30,1,4,5,NA,18,1,0,0,1,4,0,0,NA,NA,NA,NA,-0.9,0.5,-0.4
Pete Bessone,1938,1938,D,6,0,1,1,NA,6,0,0,0,0,1,0,0,NA,NA,NA,NA,0,0.3,0.3
John Bethel,1980,1980,LW,17,0,2,2,-3,4,0,0,0,0,1,1,0,12,0,NA,NA,-0.5,0.3,-0.3
Karel Bětík,1999,1999,D,3,0,2,2,-3,2,0,0,0,0,2,0,0,2,0,40,13:28:00,0.2,-0.1,0
Maxim Bets,1994,1994,LW,3,0,0,0,-3,0,0,0,0,0,0,0,0,1,0,NA,NA,-0.1,0,-0.2
Sam Bettio,1950,1950,LW,44,9,12,21,NA,34,8,1,0,1,12,0,0,NA,NA,NA,NA,1.1,0.5,1.5
Blair Betts,2002,2011,C,477,41,37,78,-18,118,32,3,6,7,34,1,2,537,7.6,5733,12:01:00,-4,6.2,2.2
Jeff Beukeboom,1987,1999,D,804,30,129,159,115,1890,27,3,0,3,108,10,11,550,5.5,1712,15:51:00,-0.9,42.4,41.5
Nick Beverley,1967,1980,D,502,18,94,112,-24,156,17,0,1,2,79,11,4,500,3.6,NA,NA,0.3,25.4,25.7
Goran Bezina,2004,2004,D,3,0,0,0,-1,2,0,0,0,0,0,0,0,0,NA,16,05:17:00,0,-0.1,-0.1
Dwight Bialowas,1974,1977,D,164,11,46,57,-20,46,1,10,0,1,24,22,0,216,5.1,NA,NA,2.1,8.5,10.6
Frank Bialowas,1994,1994,LW,3,0,0,0,0,12,0,0,0,0,0,0,0,1,0,NA,NA,-0.1,0.2,0.1
Wayne Bianchin,1974,1980,LW,276,68,41,109,-42,137,58,9,1,10,37,4,0,433,15.7,NA,NA,3.3,2.7,6.1
Radim Bičánek,1995,2002,D,122,1,11,12,-12,62,1,0,0,0,10,1,0,108,0.9,1363,14:21:00,-0.6,4,3.4
Jiří Bicek,2001,2004,RW,62,6,7,13,6,29,5,1,0,1,7,0,0,85,7.1,717,11:34:00,0,1.1,1.1
Lian Bichsel,2025,2026,D,87,8,9,17,8,78,8,0,0,3,9,0,0,65,12.3,1329,15:16:00,0.8,3.5,4.2
Stu Bickel,2012,2015,D,76,0,10,10,1,203,0,0,0,0,9,0,1,27,0,670,08:49:00,0.3,1.6,1.9
Bryan Bickell,2007,2017,LW,395,66,70,136,9,192,62,4,0,11,67,3,0,564,11.7,4776,12:06:00,9,5,14
Todd Bidner,1982,1982,LW,12,2,1,3,1,7,2,0,0,1,1,0,0,5,40,NA,NA,-0.2,0.2,0
Alex Biega,2015,2022,D,243,4,38,42,-26,122,4,0,0,2,36,1,1,336,1.2,3794,15:37:00,0.1,7.5,7.6
Danny Biega,2015,2015,D,10,0,2,2,-5,0,0,0,0,0,2,0,0,7,0,161,16:09:00,0,0.1,0.1
Kevin Bieksa,2006,2018,D,808,63,215,278,2,1124,41,22,0,14,139,73,3,1436,4.4,17453,21:36:00,15.9,39.4,55.3
Don Biggs,1985,1990,C,12,2,0,2,-4,8,1,1,0,0,0,0,0,14,14.3,NA,NA,-0.2,0,-0.1
Larry Bignell,1974,1974,D,20,0,3,3,-3,2,0,0,0,0,3,0,0,13,0,NA,NA,-0.2,0.9,0.7
Chris Bigras,2016,2018,D,46,1,3,4,-4,18,1,0,0,0,3,0,0,29,3.4,622,13:31:00,-0.2,1,0.8
Chad Billins,2014,2014,D,10,0,3,3,-3,0,0,0,0,0,3,0,0,3,0,122,12:13:00,0.2,0,0.2
Gilles Bilodeau,1980,1980,LW,9,0,1,1,-1,25,0,0,0,0,1,0,0,1,0,NA,NA,-0.3,0.1,-0.2
Jack Bionda,1956,1959,D,93,3,9,12,NA,111,3,0,0,1,9,0,0,NA,NA,NA,NA,-0.2,5.9,5.7
Brandon Biro,2022,2024,F,6,2,0,2,0,0,2,0,0,0,0,0,0,2,100,68,11:17:00,0.2,0.1,0.3
Mathieu Biron,2000,2006,D,253,12,32,44,-69,177,6,5,1,3,21,11,0,303,4,3975,15:43:00,1.7,3.3,4.9
Sébastien Bisaillon,2007,2007,D,2,0,0,0,-1,0,0,0,0,0,0,0,0,3,0,28,14:12:00,0,0,0
Jake Bischoff,2020,2020,D,4,0,0,0,-2,4,0,0,0,0,0,0,0,6,0,62,15:36:00,-0.1,0,-0.1
Mike Bishai,2004,2004,C,14,0,2,2,0,19,0,0,0,0,2,0,0,14,0,128,09:09:00,-0.1,0.1,0
Clark Bishop,2019,2025,C,53,2,7,9,-8,20,2,0,0,0,7,0,0,48,4.2,469,08:51:00,-0.2,0.3,0.1
Tom Bissett,1991,1991,C,5,0,0,0,-4,0,0,0,0,0,0,0,0,2,0,NA,NA,-0.2,-0.1,-0.3
Paul Bissonnette,2009,2014,LW,202,7,15,22,7,340,7,0,0,2,15,0,0,100,7,1071,05:18:00,0.1,1.4,1.6
Anthony Bitetto,2015,2021,D,197,3,28,31,-15,142,3,0,0,1,26,1,1,159,1.9,2599,13:12:00,0.4,4.4,4.7
William Bitten,2023,2023,C,4,0,1,1,1,0,0,0,0,0,1,0,0,0,NA,27,06:39:00,0,0.1,0.1
Byron Bitz,2009,2012,RW,97,10,12,22,-6,65,10,0,0,2,11,1,0,95,10.5,1042,10:44:00,0.4,1,1.4
Anders Bjork,2018,2023,LW,225,26,35,61,-17,44,23,3,0,0,33,1,1,221,11.8,2873,12:46:00,0.8,3,3.8
Marcus Björk,2023,2023,D,33,3,8,11,-9,42,2,1,0,0,3,5,0,34,8.8,599,18:09:00,0.6,0.8,1.4
Kasper Björkqvist,2022,2022,RW,6,1,0,1,-1,2,1,0,0,0,0,0,0,8,12.5,50,08:22:00,0,0,0.1
Oliver Bjorkstrand,2016,2026,RW,703,183,232,415,-54,134,136,47,0,19,175,57,0,1590,11.5,10842,15:25:00,29.6,10.5,40.1
Tobias Björnfot,2020,2026,D,152,3,16,19,-24,32,3,0,0,0,16,0,0,116,2.6,2399,15:47:00,-0.7,3.9,3.1
Nick Bjugstad,2013,2026,C,821,163,176,339,-26,377,137,22,4,21,141,34,1,1734,9.4,11884,14:28:00,19.4,11.7,31.1
Scott Bjugstad,1984,1992,RW,317,76,68,144,-37,144,56,18,2,14,44,22,2,554,13.7,NA,NA,3.3,2.9,6.2
James Black,1990,2001,LW,352,58,57,115,-8,84,49,7,2,12,46,8,3,557,10.4,2751,12:37:00,4,4.7,8.6
Steve Black,1950,1951,LW,113,11,20,31,NA,77,10,1,0,1,19,1,0,NA,NA,NA,NA,-0.7,1.4,0.7
Bob Blackburn,1969,1971,D,135,8,12,20,-12,105,8,0,0,2,11,1,0,142,5.6,NA,NA,-0.1,7.6,7.4
Don Blackburn,1963,1973,LW,185,23,44,67,-50,87,21,2,0,5,39,5,0,319,7.2,NA,NA,-0.1,2.1,2
Jesse Blacker,2015,2015,D,1,0,0,0,-2,0,0,0,0,0,0,0,0,0,NA,6,06:03:00,0,-0.2,-0.2
Colin Blackwell,2019,2026,C,368,45,61,106,-8,113,37,4,4,6,56,3,2,442,10.2,4529,12:18:00,2.2,5.4,7.6
Hank Blade,1947,1948,LW,24,2,3,5,NA,2,2,0,0,0,3,0,0,NA,NA,NA,NA,-0.5,0.1,-0.4
Tom Bladon,1973,1981,D,610,73,197,270,134,392,44,28,1,9,116,81,0,1192,6.1,NA,NA,15.8,37.1,52.9
Garry Blaine,1955,1955,RW,1,0,0,0,NA,0,0,0,0,0,0,0,0,NA,NA,NA,NA,0,0,0
Andy Blair,1929,1937,C,405,74,87,161,NA,325,17,6,2,14,24,6,1,NA,NA,NA,NA,12.2,7.7,19.9
Chuck Blair,1949,1949,RW,1,0,0,0,NA,0,0,0,0,0,0,0,0,NA,NA,NA,NA,0,0,0
Dusty Blair,1951,1951,C,2,0,0,0,NA,0,0,0,0,0,0,0,0,NA,NA,NA,NA,-0.1,0,0
Sammy Blais,2018,2026,LW,278,30,49,79,-4,132,29,1,0,4,48,1,0,261,11.5,3088,11:06:00,2.2,3.5,5.7
Mike Blaisdell,1981,1989,RW,343,70,84,154,-24,166,65,5,0,7,76,8,0,638,11,NA,NA,2,4.2,6.2
Bob Blake,1936,1936,LW,12,0,0,0,NA,0,0,0,0,0,0,0,0,NA,NA,NA,NA,-0.2,1.2,1
Jackson Blake,2024,2026,RW,162,39,48,87,12,70,31,8,0,9,37,11,0,318,12.3,2459,15:11:00,5.8,3.3,9
Jason Blake,1999,2012,LW,871,213,273,486,-23,455,155,49,9,31,197,66,10,2646,8,14148,16:15:00,33.7,13.2,46.9
Mickey Blake,1933,1936,LW/D,17,1,1,2,NA,4,1,0,0,0,1,0,0,NA,NA,NA,NA,0,1,1
Rob Blake,1990,2010,D,1270,240,537,777,-4,1679,100,136,4,41,279,243,15,3896,6.2,21961,24:54:00,67.3,60.3,127.5
Toe Blake,1935,1948,LW,577,235,294,529,NA,282,195,38,2,31,237,57,0,NA,NA,NA,NA,42.3,10.3,52.6
Nicolas Blanchard,2013,2013,LW,9,0,0,0,-2,20,0,0,0,0,0,0,0,6,0,78,08:41:00,-0.2,0,-0.2
Joseph Blandisi,2016,2020,C,101,10,21,31,-26,78,5,5,0,4,15,6,0,91,11,1275,12:37:00,1,0.7,1.7
Nick Blankenburg,2022,2026,D,175,17,40,57,-31,58,12,5,0,4,27,13,0,226,7.5,3190,18:14:00,3.3,5.5,8.9
Zdeněk Blatný,2003,2006,LW,25,3,0,3,-3,8,3,0,0,0,0,0,0,22,13.6,235,09:24:00,0,0.1,0.1
Joachim Blichfeld,2020,2021,W,8,1,0,1,-4,14,1,0,0,0,0,0,0,6,16.7,82,10:13:00,0,0,-0.1
Anton Blidh,2017,2026,LW,89,4,9,13,-13,43,4,0,0,0,9,0,0,87,4.6,851,09:34:00,-0.7,0.6,-0.1
Rick Blight,1976,1983,RW,326,96,125,221,-62,170,62,34,0,11,76,49,0,832,11.5,NA,NA,12,3.4,15.4
Russ Blinco,1934,1939,C,265,59,66,125,NA,24,44,12,3,11,52,11,3,NA,NA,NA,NA,9.8,4.3,14.1
Mário Bližňák,2010,2011,C,6,1,0,1,-1,0,1,0,0,0,0,0,0,2,50,43,07:15:00,0.1,0,0.1
Ken Block,1971,1971,D,1,0,0,0,-1,0,0,0,0,0,0,0,0,0,NA,NA,NA,0,0,0
Jeff Bloemberg,1989,1992,D,43,3,6,9,-2,25,1,2,0,1,2,4,0,38,7.9,NA,NA,0,2.3,2.4
Timo Blomqvist,1982,1987,D,243,4,53,57,24,293,3,1,0,1,41,12,0,268,1.5,NA,NA,-0.7,15.6,14.9
Arto Blomsten,1994,1996,D,25,0,4,4,-3,8,0,0,0,0,4,0,0,17,0,NA,NA,-0.2,1,0.8
Mike Bloom,1975,1977,LW,201,30,47,77,-82,215,28,2,0,2,41,6,0,278,10.8,NA,NA,0.1,1.3,1.4
Sylvain Blouin,1997,2003,LW,115,3,4,7,-20,336,3,0,0,0,4,0,0,71,4.2,925,08:29:00,-1.7,0.7,-1
Teddy Blueger,2019,2026,C,452,58,111,169,8,186,47,1,10,6,103,0,8,604,9.6,6580,14:33:00,4,7.8,11.8
John Blum,1983,1990,D,250,7,34,41,8,610,7,0,0,1,34,0,0,124,5.6,NA,NA,-1.7,13.9,12.2
Jonathon Blum,2011,2015,D,110,7,17,24,-11,22,6,1,0,2,17,0,0,83,8.4,1715,15:36:00,1.4,2.9,4.3
Matěj Blümel,2023,2026,RW,17,2,0,2,-6,0,2,0,0,0,0,0,0,21,9.5,161,09:27:00,-0.1,0,-0.1
Mike Blunden,2007,2018,RW,127,7,6,13,-6,145,7,0,0,1,6,0,0,110,6.4,1111,08:45:00,-0.9,1,0.1
Brandon Bochenski,2006,2010,RW,156,28,40,68,1,54,21,7,0,2,33,7,0,264,10.6,1884,12:05:00,4.6,2.2,6.7
Bob Bodak,1988,1990,LW,4,0,0,0,-2,29,0,0,0,0,0,0,0,1,0,NA,NA,-0.2,0,-0.2
Gregg Boddy,1972,1976,D,273,23,44,67,-42,263,19,3,1,4,42,1,1,247,9.3,NA,NA,1.9,12.1,14
Doug Bodger,1985,2000,D,1071,106,422,528,-35,1007,44,61,1,10,173,236,13,2037,5.2,1458,18:41:00,28.5,50.9,79.4
Troy Bodie,2009,2015,RW,159,9,12,21,-9,172,8,0,1,1,12,0,0,158,5.7,1359,08:33:00,-0.5,1,0.5
Gus Bodnar,1944,1955,C,667,142,255,397,NA,207,118,17,7,15,214,38,3,NA,NA,NA,NA,20.6,7.6,28.2
Andrew Bodnarchuk,2010,2016,D,42,0,4,4,-9,16,0,0,0,0,4,0,0,9,0,493,11:45:00,-0.2,0.3,0.1
Ron Boehm,1968,1968,LW,16,2,1,3,-5,10,1,1,0,0,1,0,0,18,11.1,NA,NA,-0.3,0.2,-0.1
Garth Boesch,1947,1950,D,197,9,28,37,NA,203,8,1,0,2,24,4,0,NA,NA,NA,NA,1,13.6,14.6
Brock Boeser,2017,2026,RW,628,226,256,482,-80,150,145,79,2,31,169,86,1,1610,14,11569,18:25:00,38.4,10.9,49.3
Zach Bogosian,2009,2026,D,970,66,183,249,-69,839,54,9,3,6,152,27,4,1581,4.2,19057,19:39:00,10.6,34.3,44.9
Eric Boguniecki,2000,2007,C,178,34,42,76,14,105,26,7,1,7,32,10,0,223,15.2,2235,12:33:00,5.3,3,8.3
Rick Boh,1988,1988,C,8,2,1,3,1,4,2,0,0,0,1,0,0,8,25,NA,NA,0.1,0.2,0.2
Lonny Bohonos,1996,1999,RW,83,19,16,35,-7,22,17,2,0,1,12,4,0,133,14.3,96,13:47:00,2.1,0.6,2.6
Alexandre Boikov,2000,2001,D,10,0,0,0,-1,15,0,0,0,0,0,0,0,4,0,67,06:45:00,-0.1,0.1,0
Marc Boileau,1962,1962,C,55,5,6,11,-18,8,3,2,0,1,6,0,0,55,9.1,NA,NA,-1.1,0.7,-0.4
Patrick Boileau,1997,2004,D,48,5,11,16,-13,26,2,3,0,1,8,3,0,66,7.6,727,15:28:00,1.5,0.3,1.8
Rene Boileau,1926,1926,C,7,0,0,0,NA,0,NA,NA,NA,0,NA,NA,NA,NA,NA,NA,NA,-0.5,0.1,-0.4
Fred Boimistruck,1982,1983,D,83,4,14,18,6,45,4,0,0,1,14,0,0,74,5.4,NA,NA,-0.1,4.2,4.1
Danny Bois,2007,2007,RW,1,0,0,0,0,7,0,0,0,0,0,0,0,1,0,4,03:53:00,0,0,0
Sacha Boisvert,2026,2026,F,7,1,1,2,-1,9,1,0,0,1,1,0,0,6,16.7,65,09:15:00,0.1,0.1,0.2
Serge Boisvert,1983,1988,RW,46,5,7,12,-11,6,5,0,0,0,6,1,0,59,8.5,NA,NA,-0.6,0.4,-0.2
Claude Boivin,1992,1995,LW,132,12,19,31,-25,364,12,0,0,1,19,0,0,84,14.3,NA,NA,-1.7,1,-0.7
Leo Boivin,1952,1970,D,1150,72,250,322,-212,1196,57,10,5,7,209,32,9,1344,3.9,NA,NA,16.1,53.5,69.6
Mike Boland,1975,1975,RW,2,0,0,0,0,0,0,0,0,0,0,0,0,3,0,NA,NA,-0.1,0,-0.1
Mike Boland,1975,1979,D,23,1,2,3,5,29,1,0,0,0,2,0,0,17,5.9,NA,NA,-0.2,1.6,1.4
Ivan Boldirev,1971,1985,C,1052,361,505,866,-197,507,256,102,3,42,350,155,0,2515,14.4,NA,NA,52,10.7,62.7
Alexandre Bolduc,2009,2015,C,65,2,3,5,-7,44,2,0,0,1,3,0,0,63,3.2,532,08:11:00,-0.8,0.2,-0.5
Danny Bolduc,1979,1984,LW,102,22,19,41,-22,33,17,5,0,4,17,2,0,137,16.1,NA,NA,0.8,1,1.8
Michel Bolduc,1982,1983,D,10,0,0,0,2,6,0,0,0,0,0,0,0,5,0,NA,NA,-0.2,0.5,0.3
Samuel Bolduc,2023,2025,D,52,4,4,8,0,8,3,1,0,1,4,0,0,52,7.7,698,13:25:00,0.3,1.4,1.7
Zachary Bolduc,2024,2026,C,175,36,39,75,14,71,26,10,0,3,31,8,0,259,13.9,2286,13:04:00,4.5,3,7.5
Matt Boldy,2022,2026,LW,361,144,185,329,42,178,102,38,4,27,111,74,0,1120,12.9,6867,19:01:00,27.2,9.6,36.8
Buzz Boll,1934,1944,LW,437,133,130,263,NA,186,110,19,4,17,113,16,1,NA,NA,NA,NA,18.6,6.3,24.9
Jared Boll,2008,2018,RW,579,28,38,66,-52,1298,27,1,0,5,37,1,0,380,7.4,4382,07:34:00,-2.2,2.7,0.5
Dave Bolland,2007,2016,C,433,85,123,208,34,299,62,16,7,10,93,27,3,622,13.7,7010,16:11:00,12.2,8.1,20.3
Brandon Bollig,2012,2016,LW,241,10,13,23,-23,392,10,0,0,1,13,0,0,282,3.5,2184,09:04:00,-2.5,1,-1.5
Larry Bolonchuk,1973,1978,D,74,3,9,12,-43,97,3,0,0,0,9,0,0,59,5.1,NA,NA,-0.3,1.3,1
Hugh Bolton,1950,1957,D,235,10,51,61,NA,221,8,2,0,3,39,11,1,NA,NA,NA,NA,3.2,17.1,20.2
Brad Bombardir,1998,2004,D,356,8,46,54,-5,127,6,2,0,1,38,6,2,294,2.7,6640,18:39:00,-0.8,16.9,16.1
Dan Bonar,1981,1983,C,170,25,39,64,-12,208,20,4,1,3,34,2,3,202,12.4,NA,NA,-0.8,1.8,0.9
Peter Bondra,1991,2007,RW,1081,503,389,892,74,761,322,149,32,78,253,132,4,3531,14.2,11796,19:15:00,83.4,20.9,104.3
Brian Bonin,1999,2001,C,12,0,0,0,-5,0,0,0,0,0,0,0,0,9,0,130,10:50:00,-0.4,0,-0.4
Marcel Bonin,1953,1962,W,454,97,175,272,50,334,79,18,0,16,141,34,0,331,12.1,NA,NA,15.7,8.4,24
Nick Bonino,2010,2024,C,868,159,199,358,30,251,128,28,3,15,166,32,1,1314,12.1,13513,15:34:00,17.3,15.5,32.8
Oliver Bonk,2026,2026,D,1,1,1,2,1,0,1,0,0,0,1,0,0,1,100,16,16:28:00,0.3,0.1,0.4
Radek Bonk,1995,2009,C,969,194,303,497,-22,581,126,58,10,30,188,107,8,1633,11.9,12997,16:17:00,29,15.9,45
Ryan Bonni,2000,2000,D,3,0,0,0,-1,0,0,0,0,0,0,0,0,1,0,29,09:37:00,0,0,-0.1
Jason Bonsignore,1995,1999,C,79,3,13,16,-22,34,3,0,0,0,12,1,0,57,5.3,588,10:09:00,-0.7,0.3,-0.4
Dennis Bonvie,1995,2004,RW,92,1,2,3,-8,311,1,0,0,0,2,0,0,17,5.9,314,03:50:00,-0.9,0.3,-0.7
Jim Boo,1978,1978,D,6,0,0,0,-6,22,0,0,0,0,0,0,0,2,0,NA,NA,-0.1,0,-0.2
Derek Boogaard,2006,2011,LW,277,3,13,16,-12,589,3,0,0,1,13,0,0,75,4,1411,05:06:00,-2.1,1.5,-0.7
Buddy Boone,1958,1958,RW,34,5,3,8,NA,28,4,1,0,0,3,0,0,NA,NA,NA,NA,-0.3,0.5,0.2
Angus Booth,2026,2026,D,1,1,0,1,1,0,1,0,0,0,0,0,0,1,100,12,12:18:00,0.2,0.1,0.3
David Booth,2007,2018,LW,530,124,112,236,-31,216,101,23,0,19,90,20,2,1378,9,7795,14:43:00,17,7.5,24.5
George Boothman,1943,1944,C/D,58,17,19,36,NA,18,17,0,0,1,18,1,0,NA,NA,NA,NA,1,1.9,2.9
Darryl Bootland,2004,2008,RW,32,1,2,3,-3,85,1,0,0,1,2,0,0,20,5,178,05:34:00,-0.1,0.1,0
Adam Boqvist,2020,2026,D,272,27,76,103,-59,58,22,5,0,3,45,31,0,323,8.4,4502,16:33:00,7.3,5.3,12.6
Jesper Boqvist,2020,2026,C,386,50,55,105,-20,60,48,1,1,9,53,2,0,416,12,4649,12:03:00,2.3,4.8,7.1
Christian Bordeleau,1969,1972,C,205,38,65,103,7,82,31,5,2,9,53,11,1,405,9.4,NA,NA,4,3.2,7.2
J.P. Bordeleau,1972,1980,RW,519,97,126,223,-3,143,87,6,4,14,101,23,2,621,15.6,NA,NA,4.1,7.9,12
Patrick Bordeleau,2013,2015,LW,129,8,8,16,-8,185,8,0,0,1,8,0,0,61,13.1,858,06:39:00,0.3,0.5,0.7
Paulin Bordeleau,1974,1976,RW,183,33,56,89,-9,47,26,7,0,8,39,17,0,212,15.6,NA,NA,2.1,2.3,4.4
Sébastien Bordeleau,1996,2002,C,251,37,61,98,-31,118,29,3,5,4,49,9,3,425,8.7,2839,12:58:00,4,2.3,6.4
Thomas Bordeleau,2022,2025,C,44,6,12,18,-22,18,2,4,0,1,8,4,0,71,8.5,663,15:04:00,0.5,0.2,0.7
Casey Borer,2008,2010,D,16,1,2,3,-4,9,1,0,0,0,1,1,0,5,20,223,13:56:00,0.2,0.1,0.3
William Borgen,2019,2026,D,372,18,65,83,-4,227,17,0,1,3,65,0,0,381,4.7,6334,17:02:00,2,13.3,15.3
Andreas Borgman,2018,2021,D,55,3,10,13,2,32,3,0,0,0,10,0,0,53,5.7,741,13:28:00,0.8,1.6,2.3
Henrik Borgström,2018,2023,C,111,13,13,26,-31,28,10,3,0,0,8,5,0,104,12.5,1255,11:19:00,0.3,0.4,0.8
Jack Borotsik,1975,1975,C,1,0,0,0,0,0,0,0,0,0,0,0,0,0,NA,NA,NA,0,0,0
Mark Borowiecki,2012,2023,D,458,15,41,56,-22,848,14,0,1,0,41,0,0,367,4.1,6796,14:50:00,-0.9,12,11.1
Luciano Borsato,1991,1995,C,203,35,55,90,-19,113,26,7,2,6,43,10,2,250,14,NA,NA,1.9,2.4,4.2
Nikolai Borschevsky,1993,1996,RW,162,49,73,122,42,44,30,19,0,6,42,31,0,371,13.2,NA,NA,7.3,3.6,10.9
Robert Bortuzzo,2012,2025,D,577,20,56,76,37,533,20,0,0,3,54,0,2,525,3.8,8134,14:06:00,0,20,19.9
Laurie Boschman,1980,1993,C,1009,229,348,577,-129,2263,179,41,9,29,284,57,7,1575,14.5,NA,NA,19,9.1,28.1
Mike Bossy,1978,1987,RW,752,573,553,1126,380,210,385,180,8,80,354,198,1,2709,21.2,NA,NA,93.1,17.8,110.9
Helge Bostrom,1930,1933,D,96,3,3,6,NA,68,NA,NA,NA,3,NA,NA,NA,NA,NA,NA,NA,-1,8.6,7.6
Mark Botell,1982,1982,D,32,4,10,14,8,31,4,0,0,1,5,5,0,50,8,NA,NA,0.6,1.9,2.5
Tim Bothwell,1979,1989,D,501,28,93,121,36,382,25,2,1,5,84,7,2,495,5.7,NA,NA,0.4,28.4,28.9
Jason Botterill,1998,2004,LW,88,5,9,14,-16,89,2,3,0,2,8,1,0,73,6.8,905,10:17:00,-0.5,0.5,0
Cam Botting,1976,1976,RW,2,0,1,1,1,0,0,0,0,0,1,0,0,0,NA,NA,NA,0,0.1,0.1
Henry Boucha,1972,1977,C,247,53,49,102,-53,157,44,5,4,6,40,9,0,462,11.5,NA,NA,2.3,2.5,4.8
Butch Bouchard,1942,1956,D,786,49,144,193,NA,865,39,9,1,10,122,18,4,NA,NA,NA,NA,6.6,62.8,69.4
Dick Bouchard,1955,1955,RW,1,0,0,0,NA,0,0,0,0,0,0,0,0,NA,NA,NA,NA,0,0,0
Edmond Bouchard,1922,1929,LW/D,223,19,24,43,NA,133,NA,NA,NA,7,NA,NA,NA,NA,NA,NA,NA,-7.7,3.9,-3.8
Evan Bouchard,2019,2026,D,428,76,254,330,79,154,52,24,0,17,158,92,4,1083,7,9205,21:30:00,28.3,23.7,52
Joël Bouchard,1995,2006,D,364,22,53,75,-43,264,19,1,2,3,40,11,2,403,5.5,5453,19:20:00,2.6,12.5,15.1
Pierre Bouchard,1971,1982,D,595,24,82,106,107,433,23,0,1,2,82,0,0,525,4.6,NA,NA,-1.5,32.8,31.2
Pierre-Marc Bouchard,2003,2014,C,593,110,246,356,6,190,80,30,0,20,142,104,0,979,11.2,9151,15:26:00,23.5,12.5,36
Billy Boucher,1922,1928,RW,213,93,35,128,NA,419,NA,NA,NA,23,NA,NA,NA,NA,NA,NA,NA,17,4.8,21.8
Bobby Boucher,1924,1924,C,11,1,0,1,NA,0,NA,NA,NA,0,NA,NA,NA,NA,NA,NA,NA,-0.5,0.4,-0.1
Clarence Boucher,1927,1928,D,47,2,3,5,NA,137,NA,NA,NA,0,NA,NA,NA,NA,NA,NA,NA,-0.4,1.2,0.8
Frank Boucher,1922,1944,C,557,160,264,424,NA,110,40,8,1,25,85,19,0,NA,NA,NA,NA,53,11,64
Georges Boucher,1918,1932,D,450,118,87,205,NA,845,NA,NA,NA,24,NA,NA,NA,NA,NA,NA,NA,24.4,53,77.4
Philippe Boucher,1993,2009,D,748,94,206,300,57,702,50,42,2,17,120,81,5,1642,5.7,11915,21:08:00,22.6,43.2,65.7
Reid Boucher,2014,2019,C,133,20,22,42,-33,18,16,4,0,5,17,5,0,228,8.8,1638,12:19:00,2.4,0.9,3.3
Tyler Bouck,2001,2007,C,91,4,8,12,-9,93,3,0,1,1,8,0,0,69,5.8,771,08:28:00,-0.5,0.5,0
Bruce Boudreau,1977,1986,C,141,28,42,70,-6,46,27,1,0,3,35,6,1,173,16.2,NA,NA,1.9,1.7,3.5
André Boudrias,1964,1976,LW,662,151,340,491,-58,216,105,44,2,19,239,98,3,1504,10,NA,NA,26.9,8.7,35.6
Barry Boughner,1970,1971,LW,20,0,0,0,-3,11,0,0,0,0,0,0,0,12,0,NA,NA,-0.9,0.3,-0.6
Bob Boughner,1996,2006,D,630,15,57,72,27,1382,14,1,0,4,50,3,4,388,3.9,8471,16:14:00,-2.6,25.4,22.7
Francis Bouillon,2000,2014,D,776,32,117,149,-27,536,24,7,1,8,87,27,3,733,4.4,14085,18:09:00,3.1,29.5,32.6
Jesse Boulerice,2002,2009,RW,172,8,2,10,-17,333,8,0,0,0,2,0,0,65,12.3,819,04:46:00,-0.3,0.4,0.1
Eric Boulton,2001,2016,LW,654,31,48,79,-38,1421,30,1,0,2,48,0,0,452,6.9,4407,06:44:00,-0.7,3.1,2.5
Lance Bouma,2011,2018,C,357,30,46,76,-7,210,29,0,1,6,41,2,3,379,7.9,4231,11:51:00,-0.3,4.6,4.3
Josef Boumedienne,2002,2004,D,47,4,12,16,-13,36,2,2,0,1,3,9,0,52,7.7,1023,21:46:00,-0.3,0.7,0.4
Dan Bourbonnais,1982,1984,LW,59,3,25,28,-5,11,3,0,0,0,20,5,0,72,4.2,NA,NA,-0.2,0.8,0.6
Rick Bourbonnais,1976,1978,RW,71,9,15,24,-18,29,6,3,0,1,13,2,0,105,8.6,NA,NA,-0.2,0.7,0.5
Conrad Bourcier,1936,1936,C,6,0,0,0,NA,0,0,0,0,0,0,0,0,NA,NA,NA,NA,-0.3,0.1,-0.2
Jean Bourcier,1936,1936,LW,9,0,1,1,NA,0,0,0,0,0,1,0,0,NA,NA,NA,NA,-0.3,0.1,-0.2
Luc Bourdon,2007,2008,D,36,2,0,2,6,24,1,1,0,0,0,0,0,29,6.9,427,11:52:00,-0.1,1.5,1.5
Marc-Andre Bourdon,2012,2012,D,45,4,3,7,4,52,4,0,0,2,3,0,0,45,8.9,729,16:11:00,0.4,1.5,1.9
Xavier Bourgault,2026,2026,C,2,0,0,0,-1,0,0,0,0,0,0,0,0,3,0,12,05:58:00,0,0,-0.1
Leo Bourgeault,1927,1935,D,307,25,20,45,NA,336,4,1,0,6,3,0,0,NA,NA,NA,NA,2.5,22.3,24.9
Charlie Bourgeois,1982,1988,D,290,16,54,70,43,788,15,1,0,2,50,2,2,228,7,NA,NA,0.1,16.6,16.7
Bob Bourne,1975,1988,C,964,258,324,582,118,605,200,39,19,38,255,55,14,1741,14.8,NA,NA,23.4,13.6,37
Michael Bournival,2014,2018,LW,113,12,10,22,-6,24,11,1,0,2,8,2,0,135,8.9,1087,09:37:00,0.8,1,1.8
Chris Bourque,2008,2013,LW,51,2,6,8,-12,18,2,0,0,1,1,5,0,60,3.3,531,10:25:00,-0.4,0,-0.4
Gabriel Bourque,2012,2020,LW,413,40,63,103,-18,75,36,3,1,6,61,1,1,433,9.2,4896,11:51:00,1.9,4.7,6.6
Mavrik Bourque,2024,2026,C,155,30,35,65,12,28,28,2,0,2,29,6,0,228,13.2,2190,14:08:00,3.1,3,6.1
Phil Bourque,1984,1996,LW,477,88,111,199,-64,516,68,10,10,13,76,32,3,659,13.4,NA,NA,4.3,5.2,9.5
Ray Bourque,1980,2001,D,1612,410,1169,1579,527,1141,221,173,16,60,553,588,28,6209,6.6,8528,26:29:00,123.8,118.9,242.7
Rene Bourque,2006,2017,RW,725,163,153,316,-51,584,120,30,13,23,118,31,4,1559,10.5,11275,15:33:00,19.8,10.6,30.4
Ryan Bourque,2015,2015,C,1,0,0,0,-1,0,0,0,0,0,0,0,0,1,0,12,11:49:00,0,0,-0.1
Pat Boutette,1976,1985,C/RW,756,171,282,453,-111,1354,111,55,5,18,197,80,5,1125,15.2,NA,NA,15.6,7.4,23
Paul Boutilier,1982,1989,D,288,27,83,110,1,358,19,6,2,4,56,27,0,447,6,NA,NA,3.9,13.5,17.4
Jay Bouwmeester,2003,2020,D,1240,88,336,424,-17,635,63,25,0,8,219,110,7,1994,4.4,29848,24:04:00,19.6,63.4,83
Jason Bowen,1993,1998,D,77,2,6,8,12,109,2,0,0,1,6,0,0,61,3.3,14,03:31:00,-0.8,4,3.2
Shane Bowers,2023,2025,C,13,0,0,0,0,0,0,0,0,0,0,0,0,10,0,110,08:30:00,-0.3,0.1,-0.2
Madison Bowey,2018,2022,D,158,5,35,40,-22,104,5,0,0,1,34,1,0,165,3,2465,15:36:00,1.5,3.9,5.3
Bill Bowler,2001,2001,C,9,0,2,2,-3,8,0,0,0,0,0,2,0,3,0,88,09:44:00,0,0,0
Braeden Bowman,2026,2026,F,54,8,18,26,-16,12,6,2,0,2,16,2,0,75,10.7,763,14:08:00,1.2,0.4,1.6
Drayson Bowman,2010,2015,C/LW,179,15,18,33,-8,53,14,1,0,0,17,1,0,263,5.7,2005,11:12:00,-0.2,1.9,1.7
Kirk Bowman,1977,1978,LW,88,11,17,28,-7,19,9,2,0,2,14,3,0,102,10.8,NA,NA,-0.4,1.3,0.9
Ralph Bowman,1934,1940,D,281,8,17,25,NA,267,8,0,0,1,17,0,0,NA,NA,NA,NA,-1.6,17.5,15.9
Jack Bownass,1958,1962,D,80,3,7,10,-6,58,3,0,0,1,7,0,0,39,5.1,NA,NA,-0.1,3.8,3.7
Rick Bowness,1976,1981,RW,173,18,37,55,-75,191,16,2,0,3,36,1,0,150,12,NA,NA,-1.5,0.7,-0.8
Darryl Boyce,2008,2012,C,84,6,12,18,0,68,6,0,0,2,12,0,0,52,11.5,896,10:40:00,0.1,1,1.1
Johnny Boychuk,2008,2020,D,725,54,152,206,123,331,41,12,1,12,122,23,7,1547,3.5,14536,20:03:00,10.9,38.1,49
Zach Boychuk,2009,2015,C,127,12,18,30,-3,16,11,1,0,1,17,1,0,155,7.7,1348,10:37:00,0.8,1.5,2.3
Bill Boyd,1927,1930,RW,142,15,7,22,NA,74,NA,NA,NA,5,NA,NA,NA,NA,NA,NA,NA,-3.4,3,-0.4
Dustin Boyd,2007,2011,C,220,32,31,63,-17,41,30,1,1,8,25,4,2,248,12.9,2569,11:41:00,2.8,2.1,4.9
Irwin Boyd,1932,1944,RW,94,10,10,20,NA,29,7,1,0,0,9,0,0,NA,NA,NA,NA,-2,1.8,-0.3
Randy Boyd,1982,1989,D,257,20,67,87,-45,328,13,6,1,1,38,28,1,375,5.3,NA,NA,2.5,10.8,13.4
Travis Boyd,2018,2025,C,299,47,71,118,-27,74,42,5,0,7,58,13,0,280,16.8,4047,13:32:00,4.8,3.3,8.1
Wally Boyer,1966,1972,C,365,54,105,159,-12,161,43,10,1,2,79,24,2,589,9.2,NA,NA,3.2,6.4,9.6
Zac Boyer,1995,1996,RW,3,0,0,0,0,0,0,0,0,0,0,0,0,4,0,NA,NA,-0.1,0,-0.1
Brad Boyes,2004,2016,RW,822,211,294,505,-18,251,153,56,2,38,203,90,1,1796,11.7,13460,16:22:00,39,14.9,53.8
Darren Boyko,1989,1989,C,1,0,0,0,-1,0,0,0,0,0,0,0,0,0,NA,NA,NA,0,0,-0.1
Brian Boyle,2008,2022,C,871,141,111,252,-42,615,110,23,8,27,92,12,7,1478,9.5,11235,12:54:00,10.9,11.4,22.3
Dan Boyle,1999,2016,D,1093,163,442,605,-5,693,90,72,1,29,213,227,2,2231,7.3,25071,22:56:00,53.2,53.9,107.1
Nick Boynton,2000,2011,D,605,34,110,144,19,862,26,4,4,5,95,14,1,914,3.7,11314,18:42:00,6.5,23.5,30
Tyler Bozak,2010,2022,C,814,170,291,461,-95,236,110,51,9,23,218,70,3,1314,12.9,14199,17:27:00,29.1,11,40.1
Steve Bozek,1982,1992,LW/C,641,164,167,331,-41,309,131,22,11,22,141,17,9,1253,13.1,NA,NA,10.7,7.1,17.8
Philippe Bozon,1992,1995,LW,144,16,25,41,6,101,15,0,1,1,23,1,1,227,7,NA,NA,-0.9,2.3,1.4
John Brackenborough,1926,1926,LW/C,7,0,0,0,NA,0,NA,NA,NA,0,NA,NA,NA,NA,NA,NA,NA,-0.5,0.1,-0.4
Curt Brackenbury,1980,1983,RW,141,9,17,26,-30,226,9,0,0,1,16,1,0,66,13.6,NA,NA,-3.2,1,-2.2
Bart Bradley,1950,1950,C,1,0,0,0,NA,0,0,0,0,0,0,0,0,NA,NA,NA,NA,0,0,0
Brian Bradley,1986,1998,C,651,182,321,503,-66,528,126,54,2,27,197,123,1,1362,13.4,236,16:50:00,30.7,8.3,39
Chase Bradley,2025,2025,LW,2,0,0,0,0,0,0,0,0,0,0,0,0,0,NA,11,05:35:00,0,0,0
Lyle Bradley,1974,1977,C/RW,6,1,0,1,-2,2,0,1,0,0,0,0,0,10,10,NA,NA,-0.1,0.1,0
Matt Bradley,2001,2012,RW,675,59,90,149,-19,562,56,1,2,12,87,1,2,749,7.9,7233,10:43:00,1.9,6.1,8.1
Neil Brady,1990,1994,C,89,9,22,31,-26,95,4,5,0,0,16,6,0,88,10.2,NA,NA,-0.4,0.7,0.3
Rick Bragnalo,1976,1979,C,145,15,35,50,-26,46,12,1,2,1,27,8,0,179,8.4,NA,NA,-0.6,1.7,1.1
Christoph Brandner,2004,2004,LW,35,4,5,9,-2,8,3,1,0,0,3,2,0,50,8,467,13:20:00,0.2,0.5,0.7
Michael Brandsegg-Nygard,2026,2026,F,13,0,1,1,-4,2,0,0,0,0,1,0,0,17,0,159,12:13:00,-0.3,0.1,-0.3
Andy Branigan,1941,1942,D,27,1,2,3,NA,31,1,0,0,0,2,0,0,NA,NA,7,NA,-0.3,1.1,0.9
Erik Brännström,2019,2025,D,294,10,67,77,-17,162,9,1,0,1,55,11,1,350,2.9,4906,16:41:00,2.6,9.7,12.3
Per-Olov Brasar,1978,1982,LW,348,64,142,206,-10,33,49,13,2,5,93,47,2,692,9.2,NA,NA,6.4,5.2,11.6
Donald Brashear,1994,2010,LW,1025,85,120,205,-93,2634,81,4,0,13,111,9,0,1015,8.4,9256,10:50:00,-2.8,7.9,5.1
Derick Brassard,2008,2023,C,1013,215,330,545,-28,465,150,65,0,33,232,98,0,1935,11.1,15902,15:42:00,37.6,16.8,54.4
Jesper Bratt,2018,2026,W,634,172,346,518,-24,102,133,35,4,28,220,120,6,1408,12.2,10886,17:10:00,38.3,12.6,50.9
Justin Braun,2011,2023,D,842,34,165,199,23,317,30,4,0,1,155,8,2,1093,3.1,16266,19:19:00,4.6,37.4,42
Russ Brayshaw,1945,1945,LW,43,5,9,14,NA,24,4,1,0,0,9,0,0,NA,NA,NA,NA,-0.7,0.7,-0.1
Justin Brazeau,2024,2026,F,159,33,30,63,0,34,24,9,0,8,27,3,0,224,14.7,1923,12:06:00,4.2,2.2,6.4
Frank Breault,1991,1993,RW,27,2,4,6,-2,42,2,0,0,0,4,0,0,18,11.1,NA,NA,-0.4,0.2,-0.2
Christopher Breen,2014,2014,D,9,0,2,2,1,5,0,0,0,0,2,0,0,4,0,84,09:23:00,0.1,0.3,0.4
Ken Breitenbach,1976,1979,D,68,1,13,14,7,49,1,0,0,0,13,0,0,52,1.9,NA,NA,-0.2,4,3.8
Fredrik Bremberg,1999,1999,C,8,0,0,0,-2,2,0,0,0,0,0,0,0,6,0,98,12:18:00,-0.3,0,-0.2
Pavel Brendl,2002,2006,RW,78,11,11,22,1,16,9,2,0,2,10,1,0,130,8.5,910,11:40:00,1.1,1.2,2.3
Dan Brennan,1984,1986,LW,8,0,1,1,-2,9,0,0,0,0,1,0,0,7,0,NA,NA,-0.2,0.1,-0.2
Doug Brennan,1932,1934,D,123,9,7,16,NA,147,0,0,0,0,0,0,0,NA,NA,NA,NA,0.7,9,9.7
Kip Brennan,2002,2008,LW,61,1,1,2,-2,222,1,0,0,0,1,0,0,19,5.3,284,04:39:00,-0.5,0.2,-0.2
Rich Brennan,1997,2003,D,50,2,6,8,-8,33,1,1,0,0,2,4,0,73,2.7,671,13:59:00,0.3,1.1,1.4
T.J. Brennan,2012,2016,D,53,5,8,13,-22,29,4,1,0,0,4,4,0,78,6.4,846,15:58:00,1,0,1.1
Tom Brennan,1944,1945,RW,12,2,2,4,NA,2,2,0,0,0,2,0,0,NA,NA,NA,NA,-0.2,0.1,-0.1
John Brenneman,1965,1969,LW,152,21,19,40,-31,46,18,2,1,1,16,3,0,175,12,NA,NA,-1.1,1.9,0.8
Tim Brent,2007,2013,C,207,21,27,48,-21,76,16,3,2,4,16,10,1,171,12.3,2213,10:41:00,1.6,1.5,3.1
Joe Bretto,1945,1945,D,3,0,0,0,NA,4,0,0,0,0,0,0,0,NA,NA,NA,NA,-0.1,0.2,0.1
Carl Brewer,1958,1980,D,604,25,198,223,185,1018,20,2,3,2,156,36,6,803,2.7,NA,NA,11.9,41.5,53.4
Eric Brewer,1999,2015,D,1009,77,194,271,-99,792,58,19,0,13,125,60,9,1405,5.5,22083,21:53:00,12.5,36.2,48.7
Andy Brickley,1983,1994,LW/C,385,82,140,222,-20,81,52,25,5,11,110,27,3,484,16.9,NA,NA,7.5,5,12.5
Connor Brickley,2016,2019,C,81,6,15,21,-2,42,6,0,0,3,15,0,0,93,6.5,850,10:29:00,0.4,0.8,1.3
Daniel Brickley,2018,2019,D,5,0,2,2,-1,0,0,0,0,0,2,0,0,2,0,62,12:24:00,0.1,0.1,0.2
Archie Briden,1927,1930,LW,73,9,5,14,NA,56,NA,NA,NA,0,NA,NA,NA,NA,NA,NA,NA,-1,0.9,-0.1
Mel Bridgman,1976,1989,C,977,252,449,701,102,1625,184,55,13,26,350,86,13,1740,14.5,NA,NA,31.7,13.9,45.6
Daniel Brière,1998,2015,C,973,307,389,696,-24,744,201,106,0,43,237,150,2,2174,14.1,15727,16:10:00,63.8,14.7,78.5
Michel Briere,1970,1970,C,76,12,32,44,-13,20,8,4,0,3,20,12,0,223,5.4,NA,NA,1.9,0.9,2.8
Travis Brigley,1998,2004,LW,55,3,6,9,-6,16,2,1,0,0,5,0,1,57,5.3,692,12:35:00,-0.6,0.5,-0.1
Aris Brimanis,1994,2004,D,113,2,12,14,-20,57,0,2,0,0,8,4,0,100,2,1437,15:37:00,-0.3,2.8,2.5
Rod Brind'Amour,1990,2010,C,1484,452,732,1184,-39,1100,275,149,28,67,456,248,28,3290,13.7,18378,21:07:00,79.6,26.1,105.7
Skyler Brind'Amour,2025,2026,C,6,1,0,1,-5,4,1,0,0,0,0,0,0,3,33.3,93,15:32:00,-0.1,-0.1,-0.1
Doug Brindley,1971,1971,LW/C,3,0,0,0,0,0,0,0,0,0,0,0,0,0,NA,NA,NA,-0.1,0,-0.1
Gavin Brindley,2024,2026,C,57,6,7,13,2,8,6,0,0,4,7,0,0,62,9.7,547,09:36:00,0.3,0.6,0.9
David Brine,2008,2008,C,9,0,1,1,-1,4,0,0,0,0,1,0,0,3,0,54,06:02:00,0,0,0
Bobby Brink,2022,2026,RW,214,38,60,98,-22,56,30,8,0,7,51,9,0,308,12.3,3143,14:41:00,4.7,3.1,7.8
Milt Brink,1937,1937,C,5,0,0,0,NA,0,0,0,0,0,0,0,0,NA,NA,NA,NA,-0.3,0.1,-0.2
Guillaume Brisebois,2019,2025,D,30,1,2,3,-7,6,1,0,0,0,2,0,0,22,4.5,432,14:25:00,-0.2,0.4,0.2
Patrice Brisebois,1991,2009,D,1009,98,322,420,1,623,51,46,1,20,166,153,3,1538,6.4,15151,21:44:00,28.1,48.6,76.8
Brendan Brisson,2024,2026,C,27,2,7,9,-9,2,1,1,0,1,6,1,0,29,6.9,306,11:19:00,0.2,0,0.2
Gerry Brisson,1963,1963,RW,4,0,2,2,1,4,0,0,0,0,2,0,0,8,0,NA,NA,0,0.1,0.1
Greg Britz,1984,1987,RW,8,0,0,0,-1,4,0,0,0,0,0,0,0,1,0,NA,NA,-0.3,0.1,-0.2
Punch Broadbent,1919,1929,RW,303,120,52,172,NA,576,NA,NA,NA,25,NA,NA,NA,NA,NA,NA,NA,15.5,9.7,25.2
Alex Broadhurst,2018,2018,C,2,0,0,0,0,2,0,0,0,0,0,0,0,1,0,20,10:03:00,-0.1,0,0
Philip Broberg,2022,2026,D,229,16,59,75,27,40,14,2,0,2,53,6,0,260,6.2,4293,18:45:00,3.6,11.1,14.6
Stéphane Brochu,1989,1989,D,1,0,0,0,1,0,0,0,0,0,0,0,0,1,0,NA,NA,0,0.1,0.1
Connie Broden,1956,1958,C,6,2,1,3,NA,2,1,1,0,0,1,0,0,NA,NA,NA,NA,0.2,0.1,0.3
T.J. Brodie,2011,2025,D,962,58,300,358,66,312,45,10,3,12,231,59,10,1017,5.7,21038,21:52:00,17.7,48,65.7
Jonas Brodin,2013,2026,D,915,62,216,278,122,278,53,8,1,12,183,26,7,1213,5.1,20243,22:07:00,10.1,52.8,62.8
Kyle Brodziak,2006,2019,C,917,129,167,296,-52,462,109,9,11,22,145,14,8,1248,10.3,12937,14:06:00,9.6,13.6,23.2
Jonny Brodzinski,2017,2026,C,264,33,38,71,12,56,32,1,0,5,35,3,0,385,8.6,2856,10:49:00,2.3,4,6.3
David Broll,2014,2014,LW,5,0,1,1,1,5,0,0,0,0,1,0,0,3,0,41,08:11:00,0,0.1,0.1
Mathias Bromé,2021,2021,F,26,1,1,2,-9,8,1,0,0,1,1,0,0,22,4.5,355,13:39:00,-0.7,0.1,-0.6
Sheldon Brookbank,2007,2014,D,351,7,37,44,17,473,6,0,1,2,35,1,1,282,2.5,4944,14:05:00,-0.2,11.7,11.5
Wade Brookbank,2004,2009,D,127,6,3,9,5,345,6,0,0,1,3,0,0,38,15.8,486,03:50:00,0.7,1,1.7
Bob Brooke,1984,1990,C,447,69,97,166,-43,520,53,8,8,7,69,19,9,735,9.4,NA,NA,-0.4,5.1,4.7
Adam Brooks,2020,2022,C,43,6,5,11,7,2,4,1,1,2,5,0,0,26,23.1,396,09:13:00,0.6,0.7,1.3
Alex Brooks,2007,2007,D,19,0,1,1,-1,4,0,0,0,0,1,0,0,4,0,164,08:39:00,-0.1,0.4,0.3
Gord Brooks,1972,1975,RW,70,7,18,25,-19,37,6,1,0,1,14,3,1,133,5.3,NA,NA,-0.3,0.8,0.5
Evan Brophey,2011,2012,C,4,0,0,0,0,0,0,0,0,0,0,0,0,1,0,20,04:55:00,-0.1,0,0
Bernie Brophy,1926,1930,LW,62,4,4,8,NA,25,NA,NA,NA,2,NA,NA,NA,NA,NA,NA,NA,-1.5,1.6,0.1
Willie Brossart,1971,1976,D,129,1,14,15,-74,88,1,0,0,0,12,2,0,109,0.9,NA,NA,-1.3,2.8,1.5
Aaron Broten,1981,1992,LW/C,748,186,329,515,-72,441,134,46,6,25,202,125,2,1422,13.1,NA,NA,21.7,9.3,30.9
Neal Broten,1981,1997,C,1099,289,634,923,19,569,197,67,25,34,385,224,25,2313,12.5,NA,NA,47.2,16.2,63.3
Paul Broten,1990,1996,RW,322,46,55,101,21,264,42,0,4,4,51,1,3,384,12,NA,NA,-0.4,4.8,4.4
Julien Brouillette,2014,2015,D,11,1,1,2,3,0,1,0,0,1,1,0,0,4,25,165,15:00:00,0.1,0.6,0.7
Paul Brousseau,1996,2001,RW,26,1,3,4,-3,29,1,0,0,0,3,0,0,19,5.3,113,09:27:00,-0.5,0.2,-0.3
Troy Brouwer,2007,2020,RW,851,182,181,363,-28,595,115,60,7,35,122,56,3,1326,13.7,13624,16:01:00,21,13.8,34.8
Adam Brown,1942,1952,LW,392,104,114,218,NA,378,87,17,0,15,95,18,1,NA,NA,NA,NA,10.6,4.5,15.1
Arnie Brown,1962,1974,D,681,44,141,185,-115,740,40,4,0,6,125,14,2,1136,3.9,NA,NA,7.5,33.7,41.2
Brad Brown,1997,2004,D,330,2,27,29,-16,747,2,0,0,0,26,0,1,108,1.9,4302,13:22:00,-1.4,7.5,6
Cam Brown,1991,1991,LW,1,0,0,0,0,7,0,0,0,0,0,0,0,0,NA,NA,NA,0,0,0
Chris Brown,2013,2016,C,23,2,1,3,1,21,2,0,0,0,1,0,0,19,10.5,183,07:56:00,0,0.2,0.3
Connie Brown,1939,1943,C,73,15,24,39,NA,12,13,2,0,5,21,3,0,NA,NA,NA,NA,1.4,1.4,2.9
Connor Brown,2016,2026,RW,676,125,176,301,-11,132,102,12,11,13,140,26,10,1120,11.2,10970,16:14:00,13.2,11.8,24.9
Curtis Brown,1995,2008,C/LW,736,129,171,300,70,398,95,22,12,24,136,28,7,1168,11,11169,15:53:00,12.9,16,28.9
Dave Brown,1983,1996,RW,729,45,52,97,-37,1789,45,0,0,6,51,1,0,439,10.3,NA,NA,-17.5,7.4,-10.1
Doug Brown,1987,2001,RW,854,160,214,374,112,210,121,22,17,21,181,19,14,1534,10.4,3573,13:11:00,14,13.9,28
Dustin Brown,2004,2022,RW,1296,325,387,712,-36,738,213,106,6,42,286,94,7,3360,9.7,23108,17:50:00,45.1,27.7,72.8
Fred Brown,1928,1928,LW,15,1,0,1,NA,0,NA,NA,NA,0,NA,NA,NA,NA,NA,NA,NA,-0.1,1.7,1.6
George Brown,1937,1939,C,79,6,22,28,NA,34,3,3,0,1,17,5,0,NA,NA,NA,NA,-0.2,1.3,1.1
Gerry Brown,1942,1946,LW,23,4,5,9,NA,2,4,0,0,0,4,1,0,NA,NA,NA,NA,0,0.4,0.4
Greg Brown,1991,1995,D,94,4,14,18,-23,86,3,1,0,0,12,2,0,85,4.7,NA,NA,-0.2,2.8,2.6
Harold Brown,1946,1946,RW,13,2,1,3,NA,2,2,0,0,0,1,0,0,NA,NA,NA,NA,-0.2,0.2,0
J.T. Brown,2012,2019,RW,365,23,49,72,-5,221,22,0,1,2,44,2,3,503,4.6,4088,11:12:00,-1,4.3,3.3
Jeff Brown,1986,1998,D,747,154,430,584,-51,498,69,80,5,16,162,261,7,2120,7.3,NA,NA,42.6,35.7,78.3
Jim Brown,1983,1983,D,3,0,1,1,-2,5,0,0,0,0,1,0,0,0,NA,NA,NA,0,0,0
Josh Brown,2019,2025,D,300,11,24,35,-28,307,11,0,0,2,24,0,0,250,4.4,4301,14:20:00,-0.8,6.7,5.9
Keith Brown,1980,1995,D,876,68,274,342,65,916,49,16,3,5,188,76,10,1471,4.6,NA,NA,11.7,48.2,59.9
Kevin Brown,1995,2000,RW,64,7,9,16,-19,28,5,2,0,0,7,2,0,64,10.9,198,08:37:00,0,0.1,0.1
Larry Brown,1970,1978,D,455,7,53,60,-29,180,6,1,0,1,44,4,5,429,1.6,NA,NA,-3.7,25.2,21.5
Logan Brown,2018,2023,C,99,7,19,26,-9,22,6,1,0,1,16,3,0,81,8.6,1043,10:32:00,0.3,0.8,1.1
Mike Brown,2001,2006,LW,34,1,2,3,1,130,1,0,0,1,2,0,0,12,8.3,148,04:22:00,0,0.2,0.2
Mike Brown,2008,2016,RW,407,19,17,36,-36,778,17,1,1,4,15,0,2,375,5.1,3351,08:14:00,-3.5,2,-1.5
Patrick Brown,2015,2025,C,164,10,16,26,-29,75,9,0,1,0,16,0,0,160,6.3,1830,11:09:00,-1.5,1.2,-0.3
Rob Brown,1988,2000,RW,543,190,248,438,-23,599,96,94,0,23,158,90,0,979,19.4,2539,13:22:00,29.9,5.6,35.5
Sean Brown,1997,2006,D,436,14,43,57,-9,907,11,3,0,3,38,5,0,281,5,5136,11:55:00,0.9,10.8,11.7
Stan Brown,1927,1928,D,50,8,3,11,NA,18,NA,NA,NA,2,NA,NA,NA,NA,NA,NA,NA,1.8,5.3,7.1
Cecil Browne,1928,1928,LW,13,2,0,2,NA,4,NA,NA,NA,0,NA,NA,NA,NA,NA,NA,NA,-0.1,0,-0.1
Jack Brownschidle,1978,1986,D,494,39,162,201,-37,151,20,18,1,6,93,64,5,767,5.1,NA,NA,7.5,24.5,32
Jeff Brownschidle,1982,1983,D,7,0,1,1,-9,2,0,0,0,0,0,1,0,4,0,NA,NA,-0.1,-0.1,-0.2
Tristan Broz,2026,2026,C,1,0,0,0,-1,0,0,0,0,0,0,0,0,2,0,12,11:30:00,0,0,-0.1
Jeff Brubaker,1980,1989,LW,178,16,9,25,-27,512,14,2,0,1,8,1,0,96,16.7,NA,NA,-4.1,1.9,-2.2
David Bruce,1986,1994,LW,234,48,39,87,-57,338,33,14,1,5,30,9,0,426,11.3,NA,NA,1.4,2.1,3.5
Gordie Bruce,1941,1946,LW,27,4,9,13,NA,13,4,0,0,0,9,0,0,NA,NA,NA,NA,0.2,0.6,0.8
Morley Bruce,1918,1922,D/C,71,8,2,10,NA,27,NA,NA,NA,0,NA,NA,NA,NA,NA,NA,NA,-3.2,5.2,2
Gilbert Brulé,2006,2014,C,299,43,52,95,-39,156,36,7,0,6,43,9,0,448,9.6,3542,11:51:00,4.7,2.6,7.3
Steve Brûlé,2003,2003,RW,2,0,0,0,0,0,0,0,0,0,0,0,0,2,0,18,09:07:00,-0.1,0,0
Murray Brumwell,1981,1988,D,128,12,31,43,-24,70,6,6,0,0,18,13,0,137,8.8,NA,NA,1.3,6.3,7.6
Benoît Brunet,1989,2002,LW,539,101,161,262,45,229,72,18,11,17,132,24,5,842,12,4416,16:07:00,12.2,9.9,22
Frederic Brunet,2025,2025,D,1,0,0,0,-1,0,0,0,0,0,0,0,0,2,0,14,14:23:00,0,0,-0.1
Eddie Bruneteau,1941,1949,RW,180,40,42,82,NA,35,32,8,0,5,32,10,0,NA,NA,NA,NA,2.2,3.3,5.5
Mud Bruneteau,1936,1946,RW,410,141,139,280,NA,80,127,13,1,20,119,18,2,NA,NA,NA,NA,16.8,8.2,25
Andrew Brunette,1996,2012,LW,1110,268,465,733,-78,314,154,114,0,32,287,178,0,1516,17.7,16909,15:43:00,56.6,16.9,73.4
Harrison Brunicke,2026,2026,D,9,1,0,1,-4,6,1,0,0,0,0,0,0,8,12.5,141,15:43:00,0,0,0
Damien Brunner,2013,2015,RW,121,25,33,58,-18,46,18,7,0,2,15,17,1,262,9.5,1755,14:30:00,4.3,1.6,5.9
Fabian Brunnström,2009,2012,LW,104,19,22,41,-13,22,15,4,0,5,19,3,0,125,15.2,1154,11:06:00,3,0.7,3.6
Bill Brydge,1927,1936,D,368,26,52,78,NA,516,7,1,0,4,10,2,1,NA,NA,NA,NA,6.1,23.1,29.2
Paul Brydges,1987,1987,C,15,2,2,4,4,6,2,0,0,0,2,0,0,8,25,NA,NA,-0.1,0.3,0.2
Glenn Brydson,1931,1938,RW,299,54,79,133,NA,202,31,2,0,9,36,13,0,NA,NA,NA,NA,9.1,4.4,13.5
Gord Brydson,1930,1930,C/RW,8,2,0,2,NA,8,NA,NA,NA,0,NA,NA,NA,NA,NA,NA,NA,0,0.2,0.2
Sergei Brylin,1995,2008,LW,765,129,179,308,49,273,93,34,2,14,139,35,5,1016,12.7,10148,15:23:00,11.8,16.2,28
Jacob Bryson,2021,2026,D,304,6,45,51,-47,60,5,1,0,0,35,7,3,151,4,4685,15:25:00,-0.1,6.4,6.4
Hunter Brzustewicz,2025,2026,D,34,2,5,7,2,6,2,0,0,0,4,1,0,34,5.9,547,16:06:00,0.2,1.6,1.8
Jiří Bubla,1982,1986,D,256,17,101,118,-56,202,10,7,0,2,56,44,1,334,5.1,NA,NA,4.3,11,15.4
Al Buchanan,1949,1950,LW,4,0,1,1,NA,2,0,0,0,0,1,0,0,NA,NA,NA,NA,-0.1,0.1,0
Bucky Buchanan,1949,1949,C/RW,2,0,0,0,NA,0,0,0,0,0,0,0,0,NA,NA,NA,NA,-0.1,0,-0.1
Jeff Buchanan,1999,1999,D,6,0,0,0,1,6,0,0,0,0,0,0,0,1,0,24,04:05:00,0,0.1,0.1
Mike Buchanan,1952,1952,D,1,0,0,0,NA,0,0,0,0,0,0,0,0,NA,NA,NA,NA,0,0,0
Ron Buchanan,1967,1970,C,5,0,0,0,-1,0,0,0,0,0,0,0,0,4,0,NA,NA,-0.2,0,-0.2
Kelly Buchberger,1988,2004,RW,1182,105,204,309,-177,2297,87,5,13,26,180,7,17,1063,9.9,6678,12:49:00,-6.3,9.2,3
Pavel Buchnevich,2017,2026,LW,673,201,304,505,51,279,146,48,7,25,210,86,8,1392,14.4,11820,17:34:00,36.8,15.2,52
Johnny Bucyk,1956,1978,LW,1540,556,813,1369,-7,493,393,159,4,92,529,284,0,3087,16.2,NA,NA,104,18.4,122.4
Randy Bucyk,1986,1988,C,19,4,2,6,4,8,4,0,0,0,2,0,0,23,17.4,NA,NA,0,0.3,0.3
Doug Buhr,1975,1975,LW,6,0,2,2,0,4,0,0,0,0,2,0,0,3,0,NA,NA,-0.1,0.1,0
Zeev Buium,2026,2026,D,75,6,20,26,-33,37,3,3,0,1,10,10,0,73,8.2,1466,19:33:00,1.3,1.1,2.4
Tony Bukovich,1944,1945,LW/C,17,7,3,10,NA,6,6,0,1,0,3,0,0,NA,NA,NA,NA,0.6,0.4,0.9
Jan Bulis,1998,2007,C,552,96,149,245,-3,268,80,13,3,18,123,25,1,894,10.7,8034,14:33:00,12.7,9.3,22
Mike Bullard,1981,1992,C,727,329,345,674,-98,705,214,113,2,27,213,130,2,1847,17.8,NA,NA,43.4,7.4,50.7
Hy Buller,1944,1954,D,188,22,58,80,NA,215,17,5,0,1,29,29,0,NA,NA,NA,NA,7.8,7.8,15.6
Ted Bulley,1977,1984,LW,414,101,113,214,7,704,88,13,0,20,96,17,0,638,15.8,NA,NA,6.9,6.3,13.3
Brett Bulmer,2012,2016,RW,17,0,3,3,-2,15,0,0,0,0,3,0,0,16,0,173,10:10:00,-0.2,0.1,0
Alex Bump,2026,2026,LW,17,5,4,9,3,2,5,0,0,1,4,0,0,23,21.7,215,12:38:00,0.8,0.4,1.2
Connor Bunnaman,2020,2022,F,54,1,2,3,-6,8,1,0,0,0,2,0,0,43,2.3,553,10:15:00,-1.1,0.4,-0.8
Michael Bunting,2019,2026,LW,417,109,143,252,-16,342,73,36,0,12,113,30,0,836,13,6428,15:25:00,17.2,7.1,24.3
André Burakovsky,2015,2026,LW,770,164,255,419,0,183,135,29,0,33,190,65,0,1237,13.3,11045,14:21:00,28.6,12.2,40.8
Robert Burakovsky,1994,1994,RW,23,2,3,5,-7,6,2,0,0,0,3,0,0,40,5,NA,NA,-0.3,0.2,-0.1
Billy Burch,1923,1933,C/LW,390,136,60,196,NA,263,NA,NA,NA,32,NA,NA,NA,NA,NA,NA,NA,32.7,7.5,40.2
Fred Burchell,1951,1954,C,4,0,0,0,NA,2,0,0,0,0,0,0,0,NA,NA,NA,NA,-0.2,0.1,-0.1
Glen Burdon,1975,1975,C,11,0,2,2,-3,0,0,0,0,0,2,0,0,2,0,NA,NA,-0.3,0.2,-0.1
Pavel Bure,1992,2003,RW,702,437,342,779,42,484,282,121,34,59,212,115,15,3130,14,8136,22:51:00,80.1,13,93.1
Valeri Bure,1995,2004,RW,621,174,226,400,-33,221,114,60,0,25,127,99,0,1806,9.6,7296,18:43:00,29.4,9.6,39
Marc Bureau,1990,2000,C,567,55,83,138,-47,327,47,2,6,7,67,10,6,666,8.3,2490,11:58:00,-3.6,6.5,3
Bill Burega,1956,1956,D,4,0,1,1,NA,4,0,0,0,0,1,0,0,NA,NA,NA,NA,0,0.2,0.3
Erik Burgdoerfer,2017,2019,D,8,0,1,1,0,2,0,0,0,0,1,0,0,6,0,92,11:29:00,0,0.2,0.2
Adam Burish,2007,2015,RW,378,27,33,60,-21,554,25,0,2,5,31,2,0,414,6.5,4362,11:32:00,-3,3.9,0.9
Callahan Burke,2023,2025,C,10,1,0,1,1,2,1,0,0,0,0,0,0,14,7.1,101,10:04:00,-0.1,0.2,0.1
Eddie Burke,1932,1935,RW/C,106,29,20,49,NA,55,21,3,0,5,16,4,0,NA,NA,NA,NA,4.4,1.4,5.9
Marty Burke,1928,1938,D,503,18,48,66,NA,574,3,0,0,5,15,2,0,NA,NA,NA,NA,1.3,41.7,43
Roy Burmister,1930,1932,LW,67,4,3,7,NA,0,NA,NA,NA,0,NA,NA,NA,NA,NA,NA,NA,-2.5,0.9,-1.5
Alexander Burmistrov,2011,2018,C,348,37,64,101,-31,139,30,6,1,4,56,5,3,435,8.5,5184,14:54:00,0.8,4.1,4.9
Garrett Burnett,2004,2004,LW,39,1,2,3,0,184,1,0,0,0,2,0,0,24,4.2,140,03:36:00,0.1,0.2,0.2
Kelly Burnett,1953,1953,C,3,1,0,1,NA,0,1,0,0,0,0,0,0,NA,NA,NA,NA,0.1,0,0.1
Bobby Burns,1928,1930,LW,20,1,0,1,NA,2,NA,NA,NA,1,NA,NA,NA,NA,NA,NA,NA,-1,0.4,-0.7
Brent Burns,2004,2026,D/RW,1578,273,671,944,43,885,182,88,3,47,422,235,14,4222,6.5,35018,22:11:00,80.5,82.5,163
Charlie Burns,1959,1973,C,749,106,198,304,-81,256,84,6,16,16,162,19,17,1073,9,NA,NA,3.9,9.2,13.2
Gary Burns,1981,1981,LW/C,11,2,2,4,-9,18,2,0,0,1,1,1,0,13,15.4,NA,NA,0,-0.1,-0.1
Norm Burns,1942,1942,C,11,0,4,4,NA,2,0,0,0,0,2,2,0,NA,NA,NA,NA,-0.2,0.2,0
Robin Burns,1971,1976,LW,190,31,38,69,-89,139,22,9,0,1,29,9,0,311,10,NA,NA,-0.3,1.4,1.1
Shawn Burr,1985,2000,LW/C,878,181,259,440,119,1069,144,23,14,26,218,20,21,1482,12.2,693,10:50:00,16.1,13.9,29.9
Randy Burridge,1986,1998,LW,706,199,251,450,62,458,143,47,9,29,161,81,9,1311,15.2,347,11:33:00,24.3,10.8,35.1
Kyle Burroughs,2021,2025,D,201,5,17,22,-45,216,5,0,0,1,16,1,0,174,2.9,3083,15:20:00,-1.2,4,2.9
Alexandre Burrows,2006,2018,LW,913,205,204,409,104,1134,167,21,17,31,175,22,7,1736,11.8,14134,15:29:00,26.8,20.3,47.1
Dave Burrows,1972,1981,D,724,29,135,164,-72,373,24,4,1,5,115,15,5,998,2.9,NA,NA,0.9,31.7,32.5
Bert Burry,1933,1933,D,4,0,0,0,NA,0,NA,NA,NA,0,NA,NA,NA,NA,NA,NA,NA,-0.1,0.2,0.1
Adam Burt,1989,2001,D,737,37,115,152,-52,961,27,9,1,5,89,24,2,815,4.5,4214,17:42:00,1.4,32.6,34
Cummy Burton,1956,1959,RW,42,0,2,2,NA,19,0,0,0,0,2,0,0,NA,NA,NA,NA,-1.7,0.5,-1.2
Nelson Burton,1978,1979,LW,8,1,0,1,-5,21,1,0,0,0,0,0,0,3,33.3,NA,NA,-0.2,0,-0.2
Eddie Bush,1939,1942,D,26,4,6,10,NA,60,3,1,0,0,4,2,0,NA,NA,NA,NA,0.6,1.7,2.3
Rod Buskas,1983,1993,D,556,19,63,82,-52,1294,15,4,0,1,55,7,1,425,4.5,NA,NA,-4,23.7,19.8
Mike Busniuk,1980,1981,D,143,3,23,26,66,297,3,0,0,1,22,0,1,89,3.4,NA,NA,-0.8,9.8,9
Ron Busniuk,1973,1974,RW,6,0,3,3,-1,13,0,0,0,0,2,1,0,4,0,NA,NA,0.1,0.3,0.4
Walt Buswell,1933,1940,D,368,10,41,51,NA,164,6,2,0,5,27,10,0,NA,NA,NA,NA,-0.6,23.4,22.8
Danil But,2026,2026,LW,29,3,4,7,1,8,2,1,0,0,2,2,0,43,7,362,12:28:00,0,0.4,0.4
Garth Butcher,1982,1995,D,897,48,158,206,-121,2302,43,3,2,6,141,14,3,876,5.5,NA,NA,0.9,41.4,42.3
Will Butcher,2018,2022,D,275,16,98,114,-37,34,12,4,0,3,60,38,0,330,4.8,4856,17:39:00,7.5,8.6,16.1
Sven Butenschön,1998,2006,D,140,2,12,14,-10,86,2,0,0,0,11,0,1,71,2.8,1713,12:14:00,-0.2,2.6,2.4
Bobby Butler,2010,2014,RW,130,20,29,49,-16,28,18,2,0,7,22,7,0,207,9.7,1610,12:23:00,3.2,1.1,4.3
Cameron Butler,2024,2024,F,1,0,0,0,0,0,0,0,0,0,0,0,0,0,NA,1,00:54:00,0,0,0
Chris Butler,2009,2019,D,407,14,72,86,-27,187,12,0,2,2,55,16,1,405,3.5,7647,18:47:00,1.8,15.2,17
Dick Butler,1948,1948,RW,7,2,0,2,NA,0,2,0,0,0,0,0,0,NA,NA,NA,NA,0.1,0.1,0.1
Jerry Butler,1973,1983,RW,641,99,120,219,-64,515,86,5,8,13,98,14,8,946,10.5,NA,NA,-1.3,6.9,5.6
Viacheslav Butsayev,1993,2000,C,132,17,26,43,-8,133,17,0,0,3,23,3,0,165,10.3,84,10:30:00,-0.1,1.1,1
Yuri Butsayev,2000,2003,LW,99,10,4,14,-13,28,10,0,0,0,4,0,0,95,10.5,1014,10:15:00,-0.3,0.4,0.2
Bill Butters,1978,1979,D,72,1,4,5,-16,77,1,0,0,0,4,0,0,35,2.9,NA,NA,-1.1,3.4,2.4
Gord Buttrey,1944,1944,W,10,0,0,0,NA,0,0,0,0,0,0,0,0,NA,NA,NA,NA,-0.6,0.2,-0.3
Gord Buynak,1975,1975,D,4,0,0,0,3,2,0,0,0,0,0,0,0,3,0,NA,NA,-0.1,0.4,0.3
Petr Buzek,1998,2003,D,157,9,22,31,-25,94,3,6,0,0,18,4,0,185,4.9,2594,16:31:00,1.4,4.1,5.5
Ilja Byakin,1994,1995,D,57,8,25,33,-12,44,2,6,0,3,16,9,0,70,11.4,NA,NA,2.3,1.9,4.1
John Byce,1991,1992,C,21,2,3,5,0,6,1,1,0,0,3,0,0,15,13.3,NA,NA,-0.2,0.3,0
Dane Byers,2008,2012,LW,14,1,0,1,0,60,1,0,0,0,0,0,0,11,9.1,102,07:15:00,-0.1,0.1,0
Gord Byers,1950,1950,D,1,0,1,1,NA,0,0,0,0,0,0,1,0,NA,NA,NA,NA,0.1,0,0.1
Jerry Byers,1973,1978,LW,43,3,4,7,-12,15,3,0,0,1,4,0,0,45,6.7,NA,NA,-0.8,0.5,-0.3
Lyndon Byers,1984,1993,RW,279,28,43,71,-4,1081,28,0,0,2,43,0,0,238,11.8,NA,NA,-3.5,3.8,0.3
Mike Byers,1968,1972,RW,166,42,34,76,-38,39,34,8,0,7,26,8,0,328,12.8,NA,NA,3.6,1.5,5.1
Quinton Byfield,2021,2026,C,338,74,116,190,40,186,59,14,1,13,95,20,1,618,12,5709,16:53:00,10.1,8.5,18.6
Dustin Byfuglien,2006,2019,D,869,177,348,525,-8,1094,122,54,1,36,194,148,6,2612,6.8,19056,21:56:00,52.3,33.4,85.6
Dmitri Bykov,2003,2003,D,71,2,10,12,1,43,1,1,0,0,7,3,0,58,3.4,1260,17:45:00,0.1,2.1,2.3
Dan Bylsma,1996,2004,RW,429,19,43,62,-20,184,17,0,2,2,40,2,1,346,5.5,3786,10:57:00,-5.8,5.1,-0.7
Bowen Byram,2021,2026,D,327,44,108,152,42,220,39,4,1,10,93,13,2,422,10.4,6974,21:20:00,10.6,15.2,25.8
Shawn Byram,1991,1992,LW,5,0,0,0,-2,14,0,0,0,0,0,0,0,3,0,NA,NA,-0.2,0,-0.2
Paul Byron,2011,2022,LW,521,98,110,208,31,139,83,5,10,17,93,8,9,588,16.7,7416,14:14:00,12.1,9.8,21.9
Mikkel Bødker,2009,2020,RW,709,118,209,327,-71,116,94,22,2,22,156,53,0,1100,10.7,10746,15:09:00,18,9.4,27.4
Nicholas Caamano,2020,2021,RW,36,1,2,3,-5,21,1,0,0,0,2,0,0,46,2.2,344,09:33:00,-0.6,0.2,-0.3
Jack Caffery,1955,1958,C,57,3,2,5,NA,22,3,0,0,1,2,0,0,NA,NA,NA,NA,-1.8,1,-0.8
Terry Caffery,1970,1971,C,14,0,0,0,-2,0,0,0,0,0,0,0,0,3,0,NA,NA,-0.6,0.2,-0.4
Drake Caggiula,2017,2025,LW,289,46,46,92,-29,141,38,6,2,6,40,4,2,426,10.8,3780,13:05:00,3.7,3.1,6.8
Luca Cagnoni,2025,2026,D,7,0,2,2,-3,8,0,0,0,0,1,1,0,8,0,121,17:15:00,0.1,0,0.1
Larry Cahan,1955,1971,D,671,38,92,130,-205,696,28,10,0,6,73,15,4,790,3.9,NA,NA,3.2,28.9,32
Charles Cahill,1926,1927,RW,32,0,1,1,NA,9,NA,NA,NA,0,NA,NA,NA,NA,NA,NA,NA,-2.1,0.6,-1.5
Francis Cain,1925,1926,D,61,4,1,5,NA,37,NA,NA,NA,3,NA,NA,NA,NA,NA,NA,NA,-2.3,2.6,0.3
Herb Cain,1934,1946,LW,572,206,192,398,NA,177,185,17,4,27,168,21,3,NA,NA,NA,NA,30.6,9.5,40.1
Don Cairns,1976,1977,LW,9,0,1,1,0,2,0,0,0,0,1,0,0,5,0,NA,NA,-0.3,0.2,-0.1
Eric Cairns,1997,2007,D,457,10,32,42,-45,1182,10,0,0,1,29,0,3,220,4.5,5127,12:18:00,-1.2,9.4,8.2
Petr Čajánek,2003,2007,RW,269,46,107,153,15,144,35,9,2,6,66,40,1,533,8.6,4650,17:17:00,7.4,6.4,13.8
Eric Calder,1982,1983,D,2,0,0,0,0,0,0,0,0,0,0,0,0,0,NA,NA,NA,0,0.1,0.1
Kyle Calder,2000,2010,LW,590,114,180,294,-71,309,73,37,4,16,144,36,0,1005,11.3,9131,15:29:00,17.1,7.5,24.6
Ryan Caldwell,2006,2008,D,4,0,0,0,-2,4,0,0,0,0,0,0,0,3,0,45,11:20:00,-0.1,0,-0.1
Norm Calladine,1943,1945,C,63,19,29,48,NA,8,18,1,0,2,29,0,0,NA,NA,NA,NA,1.4,0.6,2
Joe Callahan,2009,2011,D,46,0,4,4,5,16,0,0,0,0,4,0,0,27,0,708,15:24:00,-0.4,2.1,1.7
Michael Callahan,2025,2026,D,22,1,0,1,-6,7,1,0,0,0,0,0,0,12,8.3,305,13:53:00,-0.2,0.2,0
Mitch Callahan,2014,2017,RW,5,0,0,0,0,0,0,0,0,0,0,0,0,2,0,36,07:15:00,-0.1,0,-0.1
Ryan Callahan,2007,2019,RW,757,186,200,386,5,428,118,61,7,36,154,38,8,1843,10.1,12990,17:10:00,26.2,15.1,41.3
Drew Callander,1977,1980,C/RW,39,6,2,8,-11,7,6,0,0,0,2,0,0,45,13.3,NA,NA,-0.5,0.3,-0.2
Jock Callander,1988,1993,RW,109,22,29,51,-21,116,16,6,0,2,20,9,0,128,17.2,NA,NA,1.2,0.6,1.8
Brett Callighen,1980,1982,C,160,56,89,145,25,132,39,17,0,2,72,17,0,373,15,NA,NA,8.1,2.2,10.3
Patsy Callighen,1928,1928,D,36,0,0,0,NA,32,NA,NA,NA,0,NA,NA,NA,NA,NA,NA,NA,-1.3,3.4,2.2
Jan Čaloun,1996,2001,RW,24,8,6,14,-6,2,6,2,0,0,5,1,0,37,21.6,139,12:40:00,1.1,0.1,1.2
Matt Calvert,2011,2021,LW,566,95,108,203,-23,376,78,8,9,10,99,4,5,870,10.9,7989,14:07:00,9.9,7.5,17.4
James Camazzola,1984,1987,LW,3,0,0,0,-1,0,0,0,0,0,0,0,0,3,0,NA,NA,-0.1,0,-0.1
Tony Camazzola,1982,1982,D,3,0,0,0,0,4,0,0,0,0,0,0,0,0,NA,NA,NA,-0.1,0.2,0.1
Al Cameron,1976,1981,D,282,11,44,55,-107,356,8,3,0,0,33,11,0,374,2.9,NA,NA,-0.6,10.6,10
Billy Cameron,1924,1926,RW,39,0,1,1,NA,4,NA,NA,NA,0,NA,NA,NA,NA,NA,NA,NA,-2.8,1.1,-1.7
Craig Cameron,1967,1976,RW,552,87,65,152,-96,196,78,8,1,9,56,6,3,738,11.8,NA,NA,-3.5,6.8,3.3
Dave Cameron,1982,1984,C,168,25,28,53,-33,238,22,2,1,0,22,5,1,175,14.3,NA,NA,-1.3,2.3,1
Harry Cameron,1918,1923,D,129,88,54,142,NA,180,NA,NA,NA,15,NA,NA,NA,NA,NA,NA,NA,15,13.8,28.7
Scotty Cameron,1943,1943,C,35,8,11,19,NA,0,6,2,0,0,8,3,0,NA,NA,NA,NA,0.2,0.2,0.4
Mike Cammalleri,2003,2018,C/W,906,294,348,642,-54,425,187,105,2,53,206,141,1,2469,11.9,15972,17:38:00,55.4,16.9,72.3
Matt Campanale,2011,2011,D,1,0,0,0,0,2,0,0,0,0,0,0,0,0,NA,8,08:21:00,0,0,0
Andrew Campbell,2014,2016,D,42,0,2,2,-13,12,0,0,0,0,2,0,0,33,0,686,16:20:00,-0.6,0.7,0
Brian Campbell,2000,2017,D,1082,87,417,504,63,277,54,32,1,17,243,170,4,1452,6,23911,22:06:00,35.8,53.9,89.7
Bryan Campbell,1968,1972,C,261,35,71,106,7,74,32,3,0,3,62,9,0,397,8.8,NA,NA,1.3,3.6,4.9
Colin Campbell,1975,1985,D,636,25,103,128,-23,1295,22,2,1,4,94,6,3,605,4.1,NA,NA,-1.3,29.1,27.8
Darcy Campbell,2007,2007,D,1,0,0,0,0,0,0,0,0,0,0,0,0,0,NA,6,05:41:00,0,0,0
Dave Campbell,1921,1921,D,2,0,0,0,NA,0,NA,NA,NA,0,NA,NA,NA,NA,NA,NA,NA,-0.1,0.2,0.1
Don Campbell,1944,1944,LW,17,1,3,4,NA,6,1,0,0,0,2,1,0,NA,NA,NA,NA,-0.6,0.4,-0.2
Earl Campbell,1924,1926,D,76,6,4,10,NA,16,NA,NA,NA,1,NA,NA,NA,NA,NA,NA,NA,-1,7.4,6.4
Gregory Campbell,2004,2016,LW,803,71,116,187,-33,696,62,2,7,10,106,4,6,924,7.7,10054,12:31:00,-0.4,8.5,8
Jim Campbell,1996,2006,RW,285,61,75,136,-11,268,41,20,0,13,45,28,2,542,11.3,2627,13:04:00,9.4,3.1,12.5
Scott Campbell,1980,1982,D,80,4,21,25,-37,243,4,0,0,2,15,5,1,104,3.8,NA,NA,0.6,3.1,3.7
Wade Campbell,1983,1988,D,213,9,27,36,-23,305,8,0,1,0,26,1,0,193,4.7,NA,NA,-1.2,8.2,7
Tod Campeau,1944,1949,C,42,5,9,14,NA,16,3,2,0,0,7,2,0,NA,NA,NA,NA,0,0.9,0.9
Dom Campedelli,1986,1986,D,2,0,0,0,-2,0,0,0,0,0,0,0,0,1,0,NA,NA,0,0,0
Carter Camper,2012,2012,C,3,1,0,1,1,0,1,0,0,0,0,0,0,1,100,20,06:42:00,0.2,0.1,0.2
Chris Campoli,2006,2012,D,440,35,111,146,-42,200,25,8,2,8,71,39,1,521,6.7,8015,18:13:00,9.7,15.1,24.8
Patrick Cannone,2017,2017,C,3,0,0,0,0,0,0,0,0,0,0,0,0,2,0,24,07:53:00,-0.1,0,0
Kyle Capobianco,2018,2026,D,107,7,10,17,-18,60,6,1,0,2,9,1,0,86,8.1,1512,14:08:00,0.4,2.3,2.7
Dave Capuano,1990,1994,LW,104,17,38,55,-15,56,11,6,0,2,28,10,0,118,14.4,NA,NA,1.7,1.1,2.9
Jack Capuano,1990,1992,D,6,0,0,0,-2,0,0,0,0,0,0,0,0,6,0,NA,NA,-0.1,0.2,0.1
Luca Caputi,2009,2011,LW,35,3,6,9,-4,20,3,0,0,0,6,0,0,51,5.9,454,12:58:00,0,0.3,0.3
Leo Carbol,1943,1943,D,6,0,1,1,NA,4,0,0,0,0,1,0,0,NA,NA,NA,NA,-0.1,0.4,0.4
Guy Carbonneau,1981,2000,C,1318,260,403,663,186,820,215,12,33,42,367,19,17,1924,13.5,3235,14:42:00,21,23.4,44.4
Daniel Carcillo,2007,2015,LW,429,48,52,100,-17,1233,39,9,0,7,45,7,0,565,8.5,4518,10:32:00,3.3,4.4,7.6
Michael Carcone,2022,2026,F,235,49,38,87,-11,109,44,4,1,4,34,4,0,381,12.9,2800,11:55:00,5.5,2.8,8.3
Mike Card,2007,2007,D,4,0,0,0,0,0,0,0,0,0,0,0,0,0,NA,18,04:34:00,0,0,0
Claude Cardin,1968,1968,LW,1,0,0,0,-1,0,0,0,0,0,0,0,0,1,0,NA,NA,0,0,-0.1
Ethan Cardwell,2025,2026,RW,13,2,0,2,-5,4,2,0,0,1,0,0,0,11,18.2,153,11:45:00,0,0,0
Steve Cardwell,1971,1973,LW,53,9,11,20,-6,35,7,2,0,1,11,0,0,70,12.9,NA,NA,0.3,0.6,0.9
George Carey,1920,1924,RW,72,21,12,33,NA,20,NA,NA,NA,2,NA,NA,NA,NA,NA,NA,NA,-1.1,0.8,-0.3
Matt Carey,2014,2014,LW,2,1,0,1,-1,2,1,0,0,0,0,0,0,1,100,19,09:38:00,0.2,0,0.1
Paul Carey,2014,2020,C,100,8,8,16,-12,20,6,1,1,1,8,0,0,79,10.1,955,09:33:00,-0.2,0.7,0.5
Matt Carkner,2006,2014,D,237,4,23,27,-12,556,4,0,0,0,22,0,1,213,1.9,3382,14:16:00,-0.6,6.5,5.9
Terry Carkner,1987,1999,D,858,42,188,230,-2,1588,28,12,2,5,130,54,4,623,6.7,2488,18:18:00,4,41.4,45.4
Mathieu Carle,2010,2010,D,3,0,0,0,1,4,0,0,0,0,0,0,0,2,0,43,14:28:00,-0.1,0.2,0.1
Matt Carle,2006,2017,D,730,45,238,283,82,251,24,21,0,7,172,66,0,966,4.7,15125,20:43:00,17.7,36.5,54.2
Wayne Carleton,1966,1972,LW,278,55,73,128,9,170,50,5,0,7,65,7,1,617,8.9,NA,NA,4.4,3.3,7.7
Declan Carlile,2024,2026,D,45,2,2,4,10,40,2,0,0,0,2,0,0,36,5.6,652,14:30:00,-0.2,2,1.7
Brian Carlin,1972,1972,LW,5,1,0,1,0,0,1,0,0,0,0,0,0,3,33.3,NA,NA,0,0.1,0.1
Brandon Carlo,2017,2026,D,692,29,90,119,137,381,27,0,2,2,83,1,6,875,3.3,13668,19:45:00,-1.9,39.8,37.9
Jack Carlson,1979,1987,LW,236,30,15,45,-2,417,29,1,0,2,15,0,0,160,18.8,NA,NA,-4.2,3.5,-0.7
John Carlson,2010,2026,D,1158,170,613,783,111,394,119,49,2,33,377,229,7,2673,6.4,27329,23:36:00,65.7,62.3,128
Kent Carlson,1984,1989,D,113,7,11,18,-10,148,7,0,0,2,10,1,0,62,11.3,NA,NA,-0.5,6.3,5.7
Steve Carlson,1980,1980,C,52,9,12,21,-7,23,8,1,0,1,9,2,1,45,20,NA,NA,0.2,0.4,0.6
Anders Carlsson,1987,1989,C,104,7,26,33,-12,34,7,0,0,0,18,6,2,84,8.3,NA,NA,-1.1,0.9,-0.1
Gabriel Carlsson,2017,2023,D,81,3,15,18,-5,22,3,0,0,0,14,1,0,60,5,1023,12:38:00,0.8,1.7,2.6
Leo Carlsson,2024,2026,C,200,61,79,140,-1,63,46,12,3,8,56,21,2,409,14.9,3552,17:46:00,10,3.7,13.7
Lucas Carlsson,2020,2025,D,73,4,11,15,4,28,4,0,0,1,11,0,0,71,5.6,1022,14:00:00,0.6,2,2.6
Randy Carlyle,1977,1993,D,1055,148,499,647,-137,1400,89,55,4,18,245,240,14,2177,6.8,NA,NA,36.2,46.8,83
Patrik Carnbäck,1993,1996,C,154,24,38,62,-17,122,20,4,0,2,30,7,1,197,12.2,NA,NA,1.6,1.6,3.2
Keith Carney,1992,2008,D,1018,45,183,228,164,904,37,5,3,9,155,20,8,865,5.2,13567,20:04:00,5.3,61.5,66.8
Alain Caron,1968,1969,RW,61,9,13,22,-23,18,6,3,0,0,5,8,0,117,7.7,NA,NA,0.2,0.5,0.7
Jordan Caron,2011,2016,RW,157,12,16,28,-9,78,12,0,0,1,16,0,0,169,7.1,1661,10:35:00,-0.2,1.1,0.9
Bobby Carpenter,1982,1999,LW/C,1178,320,408,728,-82,919,231,82,7,40,297,103,8,2647,12.1,1873,15:21:00,32.3,13.8,46.1
Ed Carpenter,1920,1921,D,45,10,5,15,NA,41,NA,NA,NA,0,NA,NA,NA,NA,NA,NA,NA,-0.2,1.3,1.1
Ryan Carpenter,2016,2024,C,392,32,52,84,-48,122,27,1,4,4,48,1,3,480,6.7,4847,12:22:00,-1.8,4.1,2.3
Daniel Carr,2016,2021,LW,117,16,21,37,-2,28,13,3,0,2,20,1,0,165,9.7,1311,11:12:00,2.1,1.5,3.5
Gene Carr,1972,1979,C,465,79,136,215,11,365,68,9,2,12,103,33,0,741,10.7,NA,NA,4.8,6.2,11
Lorne Carr,1934,1946,RW,580,204,227,431,NA,132,164,35,5,24,188,37,2,NA,NA,NA,NA,30.9,8.4,39.3
Red Carr,1944,1944,LW,5,0,1,1,NA,4,0,0,0,0,1,0,0,NA,NA,NA,NA,-0.2,0.1,-0.1
Connor Carrick,2014,2023,D,242,13,37,50,-19,157,11,2,0,6,34,3,0,268,4.9,3855,15:56:00,1.9,6.5,8.4
Sam Carrick,2015,2026,C,393,43,46,89,-34,439,38,1,4,3,42,1,3,446,9.6,4434,11:17:00,0.6,4,4.6
Trevor Carrick,2016,2020,D,7,0,0,0,-2,12,0,0,0,0,0,0,0,5,0,70,09:57:00,-0.1,0,-0.1
Alexandre Carrier,2017,2026,D,369,20,89,109,31,205,18,1,1,3,83,4,2,394,5.1,7211,19:32:00,3.7,17.7,21.4
William Carrier,2017,2026,LW,526,69,67,136,22,238,69,0,0,13,67,0,0,782,8.8,5605,10:39:00,5,6.9,11.9
Larry Carriere,1973,1980,D,366,16,74,90,12,462,9,5,2,1,64,9,1,465,3.4,NA,NA,1.4,21.1,22.5
Gene Carrigan,1931,1935,C,37,2,1,3,NA,13,0,0,0,1,1,0,0,NA,NA,NA,NA,-1.4,0.8,-0.6
Billy Carroll,1981,1987,C,322,30,54,84,4,113,26,0,4,6,44,1,9,223,13.5,NA,NA,-4.8,3.3,-1.6
George Carroll,1925,1925,D,19,0,0,0,NA,9,NA,NA,NA,0,NA,NA,NA,NA,NA,NA,NA,-0.6,0.4,-0.2
Greg Carroll,1979,1980,C,131,20,34,54,-13,44,18,1,1,2,32,2,0,130,15.4,NA,NA,0.4,1.3,1.7
Dwight Carruthers,1966,1968,D,2,0,0,0,-1,0,0,0,0,0,0,0,0,0,NA,NA,NA,0,0.1,0.1
Bill Carse,1939,1942,C,124,27,40,67,NA,38,23,4,0,5,33,7,0,NA,NA,NA,NA,3.8,1.9,5.7
Bob Carse,1940,1948,LW,166,33,54,87,NA,52,27,5,1,3,50,4,0,NA,NA,NA,NA,2.3,2.6,4.9
Bill Carson,1927,1930,C,159,54,27,81,NA,121,NA,NA,NA,11,NA,NA,NA,NA,NA,NA,NA,16.1,3.8,19.9
Brett Carson,2009,2013,D,90,2,11,13,8,20,2,0,0,0,9,2,0,65,3.1,1366,15:11:00,0,3.6,3.6
Frank Carson,1926,1934,RW,248,42,48,90,NA,170,7,3,0,14,8,1,0,NA,NA,NA,NA,4.2,6.2,10.4
Gerry Carson,1929,1937,D,260,12,10,22,NA,199,5,1,0,2,7,1,0,NA,NA,NA,NA,-1.4,19.7,18.3
Jimmy Carson,1987,1996,C,626,275,286,561,-20,254,164,110,1,31,177,109,0,1567,17.5,NA,NA,39.1,6.5,45.6
Lindsay Carson,1982,1988,C,373,66,80,146,5,525,62,2,2,7,77,3,0,540,12.2,NA,NA,0.5,4.2,4.8
Anson Carter,1997,2007,RW,674,202,219,421,-12,229,127,72,3,36,147,71,1,1331,15.2,11188,17:35:00,33,12.1,45.1
Billy Carter,1958,1962,C,16,0,0,0,-4,0,0,0,0,0,0,0,0,6,0,NA,NA,-0.7,0.2,-0.5
Jeff Carter,2006,2024,C,1321,442,409,851,9,635,296,125,21,92,290,113,6,3967,11.1,23042,17:27:00,73.9,27.3,101.2
John Carter,1986,1993,LW,244,40,50,90,-19,201,29,7,4,3,44,5,1,436,9.2,NA,NA,0.4,3,3.4
Ron Carter,1980,1980,RW,2,0,0,0,0,0,0,0,0,0,0,0,0,0,NA,NA,NA,-0.1,0,-0.1
Ryan Carter,2008,2016,LW,473,41,52,93,-21,444,38,0,3,6,46,1,5,488,8.4,5014,10:36:00,0.7,5.3,6.1
Michael Caruso,2013,2013,D,2,0,0,0,-1,0,0,0,0,0,0,0,0,0,NA,16,07:55:00,0,0,-0.1
Joe Carveth,1941,1951,RW,502,150,187,337,NA,81,121,27,2,25,137,49,1,NA,NA,NA,NA,20,10,30
Seamus Casey,2025,2026,D,16,4,4,8,0,0,2,2,0,1,3,1,0,16,25,213,13:19:00,0.9,0.6,1.5
Wayne Cashman,1965,1983,LW,1027,277,516,793,278,1039,218,56,3,37,416,99,1,1747,15.9,NA,NA,44.3,17.7,62
Mike Casselman,1996,1996,C,3,0,0,0,-1,0,0,0,0,0,0,0,0,2,0,NA,NA,-0.1,0,-0.1
Andrew Cassels,1990,2006,C,1015,204,528,732,-73,410,123,72,9,28,289,212,27,1515,13.5,9608,18:35:00,44,13.9,57.9
Bruce Cassidy,1984,1990,D,36,4,13,17,-10,10,1,3,0,0,6,7,0,64,6.3,NA,NA,0.8,1.1,1.9
Tom Cassidy,1978,1978,C,26,3,4,7,-4,15,3,0,0,0,4,0,0,16,18.8,NA,NA,-0.2,0.3,0
Tony Cassolato,1980,1982,RW,23,1,6,7,3,4,1,0,0,0,5,1,0,22,4.5,NA,NA,-0.4,0.4,0
Daniel Catenacci,2016,2018,C,12,0,0,0,-3,0,0,0,0,0,0,0,0,8,0,107,08:56:00,-0.3,0,-0.3
Jackson Cates,2021,2023,C,20,1,1,2,-5,0,1,0,0,0,1,0,0,19,5.3,187,09:21:00,-0.2,0,-0.2
Noah Cates,2022,2026,LW,317,58,91,149,28,74,48,8,2,13,75,13,3,450,12.9,5053,15:56:00,6.3,7.3,13.6
Berkly Catton,2026,2026,F,64,7,10,17,-8,29,6,1,0,2,9,1,0,77,9.1,825,12:53:00,0.1,0.7,0.8
Cole Caufield,2021,2026,RW,368,169,138,307,-1,58,127,42,0,35,90,48,0,1187,14.2,6635,18:02:00,28.2,7.4,35.6
Jay Caufield,1987,1993,RW,208,5,8,13,-14,759,5,0,0,1,8,0,0,51,9.8,NA,NA,-6.4,2.1,-4.3
Gino Cavallini,1985,1993,LW,593,114,159,273,4,507,96,17,1,17,139,20,0,1029,11.1,NA,NA,5.7,7.7,13.4
Paul Cavallini,1987,1996,D,564,56,177,233,116,750,38,16,2,6,128,41,8,903,6.2,NA,NA,10.7,36,46.7
Tom Cavanagh,2008,2009,LW,18,1,2,3,-1,4,1,0,0,0,2,0,0,9,11.1,145,08:04:00,0,0.2,0.2
Colby Cave,2018,2020,C,67,4,5,9,-8,22,4,0,0,1,5,0,0,65,6.2,793,11:50:00,-0.9,0.6,-0.3
Cody Ceci,2014,2026,D,952,53,191,244,-8,210,52,1,0,11,171,12,8,1288,4.1,19449,20:26:00,6.7,36.6,43.3
Peter Cehlárik,2017,2020,LW,40,5,6,11,4,10,4,1,0,1,5,1,0,41,12.2,522,13:03:00,0.2,0.8,1
Macklin Celebrini,2025,2026,F,150,69,106,175,-22,72,53,16,0,9,68,38,0,517,13.3,3099,20:40:00,15.4,3,18.4
Ray Ceresino,1949,1949,RW,12,1,1,2,NA,2,1,0,0,1,1,0,0,NA,NA,NA,NA,-0.3,0.2,-0.1
Erik Černák,2019,2026,D,501,26,94,120,96,441,24,1,1,3,90,0,4,659,3.9,9467,18:54:00,2.8,25,27.8
František Černík,1985,1985,W,49,5,4,9,-7,13,5,0,0,0,4,0,0,50,10,NA,NA,-0.9,0.4,-0.5
Roman Červenka,2013,2013,C,39,9,8,17,-13,14,8,1,0,0,5,3,0,51,17.6,512,13:08:00,1.5,0,1.5
John Chabot,1984,1991,C,508,84,228,312,-38,85,65,9,10,9,170,43,15,609,13.8,NA,NA,9,5.6,14.6
Thomas Chabot,2017,2026,D,569,78,257,335,-53,270,64,12,2,5,171,85,1,1320,5.9,13492,23:43:00,24.7,25.6,50.3
John Chad,1940,1946,RW,80,15,22,37,NA,29,14,1,0,1,18,4,0,NA,NA,NA,NA,1.5,1.2,2.7
Mitchell Chaffee,2022,2026,F,108,16,9,25,-2,29,12,4,0,2,9,0,0,105,15.2,1240,11:29:00,0.6,1.3,1.8
Chick Chalmers,1954,1954,C,1,0,0,0,NA,0,0,0,0,0,0,0,0,NA,NA,NA,NA,0,0,0
Milan Chalupa,1985,1985,D,14,0,5,5,5,6,0,0,0,0,5,0,0,10,0,NA,NA,0.1,0.9,0.9
Murph Chamberlain,1938,1949,LW,510,100,175,275,NA,789,84,14,2,15,153,19,3,NA,NA,NA,NA,9.5,10.4,19.9
Shawn Chambers,1988,2000,D,625,50,185,235,-5,364,25,20,5,6,94,86,5,1075,4.7,2293,18:48:00,11.5,36.3,47.8
Andre Champagne,1963,1963,LW,2,0,0,0,0,0,0,0,0,0,0,0,0,2,0,NA,NA,-0.1,0,-0.1
Rene Chapdelaine,1991,1993,D,32,0,2,2,-5,32,0,0,0,0,2,0,0,12,0,NA,NA,-0.5,1,0.5
Art Chapman,1931,1940,C,431,62,176,238,NA,136,33,7,1,8,118,30,1,NA,NA,NA,NA,15.1,6.6,21.7
Blair Chapman,1977,1983,RW,402,106,125,231,-44,158,83,23,0,15,98,27,0,748,14.2,NA,NA,9.7,4.5,14.2
Brian Chapman,1991,1991,D,3,0,0,0,0,29,0,0,0,0,0,0,0,0,NA,NA,NA,-0.1,0.2,0.1
Michael Chaput,2014,2021,C,182,6,16,22,-34,88,6,0,0,0,16,0,0,141,4.3,1899,10:26:00,-2.2,0.9,-1.4
Zdeno Chára,1998,2022,D,1680,209,471,680,301,2085,108,93,8,35,311,133,27,3419,6.1,39485,23:30:00,49.9,105.1,155.1
José Charbonneau,1988,1995,RW,71,9,13,22,-6,67,8,1,0,0,11,2,0,83,10.8,NA,NA,-0.2,0.8,0.6
Stéphane Charbonneau,1992,1992,RW,2,0,0,0,-2,0,0,0,0,0,0,0,0,4,0,NA,NA,-0.1,0,-0.1
Bob Charlebois,1968,1968,LW,7,1,0,1,-4,0,0,1,0,0,0,0,0,8,12.5,NA,NA,-0.1,0,-0.1
Todd Charlesworth,1984,1990,D,93,3,9,12,-37,47,3,0,0,1,8,1,0,83,3.6,NA,NA,-0.8,2.6,1.7
Éric Charron,1993,2000,D,130,2,7,9,-10,127,2,0,0,0,5,1,1,76,2.6,409,11:40:00,-1.3,5.5,4.2
Guy Charron,1970,1981,C,734,221,309,530,-210,146,172,47,2,23,207,100,2,1809,12.2,NA,NA,30.9,5.9,36.7
Dave Chartier,1981,1981,C,1,0,0,0,0,0,0,0,0,0,0,0,0,0,NA,NA,NA,0,0,0
Rourke Chartier,2019,2024,C,56,3,1,4,-9,16,3,0,0,1,1,0,0,67,4.5,583,10:24:00,-0.9,0.3,-0.6
Brad Chartrand,2000,2004,C,215,25,25,50,-6,122,22,0,3,7,25,0,0,233,10.7,2528,11:46:00,1,2.5,3.5
Rick Chartraw,1975,1984,D/RW,420,28,64,92,47,399,27,1,0,4,61,3,0,442,6.3,NA,NA,0.4,21.8,22.2
Kelly Chase,1990,2000,RW,458,17,36,53,-14,2017,17,0,0,4,35,1,0,232,7.3,867,06:20:00,-9.9,5.3,-4.5
Denis Chassé,1994,1997,RW,132,11,14,25,2,292,9,2,0,1,14,0,0,96,11.5,NA,NA,-1.8,1.6,-0.2
Jalen Chatfield,2021,2026,D,335,23,52,75,65,151,22,0,1,7,50,0,2,436,5.3,5616,16:46:00,2.7,17.4,20.1
Vladimir Chebaturkin,1998,2002,D,62,2,7,9,7,52,2,0,0,0,7,0,0,26,7.7,900,14:31:00,0.2,2.5,2.7
Lude Check,1944,1945,LW,27,6,2,8,NA,4,5,0,1,2,2,0,0,NA,NA,NA,NA,-0.3,0.4,0.1
Jonathan Cheechoo,2003,2010,RW,501,170,135,305,29,324,105,62,3,36,87,48,0,1325,12.8,7875,15:43:00,26.8,10.8,37.6
Ivan Chekhovich,2021,2021,LW,4,0,1,1,-3,0,0,0,0,0,1,0,0,5,0,42,10:29:00,0,-0.1,-0.1
Chris Chelios,1984,2010,D,1651,185,763,948,351,2891,103,69,13,31,386,338,39,3627,5.1,16078,22:00:00,59.8,108.7,168.5
Jake Chelios,2019,2019,D,5,0,0,0,0,2,0,0,0,0,0,0,0,5,0,86,17:12:00,-0.1,0.2,0.1
Mike Chernoff,1969,1969,LW,1,0,0,0,0,0,0,0,0,0,0,0,0,0,NA,NA,NA,0,0,0
Rich Chernomaz,1982,1992,RW,51,9,7,16,-23,18,7,2,0,0,7,0,0,83,10.8,NA,NA,-0.1,0,-0.1
Igor Chernyshov,2026,2026,LW,26,8,10,18,2,4,6,2,0,2,8,2,0,44,18.2,391,15:02:00,1.5,0.5,2
Dick Cherry,1957,1970,D,145,12,10,22,-39,45,9,1,2,3,8,2,0,190,6.3,NA,NA,0.2,6.7,6.9
Denis Chervyakov,1993,1993,D,2,0,0,0,-1,2,0,0,0,0,0,0,0,2,0,NA,NA,0,0.1,0
Real Chevrefils,1952,1959,LW,387,104,97,201,NA,181,86,17,1,16,76,21,0,NA,NA,NA,NA,15.1,5.9,21
Ben Chiarot,2014,2026,D,804,50,134,184,-66,602,47,3,0,6,130,2,2,1110,4.5,15610,19:25:00,4.5,27.3,31.9
Alex Chiasson,2013,2023,RW,651,120,113,233,-44,359,73,43,4,17,75,34,4,921,13,8835,13:34:00,12.6,7.8,20.4
Steve Chiasson,1987,1999,D,751,93,305,398,37,1107,46,42,5,11,158,136,11,1875,5,2123,22:35:00,25.1,36.6,61.7
Igor Chibirev,1994,1995,C,45,7,12,19,8,2,7,0,0,1,10,2,0,39,17.9,NA,NA,0.5,0.9,1.4
Andrei Chibisov,2020,2020,F,2,0,0,0,0,0,0,0,0,0,0,0,0,1,0,15,07:27:00,0,0,0
Nikita Chibrikov,2024,2026,RW,15,3,1,4,0,14,3,0,0,1,0,1,0,18,16.7,147,09:49:00,0.3,0.2,0.5
Dan Chicoine,1978,1980,RW,31,1,2,3,-12,12,1,0,0,0,2,0,0,30,3.3,NA,NA,-1,0.1,-0.9
Jason Chimera,2001,2018,LW,1107,186,229,415,-31,892,162,14,10,30,209,19,1,2010,9.3,15017,13:34:00,23,14.8,37.9
Egor Chinakhov,2022,2026,RW,247,55,58,113,-44,46,48,7,0,9,49,9,0,460,12,3419,13:50:00,6.9,2.1,9
Rick Chinnick,1974,1975,RW,4,0,2,2,0,0,0,0,0,0,2,0,0,7,0,NA,NA,0,0.1,0.1
Kyle Chipchura,2008,2016,C,482,31,73,104,-45,376,29,1,1,2,70,1,2,372,8.3,5149,10:41:00,0.4,3.9,4.3
Ron Chipperfield,1980,1981,C,83,22,24,46,-24,34,19,2,1,2,21,3,0,155,14.2,NA,NA,1.8,0.3,2.1
Art Chisholm,1961,1961,C/D,3,0,0,0,-2,0,0,0,0,0,0,0,0,5,0,NA,NA,-0.1,0,-0.1
Colin Chisholm,1987,1987,D,1,0,0,0,0,0,0,0,0,0,0,0,0,0,NA,NA,NA,0,0,0
Declan Chisholm,2022,2026,D,125,6,22,28,-8,32,3,3,0,1,18,4,0,122,4.9,2017,16:08:00,0.9,3.8,4.7
Lex Chisholm,1940,1941,C/RW,61,10,8,18,NA,30,6,3,1,4,6,2,0,NA,NA,NA,NA,0.2,1.3,1.5
Stanislav Chistov,2003,2007,LW,196,19,42,61,-20,116,13,6,0,3,25,17,0,233,8.2,2282,11:39:00,2.2,2.2,4.4
Filip Chlapík,2018,2021,C,57,5,6,11,-13,18,5,0,0,1,5,1,0,58,8.6,550,09:39:00,0.1,0.1,0.2
Jaroslav Chmelar,2026,2026,RW,27,4,2,6,-2,7,4,0,0,1,2,0,0,22,18.2,243,09:00:00,0.3,0.3,0.6
Sasha Chmelevski,2021,2022,C,24,0,10,10,0,6,0,0,0,0,10,0,0,39,0,299,12:28:00,0.1,0.4,0.6
Dennis Cholowski,2019,2026,D,173,13,29,42,-60,40,8,5,0,2,18,11,0,185,7,2854,16:30:00,2,2.4,4.4
Marc Chorney,1981,1984,D,210,8,27,35,-69,209,8,0,0,1,23,3,1,167,4.8,NA,NA,-1.3,7.1,5.8
Taylor Chorney,2009,2018,D,166,4,18,22,-6,56,3,1,0,2,14,3,1,115,3.5,2420,14:35:00,-0.1,4.4,4.3
Tom Chorske,1990,2000,LW,596,115,122,237,-2,225,98,6,11,14,104,10,8,921,12.5,1879,13:19:00,8.8,7.5,16.3
Eric Chouinard,2001,2006,LW,90,11,11,22,-8,16,9,2,0,1,9,2,0,116,9.5,974,10:49:00,0.9,0.9,1.8
Gene Chouinard,1928,1928,D,8,0,0,0,NA,0,NA,NA,NA,0,NA,NA,NA,NA,NA,NA,NA,-0.3,1.1,0.8
Guy Chouinard,1975,1984,C,578,205,370,575,-3,120,137,68,0,16,219,151,0,1361,15.1,NA,NA,35.4,7,42.4
Marc Chouinard,2001,2007,C,320,37,41,78,-9,123,23,10,4,6,32,7,2,315,11.7,3816,11:55:00,1.2,5,6.2
Erik Christensen,2006,2012,C,387,68,95,163,-24,162,48,20,0,4,69,26,0,688,9.9,5016,12:58:00,10.2,4.5,14.7
Dave Christian,1980,1994,RW,1009,340,433,773,-64,284,230,102,8,35,272,151,10,2167,15.7,NA,NA,41.2,13.2,54.4
Jeff Christian,1992,1998,LW,18,2,2,4,-4,17,2,0,0,0,2,0,0,21,9.5,5,04:43:00,-0.1,0,-0.1
Jake Christiansen,2022,2026,D,152,2,16,18,-12,25,2,0,0,0,15,1,0,120,1.7,1857,12:13:00,-0.3,2.6,2.3
Mike Christie,1975,1981,D,412,15,101,116,-97,550,15,0,0,2,90,8,3,310,4.8,NA,NA,2,19.9,21.9
Ryan Christie,2000,2002,LW,7,0,0,0,-2,0,0,0,0,0,0,0,0,1,0,25,03:32:00,-0.1,0,-0.1
Steve Christoff,1980,1984,C,248,77,64,141,-18,108,64,13,0,7,55,9,0,468,16.5,NA,NA,5.4,3.1,8.5
Bob Chrystal,1954,1955,D,132,11,14,25,NA,112,7,4,0,3,8,5,1,NA,NA,NA,NA,1.2,5.8,7
Artem Chubarov,2000,2004,C,228,25,33,58,-3,40,22,2,1,8,29,0,4,297,8.4,3024,13:16:00,0.5,2.8,3.3
Kris Chucko,2009,2009,LW,2,0,0,0,0,2,0,0,0,0,0,0,0,0,NA,14,07:02:00,0,0,0
Brad Church,1998,1998,LW,2,0,0,0,0,0,0,0,0,0,0,0,0,4,0,22,10:46:00,-0.1,0,0
Jack Church,1939,1946,D,142,4,19,23,NA,154,4,0,0,2,16,3,0,NA,NA,NA,NA,-0.6,10.7,10.1
Shane Churla,1987,1997,RW,488,26,45,71,-52,2301,22,4,0,3,40,5,0,335,7.8,NA,NA,-11,5.1,-5.9
Jakob Chychrun,2017,2026,D,621,122,201,323,-32,422,81,41,0,24,148,53,0,1519,8,13375,21:32:00,28.2,27.7,55.9
Jeff Chychrun,1987,1994,D,262,3,22,25,-14,742,3,0,0,2,20,1,1,163,1.8,NA,NA,-3.3,11.8,8.5
Dean Chynoweth,1989,1998,D,241,4,18,22,-22,667,4,0,0,0,18,0,0,145,2.8,24,11:45:00,-2.7,9.8,7.1
Filip Chytil,2018,2026,C,405,80,93,173,-25,104,72,8,0,11,79,14,0,835,9.6,5749,14:12:00,8.8,5.6,14.5
Dave Chyzowski,1990,1997,LW,126,15,16,31,-29,144,12,3,0,1,11,5,0,164,9.1,NA,NA,-1.3,0.9,-0.4
Peter Ciavaglia,1992,1993,C,5,0,0,0,1,0,0,0,0,0,0,0,0,3,0,NA,NA,-0.2,0.1,-0.1
Martin Cibák,2002,2006,C,154,5,18,23,-16,60,5,0,0,0,18,0,0,116,4.3,1197,07:46:00,-0.4,0.8,0.4
Dino Ciccarelli,1981,1999,RW,1232,608,592,1200,-4,1425,375,232,1,73,400,191,1,3706,16.4,186,13:15:00,90,15.8,105.8
Enrico Ciccone,1992,2001,D,374,10,18,28,-11,1469,10,0,0,1,16,2,0,290,3.4,667,10:46:00,-3.5,17.5,14.1
Nick Cicek,2023,2023,D,16,0,4,4,-7,15,0,0,0,0,4,0,0,3,0,231,14:25:00,0.1,0,0.1
Chris Cichocki,1986,1989,RW,68,11,12,23,-8,27,9,1,1,0,10,2,0,80,13.8,NA,NA,-0.3,0.8,0.5
Ivan Čiernik,1998,2004,RW,89,12,14,26,9,32,12,0,0,2,14,0,0,99,12.1,886,09:57:00,1.5,1.2,2.7
Jozef Čierny,1994,1994,LW,1,0,0,0,-1,0,0,0,0,0,0,0,0,0,NA,NA,NA,0,0,-0.1
Hank Ciesla,1956,1959,C,271,26,51,77,NA,85,23,3,0,6,46,5,0,NA,NA,NA,NA,-1.9,3.2,1.3
Zdeno Cíger,1991,2002,LW,352,94,134,228,-54,101,67,27,0,11,89,44,1,665,14.1,856,15:17:00,13.7,3,16.8
Tony Cimellaro,1993,1993,C,2,0,0,0,-2,0,0,0,0,0,0,0,0,4,0,NA,NA,-0.1,0,-0.1
Rob Cimetta,1989,1992,W,103,16,16,32,0,66,14,2,0,2,13,3,0,81,19.8,NA,NA,-0.3,1.6,1.3
Joe Cirella,1982,1996,D,828,64,211,275,-200,1446,40,22,2,4,127,76,8,1084,5.9,NA,NA,7.8,31,38.8
Anthony Cirelli,2018,2026,C,582,147,197,344,162,297,113,15,19,24,168,21,8,1008,14.6,10138,17:25:00,20.1,16.4,36.5
Jason Cirone,1992,1992,C,3,0,0,0,0,2,0,0,0,0,0,0,0,1,0,NA,NA,-0.1,0,-0.1
Marián Cisár,2000,2002,RW,73,13,17,30,-12,57,7,6,0,1,14,3,0,115,11.3,944,12:56:00,1.8,0.8,2.6
Casey Cizikas,2012,2026,C,978,124,156,280,-1,457,110,1,13,21,141,6,10,1177,10.5,12949,13:14:00,6.2,14.9,21.1
Kim Clackson,1980,1981,D,106,0,8,8,-10,370,0,0,0,0,8,0,0,32,0,NA,NA,-1.6,4.9,3.2
Fredrik Claesson,2016,2022,D,170,7,21,28,-7,62,7,0,0,0,19,0,2,153,4.6,2598,15:17:00,0.5,5,5.5
Kale Clague,2020,2024,D,94,2,19,21,-22,52,2,0,0,0,16,3,0,78,2.6,1506,16:01:00,0.4,1.5,1.9
King Clancy,1922,1937,D,592,137,150,287,NA,914,18,0,4,31,39,4,0,NA,NA,3,NA,45.2,59,104.1
Terry Clancy,1968,1973,RW,93,6,6,12,-11,39,6,0,0,1,6,0,0,96,6.3,NA,NA,-2.5,1,-1.5
Dit Clapper,1928,1947,RW/D,835,229,248,477,NA,452,107,13,2,45,158,19,3,NA,NA,NA,NA,54.6,39.6,94.2
Brett Clark,1998,2013,D,689,45,141,186,-60,293,28,17,0,5,94,45,2,825,5.5,13139,19:04:00,8.7,22.9,31.7
Chris Clark,2000,2011,RW,607,103,111,214,-48,700,73,22,8,12,89,19,3,1023,10.1,8636,14:14:00,9.3,7.1,16.4
Dan Clark,1979,1979,D,4,0,1,1,1,6,0,0,0,0,1,0,0,4,0,NA,NA,0,0.2,0.2
Dean Clark,1984,1984,D,1,0,0,0,0,0,0,0,0,0,0,0,0,0,NA,NA,NA,0,0,0
Gordie Clark,1975,1976,RW,8,0,1,1,-5,0,0,0,0,0,1,0,0,4,0,NA,NA,-0.3,-0.1,-0.3
Mat Clark,2012,2015,D,9,0,1,1,0,6,0,0,0,0,1,0,0,4,0,111,12:23:00,0,0.2,0.2
Nobby Clark,1928,1928,D,2,0,0,0,NA,0,NA,NA,NA,0,NA,NA,NA,NA,NA,NA,NA,-0.1,0.2,0.2
Wendel Clark,1986,2000,LW,793,330,234,564,-130,1690,229,101,0,43,162,72,0,2340,14.1,2323,14:48:00,44.9,6.6,51.5
Bobby Clarke,1970,1984,C,1144,358,852,1210,507,1453,227,99,32,38,583,234,35,2582,13.9,NA,NA,79.3,26.8,106.1
Brandt Clarke,2023,2026,D,184,15,66,81,17,125,11,4,0,3,44,22,0,332,4.5,3215,17:28:00,5.6,8.7,14.2
Dale Clarke,2001,2001,D,3,0,0,0,1,0,0,0,0,0,0,0,0,5,0,41,13:38:00,0,0.2,0.1
Graeme Clarke,2024,2024,RW,3,0,0,0,-2,2,0,0,0,0,0,0,0,2,0,34,11:23:00,-0.1,0,-0.1
Noah Clarke,2004,2008,LW,21,3,1,4,-5,4,2,0,1,0,1,0,0,20,15,179,08:30:00,0.2,0,0.2
David Clarkson,2007,2016,RW,570,114,86,200,-66,992,88,26,0,23,67,19,0,1254,9.1,7977,14:00:00,12,7.6,19.6
Greg Classen,2001,2003,C,90,7,10,17,-6,48,5,1,1,0,9,1,0,52,13.5,915,10:10:00,0,0.9,1
Connor Clattenburg,2026,2026,F,5,1,0,1,1,13,1,0,0,0,0,0,0,3,33.3,36,07:12:00,0.1,0.1,0.2
Daniel Cleary,1998,2015,RW,938,165,222,387,6,492,126,32,7,28,182,35,5,1711,9.6,13534,14:26:00,20.7,14.4,35.1
Odie Cleghorn,1919,1928,RW/C,182,94,35,129,NA,150,NA,NA,NA,10,NA,NA,NA,NA,NA,60,NA,9.8,5.6,15.6
Sprague Cleghorn,1919,1928,D,262,85,63,148,NA,549,NA,NA,NA,11,NA,NA,NA,NA,NA,5,NA,16.6,31.9,48.5
Bill Clement,1972,1982,C,719,148,208,356,-21,383,123,9,16,20,169,24,15,1092,13.6,NA,NA,10.6,8.4,19
Adam Clendening,2015,2019,D,90,4,20,24,11,49,2,2,0,0,17,3,0,105,3.8,1391,15:27:00,1.4,3.7,5.1
Marc-André Cliche,2010,2015,C,151,3,11,14,-12,34,3,0,0,0,10,0,1,137,2.2,1595,10:34:00,-2.6,1.1,-1.5
Kyle Clifford,2011,2023,LW,753,66,78,144,-22,905,65,1,0,6,77,0,1,996,6.6,7667,10:11:00,0.9,8.9,9.8
Connor Clifton,2019,2026,D,434,17,66,83,48,343,16,0,1,2,62,0,4,438,3.9,7259,16:44:00,0.9,18.4,19.3
Bruce Cline,1957,1957,RW,30,2,3,5,NA,10,2,0,0,1,3,0,0,NA,NA,NA,NA,-0.7,0.3,-0.4
Steve Clippingdale,1977,1980,LW,19,1,2,3,3,9,1,0,0,0,2,0,0,14,7.1,NA,NA,-0.5,0.4,-0.1
Grant Clitsome,2010,2015,D,205,15,56,71,2,98,10,5,0,1,40,15,1,264,5.7,3747,18:17:00,5.1,7.8,12.8
Réal Cloutier,1980,1985,RW,318,146,198,344,16,119,109,37,0,19,116,82,0,918,15.9,NA,NA,22,4.4,26.4
Réjean Cloutier,1980,1982,D,5,0,2,2,2,2,0,0,0,0,2,0,0,1,0,NA,NA,0,0.4,0.4
Roland Cloutier,1978,1980,C,34,8,9,17,-1,2,7,1,0,1,9,0,0,60,13.3,NA,NA,0.5,0.5,1.1
Sylvain Cloutier,1999,1999,C,7,0,0,0,-1,0,0,0,0,0,0,0,0,3,0,38,05:28:00,-0.1,0,-0.1
Ryane Clowe,2006,2015,LW,491,112,197,309,7,618,80,32,0,11,141,56,0,1020,11,8090,16:29:00,22.2,9.9,32.1
Rich Clune,2010,2016,LW,139,7,15,22,-2,327,7,0,0,2,15,0,0,92,7.6,1194,08:35:00,-0.2,1.3,1.1
Wally Clune,1956,1956,D,5,0,0,0,NA,6,0,0,0,0,0,0,0,NA,NA,NA,NA,-0.1,0.4,0.3
Nathan Clurman,2025,2025,D,1,0,0,0,0,2,0,0,0,0,0,0,0,4,0,11,11:05:00,0,0,0
Cal Clutterbuck,2008,2024,RW,1064,143,150,293,-19,698,114,12,17,25,136,7,7,1660,8.6,14494,13:37:00,6,16.4,22.3
Ben Clymer,2000,2007,RW,438,52,77,129,-64,367,39,13,0,6,55,22,0,700,7.4,6415,14:39:00,5.1,4.7,9.8
Gary Coalter,1974,1975,RW,34,2,4,6,-12,2,2,0,0,1,4,0,0,26,7.7,NA,NA,-0.8,0.4,-0.4
Steve Coates,1977,1977,RW,5,1,0,1,-1,24,1,0,0,0,0,0,0,5,20,NA,NA,0,0.1,0
Braydon Coburn,2006,2021,D,983,49,185,234,46,720,37,10,2,4,153,24,8,1298,3.8,19015,19:21:00,7.9,39.8,47.7
Glen Cochrane,1979,1989,D,411,17,72,89,60,1556,16,0,1,5,65,5,2,313,5.4,NA,NA,-1,22.8,21.8
Paul Coffey,1981,2001,D,1409,396,1135,1531,298,1802,241,135,20,43,575,529,31,4389,9,4007,20:14:00,117,68.8,185.7
Hugh Coflin,1951,1951,D,31,0,3,3,NA,33,0,0,0,0,3,0,0,NA,NA,NA,NA,-0.3,0.3,0.1
Dylan Coghlan,2021,2026,D,115,6,16,22,-9,28,4,2,0,1,14,2,0,182,3.3,1600,13:55:00,0.8,2.6,3.5
Andrew Cogliano,2008,2024,LW/C,1294,190,274,464,31,449,159,9,22,30,240,19,14,1934,9.8,18235,14:06:00,19,21.9,40.9
Colby Cohen,2011,2011,D,3,0,0,0,-1,4,0,0,0,0,0,0,0,2,0,53,17:44:00,-0.1,0,0
Carlo Colaiacovo,2003,2016,D,470,34,123,157,-6,231,27,6,1,6,68,53,2,523,6.5,8174,17:23:00,11,17.4,28.4
Sam Colangelo,2024,2026,RW,44,12,2,14,-7,8,10,2,0,1,2,0,0,55,21.8,529,12:01:00,1.1,0.3,1.4
Joe Colborne,2011,2017,C,295,42,72,114,-38,144,34,7,1,4,62,10,0,307,13.7,4100,13:54:00,5.8,3.1,8.9
Danton Cole,1990,1996,C/RW,318,58,60,118,-26,125,42,11,5,6,51,9,0,507,11.4,NA,NA,2.1,4.5,6.6
Erik Cole,2002,2015,LW,892,265,267,532,-7,659,195,61,9,47,196,66,5,2050,12.9,15494,17:22:00,42.3,16.6,59
Ian Cole,2011,2026,D,989,38,195,233,169,871,38,0,0,4,186,6,3,1002,3.8,17829,18:02:00,6,48.2,54.2
Blake Coleman,2017,2026,C,692,170,155,325,49,514,136,12,22,28,143,4,8,1671,10.2,11126,16:05:00,18.6,15.6,34.1
Kevin Colley,2006,2006,C,16,0,0,0,-2,52,0,0,0,0,0,0,0,4,0,76,04:44:00,-0.2,0,-0.2
Tom Colley,1975,1975,C,1,0,0,0,-3,2,0,0,0,0,0,0,0,0,NA,NA,NA,0,-0.1,-0.1
Norm Collings,1935,1935,F,1,0,1,1,NA,0,0,0,0,0,1,0,0,NA,NA,NA,NA,0.1,0,0.1
Bill Collins,1968,1978,RW,768,157,154,311,-121,415,130,10,17,18,128,15,11,1468,10.7,NA,NA,7.9,8.4,16.3
Rob Collins,2006,2006,C,8,1,1,2,1,0,0,1,0,0,1,0,0,8,12.5,52,06:27:00,0.1,0.1,0.2
Sean Collins,2009,2012,D,21,2,1,3,2,12,2,0,0,1,1,0,0,21,9.5,299,14:14:00,0.2,0.7,0.9
Sean Collins,2013,2016,C,21,0,3,3,-2,10,0,0,0,0,3,0,0,10,0,211,10:04:00,-0.3,0.1,-0.1
Jeremy Colliton,2006,2011,C,57,3,3,6,-12,26,1,2,0,0,3,0,0,36,8.3,509,08:56:00,-0.5,0.1,-0.4
Bob Collyard,1974,1974,C,10,1,3,4,1,4,1,0,0,0,3,0,0,12,8.3,NA,NA,0,0.2,0.2
Michael Colman,1992,1992,D,15,0,1,1,-8,32,0,0,0,0,1,0,0,7,0,NA,NA,-0.2,0.3,0.1
Ross Colton,2021,2026,C,403,89,87,176,-1,182,76,13,0,18,74,13,0,780,11.4,5205,12:55:00,11.2,5.4,16.6
Mac Colville,1936,1947,RW/D,353,71,102,173,NA,130,62,6,3,15,74,21,7,NA,NA,NA,NA,8.8,6.9,15.7
Neil Colville,1936,1949,C/D,465,100,166,266,NA,213,85,8,7,19,130,30,6,NA,NA,NA,NA,21.3,15.5,36.8
Les Colwill,1959,1959,RW,69,7,6,13,NA,16,5,0,2,3,5,0,1,NA,NA,NA,NA,-1.2,0.9,-0.3
Blake Comeau,2007,2022,RW,909,141,193,334,-96,573,119,12,10,23,162,25,6,1522,9.3,13927,15:19:00,12.3,13.1,25.4
Rey Comeau,1972,1980,C,564,98,141,239,-8,175,84,9,5,16,127,11,3,872,11.2,NA,NA,3.9,8.9,12.8
Mike Commodore,2001,2012,D,484,23,83,106,-3,683,21,0,2,6,70,7,6,565,4.1,8629,17:50:00,3.5,16.8,20.3
J.T. Compher,2017,2026,LW,657,129,173,302,-27,233,91,30,8,19,136,34,3,988,13.1,11232,17:06:00,11.4,11.8,23.1
Mike Comrie,2001,2011,C,589,168,197,365,-49,443,119,48,1,25,111,84,2,1255,13.4,9486,16:06:00,29.4,8.6,38.1
Paul Comrie,2000,2000,C,15,1,2,3,-2,4,1,0,0,0,2,0,0,11,9.1,155,10:21:00,0,0.1,0.1
Max Comtois,2019,2024,LW,211,38,49,87,-35,193,35,3,0,4,41,8,0,297,12.8,3034,14:23:00,4.2,2.5,6.7
Brian Conacher,1962,1972,LW,155,28,28,56,9,84,25,1,2,2,27,1,0,249,11.2,NA,NA,0.9,2.4,3.3
Charlie Conacher,1930,1941,RW,461,224,172,396,NA,523,106,19,0,41,83,35,0,NA,NA,10,NA,56.4,10,66.5
Cory Conacher,2013,2020,LW,193,28,47,75,-1,118,24,4,0,7,44,3,0,257,10.9,2421,12:33:00,4.5,2.3,6.8
Jim Conacher,1946,1953,C,328,85,117,202,NA,87,69,16,0,12,101,16,0,NA,NA,NA,NA,13.7,3.5,17.2
Lionel Conacher,1926,1937,D,498,78,108,186,NA,883,16,7,1,17,34,11,1,NA,NA,NA,NA,29.2,36.3,65.5
Pat Conacher,1980,1996,LW,521,63,76,139,-37,235,54,0,9,6,67,3,6,494,12.8,NA,NA,-4.1,4.5,0.4
Pete Conacher,1952,1958,LW,229,47,39,86,NA,55,43,4,0,8,30,9,0,NA,NA,NA,NA,4.6,1.9,6.5
Roy Conacher,1939,1952,LW,490,226,201,427,NA,88,194,32,0,40,153,47,1,NA,NA,NA,NA,44.4,6.4,50.8
Tim Conboy,2008,2010,D,59,0,6,6,-5,121,0,0,0,0,6,0,0,34,0,334,05:40:00,0,0.1,0.1
Lucas Condotta,2023,2025,F,11,2,0,2,-1,0,2,0,0,0,0,0,0,12,16.7,91,08:16:00,0.1,0.1,0.2
Erik Condra,2011,2019,RW,372,40,59,99,16,176,35,1,4,4,54,0,5,528,7.6,4840,13:01:00,2.1,5.6,7.7
Red Conn,1934,1935,LW,96,9,28,37,NA,22,8,1,0,0,26,2,0,NA,NA,NA,NA,3.7,4.5,8.2
Rob Conn,1992,1996,W,30,2,5,7,-8,20,2,0,0,0,5,0,0,39,5.1,NA,NA,-0.4,0.2,-0.2
Kevin Connauton,2014,2022,D,360,28,52,80,5,188,28,0,0,7,42,8,2,499,5.6,5657,15:43:00,4.7,12.9,17.6
Bert Connelly,1935,1938,LW,87,13,15,28,NA,37,13,0,0,4,14,1,0,NA,NA,NA,NA,0.6,1.2,1.8
Wayne Connelly,1961,1972,C,543,133,174,307,-146,154,95,38,0,20,106,68,0,1487,8.9,NA,NA,17,4.1,21.1
Chris Conner,2007,2015,RW,180,22,28,50,-1,38,22,0,0,5,27,1,0,226,9.7,2051,11:24:00,1.9,2.3,4.2
Brett Connolly,2012,2022,RW,536,101,94,195,9,241,85,16,0,20,83,11,0,730,13.8,6630,12:22:00,12.6,6.7,19.3
Mike Connolly,2012,2012,LW,2,0,0,0,0,2,0,0,0,0,0,0,0,1,0,25,12:21:00,-0.1,0,0
Tim Connolly,2000,2012,C,697,131,300,431,-55,300,81,46,4,28,177,117,6,1369,9.6,12308,17:39:00,24.9,11.8,36.7
Cam Connor,1979,1983,RW,89,9,22,31,13,256,9,0,0,0,20,2,0,82,11,NA,NA,-0.6,1.3,0.8
Harry Connor,1928,1931,LW,132,16,5,21,NA,149,NA,NA,NA,4,NA,NA,NA,NA,NA,NA,NA,0,3.4,3.4
Kyle Connor,2017,2026,LW,694,323,351,674,-9,155,242,72,9,65,236,113,2,2193,14.7,13758,19:49:00,59.7,15.6,75.3
Bob Connors,1927,1930,LW/D,78,17,10,27,NA,108,NA,NA,NA,1,NA,NA,NA,NA,NA,NA,NA,4.7,1.8,6.6
Kenny Connors,2026,2026,C,2,0,0,0,-1,0,0,0,0,0,0,0,0,5,0,17,08:40:00,0,0,-0.1
Al Conroy,1992,1994,C,114,9,14,23,-12,156,8,0,1,1,13,1,0,89,10.1,NA,NA,-1.9,1,-0.9
Craig Conroy,1995,2011,C,1009,182,360,542,98,603,140,25,17,26,272,70,18,1512,12,15650,16:44:00,29.4,21.9,51.3
Joe Contini,1978,1981,C,68,17,21,38,-21,34,12,5,0,1,12,9,0,75,22.7,NA,NA,1.7,0.6,2.3
Brandon Convery,1996,1999,C,72,9,19,28,-12,36,6,3,0,2,12,6,1,73,12.3,222,10:05:00,1,0.5,1.5
Eddie Convey,1931,1933,LW/C,34,1,1,2,NA,35,NA,NA,NA,1,NA,NA,NA,NA,NA,NA,NA,-1.4,0.4,-1
Bill Cook,1927,1937,RW,475,228,138,366,NA,386,33,9,0,43,30,12,0,NA,NA,NA,NA,63,9.4,72.4
Bob Cook,1971,1975,RW,72,13,9,22,-19,22,11,2,0,0,8,1,0,137,9.5,NA,NA,-0.2,0.8,0.6
Bud Cook,1932,1935,C,50,5,4,9,NA,22,1,0,0,0,0,0,0,NA,NA,NA,NA,-0.7,0.8,0
Bun Cook,1927,1937,LW,477,158,146,304,NA,458,32,6,1,31,32,14,0,NA,NA,NA,NA,42.1,9.5,51.6
Lloyd Cook,1925,1925,D,4,1,0,1,NA,0,NA,NA,NA,0,NA,NA,NA,NA,NA,NA,NA,0.2,0,0.2
Tom Cook,1930,1938,C,348,76,98,174,NA,180,18,5,0,18,34,7,0,NA,NA,2,NA,13,7.5,20.5
Matt Cooke,1999,2015,C,1046,167,231,398,61,1135,145,7,15,25,202,17,12,1409,11.9,14859,14:12:00,18.7,18.3,36.9
Logan Cooley,2024,2026,C,210,69,83,152,-7,90,50,16,3,7,56,27,0,411,16.8,3558,16:57:00,11.8,3.9,15.7
Carson Cooper,1925,1932,RW,295,110,62,172,NA,126,NA,NA,NA,29,NA,NA,NA,NA,NA,NA,NA,32,6.3,38.3
David Cooper,1997,2001,D,30,3,7,10,-2,24,1,2,0,0,5,2,0,39,7.7,141,12:51:00,0.7,1.2,1.9
Ed Cooper,1981,1982,LW,49,8,7,15,-6,46,7,1,0,2,7,0,0,53,15.1,NA,NA,-0.4,0.8,0.4
Hal Cooper,1945,1945,RW,8,0,0,0,NA,2,0,0,0,0,0,0,0,NA,NA,NA,NA,-0.4,0.1,-0.4
Joe Cooper,1936,1947,D,420,30,67,97,NA,450,24,6,0,4,52,14,1,NA,NA,NA,NA,3,27.9,30.8
Braeden Cootes,2026,2026,C,3,0,0,0,-2,0,0,0,0,0,0,0,0,0,NA,32,10:47:00,-0.1,0,-0.1
Andrew Copp,2015,2026,C,778,123,220,343,78,173,101,13,9,22,185,27,8,1142,10.8,11776,15:08:00,13.8,16.6,30.4
Bobby Copp,1943,1951,D,30,3,9,12,NA,26,3,0,0,1,8,1,0,NA,NA,NA,NA,0.5,2.6,3.1
Carl Corazzini,2004,2007,C,19,2,1,3,2,2,1,0,1,0,1,0,0,21,9.5,204,10:44:00,0,0.3,0.3
Bert Corbeau,1918,1927,D,258,63,48,111,NA,665,NA,NA,NA,7,NA,NA,NA,NA,NA,NA,NA,8.8,21.1,29.9
René Corbet,1994,2001,LW,362,58,74,132,23,420,47,11,0,9,55,18,1,619,9.4,2897,12:17:00,5.6,4.9,10.5
Norm Corcoran,1950,1956,C/RW,29,1,3,4,NA,21,1,0,0,1,3,0,0,NA,NA,NA,NA,-0.8,0.3,-0.5
Bob Corkum,1990,2002,C,720,97,103,200,-73,281,83,4,10,9,91,6,6,1065,9.1,5293,15:13:00,-0.9,7.1,6.3
Lukas Cormier,2024,2024,D,2,0,1,1,1,0,0,0,0,0,0,1,0,3,0,35,17:17:00,0.1,0.1,0.2
Patrice Cormier,2011,2016,C,52,1,4,5,-5,18,1,0,0,0,4,0,0,44,2.3,375,07:13:00,-0.4,0.2,-0.2
Roger Cormier,1926,1926,RW,1,0,0,0,NA,0,NA,NA,NA,0,NA,NA,NA,NA,NA,NA,NA,-0.1,0,-0.1
Philippe Cornet,2012,2012,LW,2,0,1,1,0,0,0,0,0,0,1,0,0,0,NA,21,10:35:00,0.1,0,0.1
Mark Cornforth,1996,1996,D,6,0,0,0,4,4,0,0,0,0,0,0,0,1,0,NA,NA,-0.1,0.5,0.4
Matthew Coronato,2023,2026,RW,191,45,55,100,-37,63,32,13,0,7,36,19,0,437,10.3,3110,16:17:00,5.9,2.9,8.8
Frank Corrado,2013,2018,D,76,3,5,8,-24,40,3,0,0,0,4,1,0,87,3.4,1068,14:03:00,-0.1,0.4,0.3
Matthew Corrente,2010,2011,D,34,0,6,6,-5,68,0,0,0,0,6,0,0,27,0,405,11:56:00,0.2,0.8,0.9
Chuck Corrigan,1938,1941,RW,18,2,2,4,NA,2,2,0,0,0,2,0,0,NA,NA,NA,NA,-0.3,0.1,-0.2
Mike Corrigan,1968,1978,LW,594,152,195,347,-94,698,109,42,1,17,145,47,3,1084,14,NA,NA,17,6.3,23.3
Chris Corrinet,2002,2002,RW,8,0,1,1,-4,6,0,0,0,0,1,0,0,8,0,81,10:04:00,-0.1,-0.1,-0.2
Andre Corriveau,1954,1954,RW,3,0,1,1,NA,0,0,0,0,0,1,0,0,NA,NA,NA,NA,0,0.1,0
Yvon Corriveau,1986,1994,LW,280,48,40,88,-9,310,42,6,0,3,39,1,0,358,13.4,NA,NA,-0.5,3.8,3.3
Daniel Corso,2001,2004,C,77,14,11,25,0,20,8,6,0,6,8,3,0,69,20.3,948,12:19:00,1.5,1.1,2.6
Shayne Corson,1986,2004,LW,1156,273,420,693,43,2357,177,90,6,35,297,113,10,2253,12.1,7321,17:54:00,35.8,19.2,55
Joe Corvo,2003,2014,D,708,92,218,310,25,241,50,40,2,21,112,106,0,1547,5.9,14638,20:40:00,26.1,29.1,55.3
Ross Cory,1980,1981,D,51,2,10,12,-25,41,1,1,0,0,7,3,0,48,4.2,NA,NA,0,2,2
Jacques Cossette,1976,1979,RW,64,8,6,14,-6,29,6,2,0,1,6,0,0,58,13.8,NA,NA,-0.9,0.7,-0.2
Les Costello,1949,1949,LW,15,2,3,5,NA,11,2,0,0,0,3,0,0,NA,NA,NA,NA,0,0.2,0.2
Murray Costello,1954,1957,C,163,13,19,32,NA,54,9,3,1,0,17,1,1,NA,NA,NA,NA,-2.4,1.9,-0.5
Rich Costello,1984,1986,C,12,2,2,4,-6,2,1,1,0,0,2,0,0,9,22.2,NA,NA,0,0,0
Charlie Cotch,1925,1925,LW,12,1,0,1,NA,0,NA,NA,NA,0,NA,NA,NA,NA,NA,NA,NA,-0.7,0.3,-0.3
Alain Côté,1980,1989,LW,696,103,190,293,22,383,91,2,10,8,177,3,10,915,11.3,NA,NA,0.3,9.6,9.9
Alain Côté,1986,1994,D,119,2,18,20,5,124,2,0,0,0,18,0,0,99,2,NA,NA,-0.8,7,6.3
Jean-Philippe Côté,2006,2014,D,27,0,4,4,2,26,0,0,0,0,4,0,0,14,0,278,10:18:00,0.1,0.7,0.8
Patrick Côté,1996,2001,LW,105,1,2,3,-19,377,1,0,0,0,2,0,0,33,3,437,04:22:00,-1,-0.2,-1.2
Ray Cote,1984,1985,C,15,0,0,0,-5,4,0,0,0,0,0,0,0,13,0,NA,NA,-0.6,-0.1,-0.7
Riley Cote,2007,2010,RW,156,1,6,7,-5,411,1,0,0,0,5,1,0,51,2,643,04:07:00,-1,0.5,-0.5
Sylvain Côté,1985,2003,D,1171,122,313,435,39,545,81,35,6,20,195,105,13,2237,5.5,5884,20:01:00,23.7,62.8,86.6
Paul Cotter,2022,2026,C,296,47,35,82,-53,143,45,2,0,5,32,3,0,338,13.9,3611,12:12:00,2.6,2.6,5.2
Baldy Cotton,1926,1937,LW,503,101,104,205,NA,449,23,5,0,19,29,8,0,NA,NA,NA,NA,14.4,9.3,23.7
Jack Coughlin,1918,1921,RW,20,2,0,2,NA,3,NA,NA,NA,0,NA,NA,NA,NA,NA,NA,NA,-1.3,0.3,-1
Tim Coulis,1980,1986,LW,47,4,5,9,-13,138,4,0,0,0,5,0,0,36,11.1,NA,NA,-0.9,0.3,-0.7
Patrick Coulombe,2007,2007,D,7,0,1,1,-6,4,0,0,0,0,1,0,0,11,0,95,13:38:00,0,-0.2,-0.2
D'arcy Coulson,1931,1931,D,28,0,0,0,NA,103,NA,NA,NA,0,NA,NA,NA,NA,NA,NA,NA,-0.6,-0.6,-1.2
Art Coulter,1932,1942,D,458,31,82,113,NA,546,24,3,1,9,65,11,3,NA,NA,NA,NA,6.3,39.9,46.1
Neal Coulter,1986,1988,RW,26,5,5,10,-2,11,5,0,0,0,5,0,0,22,22.7,NA,NA,0,0.2,0.3
Thomas Coulter,1934,1934,D,2,0,0,0,NA,0,0,0,0,0,0,0,0,NA,NA,NA,NA,-0.1,0.1,-0.1
Yvan Cournoyer,1964,1979,RW,968,428,435,863,254,233,275,152,1,68,273,162,0,2427,17.6,NA,NA,72.6,18.7,91.3
Yves Courteau,1985,1987,RW,22,2,5,7,-4,4,2,0,0,1,5,0,0,29,6.9,NA,NA,-0.2,0.1,-0.1
Ed Courtenay,1992,1993,RW,44,7,13,20,-21,10,5,2,0,1,3,10,0,63,11.1,NA,NA,0.4,0.2,0.5
Geoff Courtnall,1984,2000,LW,1048,367,432,799,118,1463,258,107,2,55,302,128,2,3087,11.9,1677,15:23:00,53.9,16.7,70.6
Russ Courtnall,1984,1999,RW,1029,297,447,744,-3,557,210,58,29,40,325,108,14,2791,10.6,1778,15:27:00,43.6,13.6,57.2
Larry Courville,1996,1998,LW,33,1,2,3,-10,16,1,0,0,1,2,0,0,16,6.3,81,07:19:00,-0.9,0,-1
Nick Cousins,2015,2026,C,722,86,132,218,-11,445,77,9,0,12,120,12,0,1044,8.2,8853,12:16:00,6.3,10.2,16.5
Billy Coutu,1918,1927,D,247,33,23,56,NA,502,NA,NA,NA,7,NA,NA,NA,NA,NA,NA,NA,-1.3,25.2,23.9
Gerry Couture,1946,1954,RW,385,86,70,156,NA,87,72,14,0,11,58,11,1,NA,NA,NA,NA,8.4,6,14.4
Logan Couture,2010,2024,C,933,323,378,701,0,255,226,83,14,55,242,127,8,2550,12.7,17079,18:18:00,59.9,21.1,81
Rosie Couture,1929,1936,RW,329,48,55,103,NA,185,11,1,0,9,14,3,0,NA,NA,NA,NA,1.5,7,8.5
Sean Couturier,2012,2026,C,952,218,361,579,68,377,182,31,5,37,288,63,10,2043,10.7,17636,18:32:00,33.3,22.6,55.9
Sylvain Couturier,1989,1992,C,33,4,5,9,-6,4,3,1,0,0,4,1,0,38,10.5,NA,NA,-0.3,0.1,-0.2
Easton Cowan,2026,2026,RW,65,11,17,28,-6,43,9,2,0,1,13,4,0,90,12.2,951,14:38:00,1.3,0.9,2.2
Jeff Cowan,2000,2008,LW,413,47,34,81,-44,695,42,4,1,4,32,2,0,441,10.7,3806,09:13:00,2.7,2.5,5.3
Jared Cowen,2010,2016,D,249,15,31,46,-7,174,15,0,0,4,28,2,1,204,7.4,4701,18:53:00,1.2,7.2,8.3
Bruce Cowick,1975,1976,LW,70,5,6,11,-42,43,5,0,0,0,5,1,0,76,6.6,NA,NA,-1.7,0.2,-1.5
Rob Cowie,1995,1996,D,78,7,12,19,-22,52,5,2,0,0,8,4,0,125,5.6,NA,NA,0.7,2,2.7
Bill Cowley,1935,1947,C,549,195,354,549,NA,143,170,25,0,34,326,28,0,NA,NA,NA,NA,46.7,10.5,57.2
Danny Cox,1927,1934,LW,319,48,50,98,NA,110,4,1,0,7,2,2,0,NA,NA,NA,NA,5.5,5.5,11
Craig Coxe,1985,1992,LW,235,14,31,45,-26,713,11,3,0,2,30,1,0,146,9.6,NA,NA,-4.7,2.9,-1.8
Charlie Coyle,2013,2026,C/RW,1032,209,334,543,50,369,169,32,8,41,280,44,10,1776,11.8,17388,16:51:00,29,22.2,51.2
Dylan Cozens,2021,2026,C,443,109,162,271,-66,281,76,28,5,8,109,51,2,1021,10.7,7319,16:31:00,17.1,5.8,22.9
Joey Crabb,2009,2014,RW,179,20,33,53,-5,100,16,0,4,7,33,0,0,184,10.9,2252,12:35:00,1.7,2,3.7
Adam Cracknell,2011,2019,RW,210,21,22,43,3,46,20,0,1,3,22,0,0,245,8.6,2143,10:12:00,1.1,2.6,3.7
Mike Craig,1991,2002,RW,423,71,97,168,-98,550,53,18,0,10,69,28,0,776,9.1,27,09:06:00,3.5,3,6.6
Ryan Craig,2006,2015,C,198,32,31,63,-29,148,21,11,0,2,20,11,0,301,10.6,2632,13:18:00,1.9,1.9,3.9
John Craighead,1997,1997,RW,5,0,0,0,0,10,0,0,0,0,0,0,0,0,NA,NA,NA,-0.2,0.1,-0.1
Dale Craigwell,1992,1994,C,98,11,18,29,-20,28,6,4,1,2,17,1,0,80,13.8,NA,NA,-0.5,0.9,0.3
Joseph Cramarossa,2017,2023,C,68,5,8,13,-1,81,5,0,0,1,6,0,2,41,12.2,668,09:49:00,0.1,0.8,0.8
Bart Crashley,1966,1976,D,140,7,36,43,-30,50,6,1,0,1,27,7,2,171,4.1,NA,NA,1.6,5.3,6.9
Murray Craven,1983,2000,LW,1071,266,493,759,125,524,189,55,22,42,343,135,15,1909,13.9,1984,15:23:00,38.8,17,55.8
Bob Crawford,1980,1987,RW,246,71,71,142,-34,72,59,12,0,5,57,14,0,493,14.4,NA,NA,5.1,2.8,8
Bobby Crawford,1981,1983,RW,16,1,3,4,4,6,1,0,0,0,3,0,0,26,3.8,NA,NA,-0.3,0.4,0.1
Jack Crawford,1938,1950,D,547,38,140,178,NA,202,34,3,1,5,123,14,3,NA,NA,NA,NA,8.7,38.7,47.4
Lou Crawford,1990,1992,LW,26,2,1,3,-5,29,2,0,0,0,1,0,0,20,10,NA,NA,-0.6,0.2,-0.4
Marc Crawford,1982,1987,LW,176,19,31,50,-22,229,19,0,0,1,31,0,0,202,9.4,NA,NA,-2.1,2.2,0.1
Rusty Crawford,1918,1919,LW,38,10,8,18,NA,115,NA,NA,NA,0,NA,NA,NA,NA,NA,NA,NA,-0.8,0.9,0.1
Adam Creighton,1984,1997,C,708,187,216,403,-18,1077,122,62,3,26,149,63,4,1229,15.2,NA,NA,18.7,8.9,27.6
Dave Creighton,1949,1960,C,616,140,174,314,-3,221,106,34,0,19,126,48,0,23,4.3,NA,NA,20.1,7.8,27.9
Jimmy Creighton,1931,1931,F,11,1,0,1,NA,2,NA,NA,NA,0,NA,NA,NA,NA,NA,NA,NA,-0.3,0.2,-0.1
Andrew Crescenzi,2018,2018,C,2,0,0,0,0,2,0,0,0,0,0,0,0,0,NA,16,07:52:00,0,0,0
Dave Cressman,1975,1976,LW,85,6,8,14,-2,37,6,0,0,1,8,0,0,85,7.1,NA,NA,-2.1,1.5,-0.5
Glen Cressman,1957,1957,C,4,0,0,0,NA,2,0,0,0,0,0,0,0,NA,NA,NA,NA,-0.2,0.1,-0.1
Louis Crevier,2024,2026,D,133,8,22,30,-26,77,7,0,1,1,21,0,1,158,5.1,2247,16:54:00,1,4.4,5.3
Kyle Criscuolo,2018,2023,C,16,1,2,3,-3,6,1,0,0,1,2,0,0,12,8.3,143,08:55:00,0,0.1,0.1
Terry Crisp,1966,1977,C,536,67,134,201,37,135,50,4,13,10,117,9,8,671,10,NA,NA,0.3,8.9,9.2
Ed Cristofoli,1990,1990,RW,9,0,1,1,-1,4,0,0,0,0,1,0,0,6,0,NA,NA,-0.3,0.1,-0.2
Maurice Croghan,1938,1938,D,16,0,0,0,NA,4,0,0,0,0,0,0,0,NA,NA,NA,NA,-0.3,0.6,0.3
B.J. Crombeen,2008,2015,RW,445,34,46,80,-37,850,31,0,3,5,42,2,2,569,6,4989,11:13:00,-1.8,4.3,2.4
Mike Crombeen,1978,1985,RW,475,55,68,123,-78,218,48,3,4,6,63,1,4,552,10,NA,NA,-6.3,4.9,-1.4
Shawn Cronin,1989,1995,D,292,3,18,21,-35,877,3,0,0,0,17,0,1,133,2.3,NA,NA,-4.2,13.6,9.4
Angus Crookshank,2024,2026,LW,29,3,2,5,-3,8,3,0,0,1,2,0,0,33,9.1,279,09:37:00,0,0.2,0.2
Sidney Crosby,2006,2026,C,1420,654,1107,1761,197,898,456,194,4,104,684,416,7,4459,14.7,29254,20:36:00,169,38.6,207.6
Cory Cross,1994,2006,D,659,34,97,131,5,684,29,3,2,8,80,14,3,617,5.5,8221,17:43:00,4.2,28.5,32.7
Tommy Cross,2016,2016,D,3,0,1,1,-1,0,0,0,0,0,0,0,1,0,NA,39,13:05:00,0.1,0,0
Stan Crossett,1931,1931,D,21,0,0,0,NA,10,NA,NA,NA,0,NA,NA,NA,NA,NA,NA,NA,-0.4,-0.5,-0.9
Doug Crossman,1981,1994,D,914,105,359,464,31,534,54,50,1,9,199,155,5,1493,7,NA,NA,22.7,44.7,67.4
Gary Croteau,1969,1980,LW,684,144,175,319,-234,143,109,34,1,9,136,37,2,1174,12.3,NA,NA,9.8,5.9,15.8
Cameron Crotty,2024,2026,D,7,0,1,1,-1,0,0,0,0,0,1,0,0,4,0,86,12:16:00,0,0.1,0.1
Lawson Crouse,2017,2026,LW,665,138,120,258,-32,409,114,18,6,21,107,11,2,1125,12.3,9951,14:58:00,11.6,10.8,22.4
Bruce Crowder,1982,1985,RW,243,47,51,98,14,156,45,2,0,1,46,4,1,333,14.1,NA,NA,0.6,3.5,4.1
Keith Crowder,1981,1990,RW,662,223,271,494,131,1354,159,64,0,27,206,65,0,1227,18.2,NA,NA,24.9,12,36.9
Troy Crowder,1990,1997,RW,150,9,7,16,-19,433,9,0,0,0,7,0,0,78,11.5,NA,NA,-3.7,1.1,-2.5
Phil Crowe,1994,2000,LW,94,4,5,9,8,173,4,0,0,1,5,0,0,28,14.3,97,04:36:00,-2,1.4,-0.6
Mike Crowley,1998,2001,D,67,5,15,20,-26,44,4,1,0,3,11,4,0,103,4.9,1137,16:58:00,1.4,0.8,2.2
Ted Crowley,1994,1999,D,34,2,4,6,-2,12,0,2,0,0,2,2,0,48,4.2,140,10:47:00,0.2,1.3,1.4
Greg Crozier,2001,2001,LW,1,0,0,0,0,0,0,0,0,0,0,0,0,0,NA,4,04:10:00,0,0,0
Joe Crozier,1960,1960,D,5,0,3,3,3,2,0,0,0,0,3,0,0,7,0,NA,NA,0.2,0.3,0.5
Maxwell Crozier,2024,2026,D,52,1,11,12,5,47,1,0,0,0,10,0,1,65,1.5,796,15:18:00,0.3,1.9,2.2
Nels Crutchfield,1935,1935,C,41,5,5,10,NA,20,4,1,0,1,4,1,0,NA,NA,NA,NA,-0.3,0.5,0.2
Jim Culhane,1990,1990,D,6,0,1,1,3,6,0,0,0,0,1,0,0,6,0,NA,NA,0,0.5,0.5
Barry Cullen,1956,1960,RW,218,32,52,84,-6,103,27,5,0,4,42,10,0,52,7.7,NA,NA,1.6,3,4.6
Brian Cullen,1955,1961,C,325,56,100,156,-1,84,41,15,0,3,68,32,0,151,12.6,NA,NA,6.2,4.2,10.4
David Cullen,2001,2002,D,19,0,0,0,-7,6,0,0,0,0,0,0,0,3,0,240,12:37:00,-0.3,-0.1,-0.4
John Cullen,1989,1999,C,621,187,363,550,-116,898,116,71,0,22,212,150,1,1259,14.9,51,12:42:00,34.9,4.3,39.2
Mark Cullen,2006,2012,C,38,7,10,17,6,4,7,0,0,0,9,1,0,50,14,451,11:52:00,1.1,0.7,1.8
Matt Cullen,1998,2019,C,1516,266,465,731,-24,592,190,55,21,37,324,123,18,2774,9.6,23860,15:44:00,39.6,26.4,66
Ray Cullen,1966,1971,C,313,92,123,215,-83,120,71,21,0,15,84,39,0,702,13.1,NA,NA,14.7,2.5,17.2
Jassen Cullimore,1995,2011,D,812,26,85,111,-45,704,21,3,2,7,73,10,2,620,4.2,12090,18:01:00,-1.8,28.9,27.1
Tyler Cuma,2012,2012,D,1,0,0,0,0,2,0,0,0,0,0,0,0,0,NA,11,11:09:00,0,0,0
Kyle Cumiskey,2007,2015,D,139,9,26,35,-9,48,7,2,0,1,20,6,0,129,7,2288,16:28:00,2,3.7,5.7
Barry Cummins,1974,1974,D,36,1,2,3,-34,39,1,0,0,0,2,0,0,28,3.6,NA,NA,-0.4,0.1,-0.3
Jim Cummins,1992,2004,RW,511,24,36,60,-44,1538,24,0,0,5,35,1,0,318,7.5,1765,07:07:00,-6.9,3.8,-3.1
Mark Cundari,2013,2014,D,8,1,2,3,-6,2,0,1,0,0,1,1,0,14,7.1,122,15:17:00,0.3,-0.2,0.1
Randy Cunneyworth,1981,1999,LW,866,189,225,414,-78,1282,138,46,5,27,176,45,4,1593,11.9,1116,13:08:00,14.1,9.5,23.7
Bob Cunningham,1961,1962,C,4,0,1,1,2,0,0,0,0,0,1,0,0,3,0,NA,NA,-0.1,0,0
Craig Cunningham,2014,2016,RW,63,3,5,8,-8,6,2,0,1,0,5,0,0,71,4.2,654,10:23:00,-0.6,0.4,-0.2
Jim Cunningham,1978,1978,LW,1,0,0,0,1,4,0,0,0,0,0,0,0,0,NA,NA,NA,0,0,0
Les Cunningham,1937,1940,C,60,7,19,26,NA,21,7,0,0,0,18,1,0,NA,NA,NA,NA,0.9,0.7,1.6
Bill Cupolo,1945,1945,RW,49,11,14,25,NA,10,9,2,0,3,14,0,0,NA,NA,NA,NA,0.3,0.6,0.9
Brian Curran,1984,1994,D,381,7,33,40,-14,1461,7,0,0,0,32,0,1,151,4.6,NA,NA,-4.3,17.5,13.2
Dan Currie,1991,1994,LW,22,2,1,3,-6,4,2,0,0,0,1,0,0,31,6.5,NA,NA,-0.4,0.1,-0.4
Glen Currie,1980,1988,C,326,39,79,118,17,100,32,3,4,4,72,4,3,288,13.5,NA,NA,-2,5.2,3.3
Hugh Currie,1951,1951,D,1,0,0,0,NA,0,0,0,0,0,0,0,0,NA,NA,NA,NA,0,0.1,0
Josh Currie,2019,2021,RW,22,2,3,5,2,2,2,0,0,0,3,0,0,19,10.5,190,08:39:00,0.2,0.3,0.5
Tony Currie,1978,1985,RW,290,92,119,211,4,73,72,20,0,13,84,35,0,508,18.1,NA,NA,10.1,4.4,14.5
Floyd Curry,1948,1958,RW,601,105,99,204,NA,147,84,9,12,20,88,4,7,NA,NA,NA,NA,5.5,11.3,16.8
Tony Curtale,1981,1981,D,2,0,0,0,-1,0,0,0,0,0,0,0,0,4,0,NA,NA,0,0,0
Paul Curtis,1970,1973,D,185,3,34,37,-52,161,3,0,0,0,33,0,1,186,1.6,NA,NA,-0.2,6.8,6.7
Ian Cushenan,1957,1964,D,129,3,11,14,-13,132,1,1,1,1,11,0,0,8,0,NA,NA,-0.7,7.5,6.8
Jean Cusson,1968,1968,LW,2,0,0,0,-1,0,0,0,0,0,0,0,0,1,0,NA,NA,-0.1,0,-0.1
Jakub Čutta,2001,2004,D,8,0,0,0,-5,0,0,0,0,0,0,0,0,4,0,108,13:33:00,-0.1,-0.2,-0.3
William Cuylle,2023,2026,LW,248,53,50,103,-6,169,44,7,2,6,43,6,1,428,12.4,3533,14:15:00,5.4,4.1,9.5
Denis Cyr,1981,1986,RW,193,41,43,84,4,36,33,8,0,4,34,9,0,237,17.3,NA,NA,1,2.6,3.6
Paul Cyr,1983,1992,LW,471,101,140,241,-46,623,77,20,4,10,101,38,1,900,11.2,NA,NA,6.3,5.6,11.9
Austin Czarnik,2017,2024,C,205,18,33,51,-14,40,17,1,0,4,25,8,0,214,8.4,2287,11:09:00,0.7,2.1,2.8
Mariusz Czerkawski,1994,2006,RW,745,215,220,435,-54,274,156,58,1,20,148,71,1,1840,11.7,8224,15:00:00,36.1,9.6,45.7
Kevin Czuczman,2014,2021,D,15,0,2,2,-8,14,0,0,0,0,2,0,0,26,0,277,18:29:00,-0.1,-0.1,-0.2
Matt D'Agostini,2008,2014,RW,324,52,55,107,-32,147,38,14,0,11,44,11,0,577,9,4365,13:28:00,5.2,4.1,9.4
Jerry D'Amigo,2014,2015,RW,31,1,2,3,-5,2,1,0,0,0,2,0,0,19,5.3,265,08:32:00,-0.3,0.1,-0.2
Hank D'Amore,1944,1944,C,4,1,0,1,NA,2,1,0,0,0,0,0,0,NA,NA,NA,NA,-0.1,0,-0.1
Charle-Edouard D'Astous,2026,2026,D,69,6,23,29,-3,110,6,0,0,2,21,2,0,77,7.8,1293,18:44:00,1.8,2.2,4
Stéphane Da Costa,2011,2014,C,47,7,4,11,-11,10,6,1,0,0,3,1,0,75,9.3,545,11:36:00,0.5,0,0.5
Colton Dach,2025,2026,C,85,6,12,18,-20,64,5,1,0,1,11,1,0,84,7.1,990,11:39:00,-0.4,0.7,0.3
Kirby Dach,2020,2026,C/RW,306,51,85,136,-53,185,41,10,0,6,57,25,3,484,10.5,5008,16:22:00,4.4,3.9,8.3
Andreas Dackell,1997,2004,RW,613,91,159,250,4,162,72,14,5,15,129,23,7,694,13.1,8605,16:07:00,9.7,10.2,19.9
Evgenii Dadonov,2010,2026,RW,641,164,198,362,-32,102,127,37,0,24,161,37,0,1221,13.4,9963,15:33:00,24.8,9.7,34.6
Pierre Dagenais,2001,2006,RW,142,35,23,58,0,58,25,10,0,6,13,10,0,325,10.8,1639,11:33:00,5.4,1.9,7.3
Kevin Dahl,1993,2001,D,188,7,22,29,11,153,6,1,0,1,21,1,0,129,5.4,353,13:34:00,-0.8,9.2,8.4
Klas Dahlbeck,2015,2018,D,170,6,17,23,-31,87,6,0,0,0,16,0,1,164,3.7,2660,15:39:00,-0.1,3.5,3.3
Jonathan Dahlén,2022,2022,C,61,12,10,22,-25,12,9,3,0,2,6,4,0,105,11.4,841,13:48:00,0.9,0.4,1.3
Ulf Dahlén,1988,2003,LW,966,301,354,655,-20,230,179,120,2,49,224,130,0,2014,14.9,4015,14:20:00,44.6,13.7,58.2
Kjell Dahlin,1986,1988,RW,166,57,59,116,11,10,37,19,1,5,38,21,0,276,20.7,NA,NA,5.9,2.6,8.5
Rasmus Dahlin,2019,2026,D,586,102,332,434,-40,454,68,34,0,13,198,132,2,1386,7.4,13707,23:23:00,36.6,25.3,61.9
Toni Dahlman,2002,2003,RW,22,1,1,2,-2,0,1,0,0,1,1,0,0,10,10,145,06:34:00,-0.1,0.1,0
Chris Dahlquist,1986,1996,D,532,19,71,90,-51,488,18,1,0,1,64,4,3,433,4.4,NA,NA,-2.5,21.1,18.6
Carl Dahlström,2018,2022,D,67,0,12,12,5,14,0,0,0,0,11,0,1,67,0,1162,17:21:00,-0.2,2.4,2.2
Cully Dahlstrom,1938,1945,C,345,88,118,206,NA,58,75,12,1,15,103,15,0,NA,NA,NA,NA,9,5.4,14.5
Alain Daigle,1975,1980,RW,389,56,50,106,-40,122,44,11,1,4,46,3,1,443,12.6,NA,NA,-3.3,5.4,2.1
Alexandre Daigle,1994,2006,C,616,129,198,327,-176,186,93,35,1,20,119,78,1,1085,11.9,3474,12:30:00,22.1,3.7,25.8
J.J. Daigneault,1985,2001,D,899,53,197,250,-3,685,37,16,0,7,128,67,2,1015,5.2,2122,17:07:00,6.9,42,48.9
Bob Dailey,1974,1982,D,561,94,231,325,62,814,62,29,3,12,145,79,7,1380,6.8,NA,NA,21.9,31.1,53
Michael Dal Colle,2018,2022,LW,112,8,13,21,-3,18,8,0,0,2,13,0,0,115,7,1342,11:59:00,-0.8,1.5,0.7
Frank Daley,1929,1929,LW/C,5,0,0,0,NA,0,NA,NA,NA,0,NA,NA,NA,NA,NA,NA,NA,-0.2,0.5,0.4
Pat Daley,1980,1981,LW,12,1,0,1,-5,13,1,0,0,0,0,0,0,10,10,NA,NA,-0.3,0.1,-0.2
Trevor Daley,2004,2020,D,1058,89,220,309,-8,648,68,17,4,20,162,50,8,1435,6.2,21566,20:23:00,17.3,45.1,62.3
Brad Dalgarno,1986,1996,RW,321,49,71,120,0,332,39,9,1,6,62,8,1,364,13.5,NA,NA,1,4,5
Kevin Dallman,2006,2008,D,154,8,23,31,-23,45,5,3,0,1,14,9,0,248,3.2,2390,15:31:00,1.2,3.9,5.1
Marty Dallman,1988,1989,C,6,0,1,1,1,0,0,0,0,0,1,0,0,3,0,NA,NA,-0.2,0.1,-0.1
Rod Dallman,1988,1992,LW,6,1,0,1,0,26,1,0,0,0,0,0,0,5,20,NA,NA,-0.1,0.1,0
Zac Dalpe,2011,2023,RW,168,16,16,32,-37,38,15,1,0,1,16,0,0,204,7.8,1429,08:31:00,1.2,0.1,1.3
Bunny Dame,1942,1942,LW,31,2,5,7,NA,4,2,0,0,0,4,1,0,NA,NA,NA,NA,-0.8,0.4,-0.4
Riley Damiani,2022,2022,C,7,1,1,2,0,2,1,0,0,0,1,0,0,10,10,60,08:32:00,0.1,0.1,0.2
Vincent Damphousse,1987,2004,C/LW,1378,432,773,1205,7,1188,285,130,17,78,478,276,19,3511,12.3,10178,19:21:00,84.5,21,105.4
Phillip Danault,2015,2026,C,786,131,280,411,79,349,119,10,2,20,231,36,13,1355,9.7,13403,17:03:00,17.5,18.4,35.9
Mathieu Dandenault,1996,2009,D,868,68,135,203,42,516,60,6,2,6,123,9,3,984,6.9,11377,14:48:00,5.8,24.3,30.1
Ken Daneyko,1984,2003,D,1283,36,142,178,78,2516,30,3,3,3,128,7,7,1170,3.1,7101,17:19:00,-7.8,65.5,57.6
Justin Danforth,2022,2026,RW/C,187,31,33,64,-26,60,30,0,1,3,31,2,0,264,11.7,2584,13:49:00,2.1,1.7,3.8
Jeff Daniels,1991,2003,LW,425,17,26,43,-31,83,16,0,1,2,26,0,0,254,6.7,2154,07:57:00,-6.4,3.3,-3.1
Kimbi Daniels,1991,1992,C,27,1,2,3,-6,4,1,0,0,1,2,0,0,18,5.6,NA,NA,-0.7,0.2,-0.5
Scott Daniels,1993,1999,LW,149,8,12,20,0,667,8,0,0,2,12,0,0,115,7,211,07:50:00,-3.2,1.8,-1.3
Nate Danielson,2026,2026,C,28,2,5,7,-7,4,2,0,0,0,2,3,0,31,6.5,309,11:03:00,0,0.2,0.2
Marko Daňo,2015,2020,C,141,19,26,45,1,49,17,2,0,3,25,1,0,209,9.1,1528,10:50:00,2.9,1.6,4.5
Mike Danton,2001,2004,C,87,9,5,14,-8,182,8,0,1,0,3,2,0,93,9.7,981,11:16:00,-0.1,1,0.8
Dan Daoust,1983,1990,C,522,87,167,254,-95,544,59,19,9,6,104,52,11,711,12.2,NA,NA,4.4,4.2,8.6
Craig Darby,1995,2004,C,196,21,35,56,-38,32,18,0,3,2,32,3,0,210,10,2353,14:21:00,0,2.2,2.2
Mathieu Darche,2001,2012,LW,250,30,42,72,-20,58,24,3,3,4,34,6,2,358,8.4,3039,12:09:00,2.6,3,5.5
Michael Dark,1987,1988,D,43,5,6,11,6,14,5,0,0,1,6,0,0,31,16.1,NA,NA,-0.2,1.3,1.1
Harold Darragh,1926,1933,LW,307,68,49,117,NA,44,NA,NA,NA,19,NA,NA,NA,NA,NA,NA,NA,13.8,5,18.8
Jack Darragh,1918,1924,RW,121,68,49,117,NA,107,NA,NA,NA,12,NA,NA,NA,NA,NA,2,NA,6.5,4.6,11.1
Pavel Datsyuk,2002,2016,C,953,314,604,918,249,228,211,97,6,51,366,233,5,2244,14,17947,18:50:00,82.1,29.1,111.2
Kaspars Daugaviņš,2010,2013,LW,91,6,9,15,-10,21,6,0,0,1,6,2,1,115,5.2,1020,11:13:00,-0.5,0.5,0
Laurent Dauphin,2016,2023,C,94,8,9,17,-18,53,7,0,1,1,9,0,0,117,6.8,1104,11:45:00,-0.6,0.6,0
Richard David,1980,1983,LW,31,4,4,8,-7,10,2,2,0,1,3,1,0,29,13.8,NA,NA,-0.4,0.2,-0.3
Bob Davidson,1935,1946,LW,491,94,160,254,NA,408,82,10,2,16,142,15,3,NA,NA,NA,NA,7.7,9.5,17.2
Brandon Davidson,2015,2021,D,180,9,14,23,-24,82,7,2,0,0,12,0,2,206,4.4,2995,16:38:00,-0.3,4.6,4.3
Gord Davidson,1943,1944,D,51,3,6,9,NA,8,3,0,0,0,6,0,0,NA,NA,NA,NA,-0.3,0.9,0.7
Jared Davidson,2026,2026,C,10,0,1,1,-4,10,0,0,0,0,1,0,0,9,0,87,08:43:00,-0.1,-0.1,-0.2
Matt Davidson,2001,2003,RW,56,5,7,12,-21,28,5,0,0,0,7,0,0,48,10.4,685,12:14:00,-0.1,0,0
Johan Davidsson,1999,2000,C,83,6,9,15,-9,16,5,1,0,2,7,2,0,77,7.8,894,10:46:00,-0.2,0.7,0.5
Jonathan Davidsson,2020,2020,RW,6,0,1,1,0,0,0,0,0,0,1,0,0,3,0,33,05:31:00,0,0,0
Bob Davie,1934,1936,D,41,0,1,1,NA,25,0,0,0,0,1,0,0,NA,NA,NA,NA,-0.7,3.1,2.4
Jeremy Davies,2021,2023,D,23,0,3,3,-2,12,0,0,0,0,3,0,0,25,0,323,14:02:00,-0.1,0.6,0.5
Bob Davis,1933,1933,RW,3,0,0,0,NA,0,NA,NA,NA,0,NA,NA,NA,NA,NA,NA,NA,-0.2,0.1,-0.1
Kim Davis,1978,1981,C,36,5,7,12,-10,51,5,0,0,2,6,1,0,30,16.7,NA,NA,-0.2,0.3,0.1
Lorne Davis,1952,1960,RW,95,8,12,20,2,20,8,0,0,2,12,0,0,10,10,NA,NA,-1.2,1.6,0.4
Mal Davis,1979,1986,RW,100,31,22,53,-5,34,20,11,0,8,10,12,0,125,24.8,NA,NA,2,1.4,3.4
Patrick Davis,2009,2010,RW,9,1,0,1,-2,0,1,0,0,0,0,0,0,8,12.5,105,11:42:00,-0.1,0.1,0
Murray Davison,1966,1966,D,1,0,0,0,-1,0,0,0,0,0,0,0,0,1,0,NA,NA,0,0,0
Rob Davison,2003,2010,D,219,3,15,18,-5,321,2,0,1,0,15,0,0,145,2.1,2926,13:22:00,-1.2,6.1,4.9
Evgeny Davydov,1992,1995,LW,155,40,39,79,-2,120,30,10,0,2,32,7,0,276,14.5,NA,NA,3.3,2.2,5.4
Jeff Daw,2002,2002,C,1,0,1,1,0,0,0,0,0,0,1,0,0,2,0,13,12:34:00,0.1,0,0.1
Jason Dawe,1994,2002,LW/RW,366,86,90,176,8,162,62,20,4,10,63,26,1,576,14.9,719,11:25:00,11.1,5.1,16.1
Bob Dawes,1947,1951,D/C,32,2,7,9,NA,6,2,0,0,0,7,0,0,NA,NA,NA,NA,0.6,2,2.6
Nigel Dawes,2007,2011,LW,212,39,45,84,-4,43,29,10,0,10,38,7,0,351,11.1,2782,13:07:00,5.2,3.5,8.6
Hap Day,1925,1938,D,586,86,121,207,NA,597,13,1,1,14,29,1,4,NA,NA,NA,NA,12.6,13.6,26.2
Joe Day,1992,1994,C,72,1,10,11,-17,87,1,0,0,0,9,0,1,39,2.6,NA,NA,-1.9,0.4,-1.4
Sean Day,2022,2022,D,2,0,0,0,-2,0,0,0,0,0,0,0,0,2,0,21,10:43:00,0,-0.1,-0.1
Éric Dazé,1995,2006,RW,601,226,172,398,8,176,163,62,1,34,120,48,4,1607,14.1,7563,16:57:00,37,9.7,46.7
Calvin de Haan,2012,2025,D,679,24,125,149,-6,249,21,2,1,4,119,6,0,894,2.7,12529,18:27:00,2.8,25.7,28.5
Jacob de La Rose,2015,2021,LW,242,13,25,38,-29,84,11,0,2,0,25,0,0,229,5.7,2834,11:43:00,-2.6,2.2,-0.4
Chase De Leo,2016,2022,C,7,0,0,0,-1,0,0,0,0,0,0,0,0,10,0,76,10:52:00,-0.2,0.1,-0.2
Greg de Vries,1996,2009,D,878,48,146,194,23,780,42,5,1,8,116,24,6,912,5.3,15836,19:08:00,6.6,36.7,43.3
Billy Dea,1954,1971,LW,397,67,54,121,-48,46,62,5,0,12,48,6,0,341,12.3,NA,NA,0.2,4.8,4.9
Jean-Sébastien Dea,2017,2023,C,37,5,2,7,-2,14,5,0,0,2,2,0,0,34,14.7,341,09:13:00,0.3,0.4,0.6
Don Deacon,1937,1940,LW,27,6,4,10,NA,6,4,2,0,2,4,0,0,NA,NA,NA,NA,0.5,0.4,0.9
Adam Deadmarsh,1995,2003,RW,567,184,189,373,43,819,120,61,3,27,116,68,5,1209,15.2,7056,19:26:00,28.9,10.6,39.5
Butch Deadmarsh,1971,1975,LW,137,12,5,17,-23,155,10,2,0,2,4,0,1,132,9.1,NA,NA,-3.5,1.7,-1.7
Barry Dean,1977,1979,LW,165,25,56,81,-14,146,23,2,0,3,46,9,1,260,9.6,NA,NA,2,1.7,3.7
Kevin Dean,1995,2001,D,331,7,48,55,15,138,4,2,1,0,39,6,3,262,2.7,4165,17:00:00,-0.1,16.4,16.3
Zach Dean,2024,2024,C,9,0,0,0,-4,6,0,0,0,0,0,0,0,10,0,95,10:33:00,-0.3,0,-0.3
Tony DeAngelo,2017,2026,D,482,57,207,264,-39,382,43,14,0,9,121,86,0,994,5.7,9326,19:21:00,20.4,17.9,38.3
Nelson Debenedet,1974,1975,LW,46,10,4,14,-2,13,9,1,0,0,4,0,0,41,24.4,NA,NA,0,0.5,0.5
Lucien DeBlois,1978,1992,C,993,249,276,525,-170,814,205,35,9,27,231,37,8,1786,13.9,NA,NA,17.7,9.8,27.5
Dave Debol,1980,1981,C,92,26,26,52,-17,4,24,2,0,2,23,3,0,166,15.7,NA,NA,2,0.6,2.7
Alex DeBrincat,2018,2026,RW,695,294,300,594,-48,194,191,102,1,38,203,97,0,2063,14.3,12658,18:13:00,52.9,13.4,66.3
Jake DeBrusk,2018,2026,LW,627,189,167,356,5,131,124,63,2,37,125,41,1,1498,12.6,10053,16:02:00,25.7,12.7,38.4
Louie DeBrusk,1992,2003,LW,401,24,17,41,-46,1161,24,0,0,2,16,1,0,164,14.6,955,05:31:00,-6.9,3.2,-3.8
Brad DeFauw,2003,2003,LW,9,3,0,3,-2,2,2,1,0,1,0,0,0,19,15.8,124,13:45:00,0.3,0.1,0.4
Brandon DeFazio,2015,2015,LW,2,0,0,0,0,0,0,0,0,0,0,0,0,2,0,12,05:57:00,0,0,0
Dean Defazio,1984,1984,LW,22,0,2,2,-11,28,0,0,0,0,2,0,0,12,0,NA,NA,-0.7,0.1,-0.6
Dale DeGray,1986,1990,D,153,18,47,65,-1,195,17,1,0,3,26,19,2,272,6.6,NA,NA,3,5.7,8.7
Danny DeKeyser,2013,2022,D,547,33,113,146,4,266,31,1,1,9,104,9,0,581,5.7,11362,20:46:00,5.3,26.3,31.5
Luca Del Bel Belluz,2024,2026,C,30,3,7,10,1,4,3,0,0,0,6,1,0,31,9.7,343,11:27:00,0.3,0.4,0.7
Marc Del Gaizo,2024,2025,D,55,2,10,12,-1,23,2,0,0,0,10,0,0,84,2.4,919,16:42:00,0.3,2.3,2.5
Ethan Del Mastro,2024,2026,D,44,2,4,6,-14,24,2,0,0,0,4,0,0,36,5.6,731,16:37:00,-0.1,0.9,0.8
Michael Del Zotto,2010,2022,D,736,63,199,262,-30,284,50,10,3,8,132,64,3,1074,5.9,14756,20:03:00,17.4,31.5,48.8
Jonathan Delisle,1999,1999,RW,1,0,0,0,0,0,0,0,0,0,0,0,0,0,NA,5,04:32:00,0,0,0
Xavier Delisle,1999,2001,C,16,3,2,5,-5,6,2,1,0,0,0,2,0,16,18.8,155,09:41:00,0.4,0,0.4
Stefan Della Rovere,2011,2011,LW,7,0,0,0,0,11,0,0,0,0,0,0,0,4,0,43,06:05:00,-0.1,0,-0.1
Ty Dellandrea,2021,2026,C,264,17,44,61,-51,179,14,2,1,2,38,1,5,274,6.2,3471,13:09:00,-2,2.1,0.1
Armand Delmonte,1946,1946,RW,1,0,0,0,NA,0,0,0,0,0,0,0,0,NA,NA,NA,NA,-0.1,0,0
Andy Delmore,1999,2006,D,283,43,58,101,-36,105,14,29,0,10,33,23,2,547,7.9,4991,17:38:00,10.3,8.6,19
Gilbert Delorme,1982,1990,D,541,31,92,123,40,520,26,5,0,2,77,14,1,689,4.5,NA,NA,0,28.4,28.4
Ron Delorme,1977,1985,C,524,83,83,166,-118,667,73,10,0,9,70,13,0,471,17.6,NA,NA,-2.1,5.6,3.5
Val Delory,1949,1949,LW,1,0,0,0,NA,0,0,0,0,0,0,0,0,NA,NA,NA,NA,0,0,0
Guy Delparte,1977,1977,LW,48,1,8,9,-9,18,1,0,0,0,7,1,0,37,2.7,NA,NA,-1.2,0.5,-0.6
Alex Delvecchio,1951,1974,C/LW,1550,456,825,1281,24,383,330,111,15,75,544,265,16,3129,10.1,NA,NA,98.7,24.8,123.5
Ab DeMarco,1939,1947,C,210,72,95,167,NA,51,66,6,0,4,81,14,0,NA,NA,NA,NA,10.1,2.2,12.3
Ab DeMarco,1970,1979,D,344,44,80,124,28,75,22,21,1,6,43,37,0,761,5.8,NA,NA,6.9,19.7,26.6
Dylan DeMelo,2016,2026,D,717,23,159,182,122,343,19,2,2,3,141,9,9,772,3,13621,19:00:00,3.4,39.2,42.7
Jason Demers,2010,2023,D,700,45,169,214,30,407,33,11,1,11,126,39,4,885,5.1,13412,19:10:00,12,32,44
Tony Demers,1938,1944,RW,83,20,23,43,NA,23,18,2,0,2,18,5,0,NA,NA,NA,NA,2.1,1,3.1
Ivan Demidov,2025,2026,RW,84,20,44,64,4,34,13,7,0,4,31,13,0,132,15.2,1298,15:27:00,4.6,1.5,6.1
Pavol Demitra,1994,2010,LW,847,304,464,768,124,284,204,90,10,59,290,170,4,2160,14.1,15070,19:19:00,67.3,22.7,90
Nathan Dempsey,1997,2007,D,260,21,67,88,-7,120,16,5,0,3,45,22,0,417,5,4813,19:34:00,5.6,9.6,15.2
Jean-Paul Denis,1947,1950,RW,10,0,2,2,NA,2,0,0,0,0,2,0,0,NA,NA,NA,NA,-0.3,0.1,-0.1
Lulu Denis,1950,1951,RW,3,0,1,1,NA,0,0,0,0,0,1,0,0,NA,NA,NA,NA,0,0.1,0
Grigori Denisenko,2021,2025,LW,33,0,7,7,-7,12,0,0,0,0,7,0,0,30,0,351,10:38:00,-0.3,0.1,-0.2
Corb Denneny,1918,1928,C,176,102,42,144,NA,150,NA,NA,NA,8,NA,NA,NA,NA,NA,NA,NA,11.8,3.9,15.8
Cy Denneny,1918,1929,LW,329,247,89,336,NA,296,NA,NA,NA,50,NA,NA,NA,NA,NA,NA,NA,46.6,11.4,58
Norm Dennis,1969,1972,C,12,3,0,3,-4,11,2,1,0,0,0,0,0,13,23.1,NA,NA,0,0.1,0.1
Gerry Denoird,1923,1923,C,1,0,0,0,NA,0,NA,NA,NA,0,NA,NA,NA,NA,NA,NA,NA,0,0,0.1
Larry DePalma,1986,1994,LW,148,21,20,41,-41,408,16,5,0,2,16,4,0,155,13.5,NA,NA,-1,0.9,-0.1
Semyon Der-Arguchintsev,2023,2023,C,1,0,0,0,1,0,0,0,0,0,0,0,0,0,NA,7,07:16:00,0,0,0
Bill Derlago,1979,1987,C,555,189,227,416,-93,247,140,41,8,17,146,76,5,1168,16.2,NA,NA,21.6,5.2,26.7
Travis Dermott,2018,2025,D,348,16,46,62,12,130,16,0,0,2,46,0,0,352,4.5,5512,15:50:00,1.1,10.5,11.6
Gerard Desaulniers,1951,1954,C,8,0,2,2,NA,4,0,0,0,0,2,0,0,NA,NA,NA,NA,-0.1,0.1,0
Guillaume Desbiens,2010,2012,RW,23,0,0,0,-4,37,0,0,0,0,0,0,0,6,0,169,07:20:00,-0.2,0,-0.2
Nicolas Deschamps,2014,2014,C,3,0,0,0,-1,0,0,0,0,0,0,0,0,2,0,20,06:49:00,-0.1,0,-0.1
Matthieu Descoteaux,2001,2001,D,5,1,1,2,-2,4,0,1,0,0,0,1,0,6,16.7,76,15:10:00,0.2,0,0.3
David Desharnais,2010,2018,C,524,87,195,282,13,160,68,19,0,16,138,57,0,598,14.5,8236,15:43:00,18.1,10.3,28.4
Vincent Desharnais,2023,2026,D,217,2,24,26,16,198,2,0,0,1,22,0,2,120,1.7,3469,15:59:00,-1.6,8.1,6.6
Joffre Desilets,1936,1940,RW,192,37,45,82,NA,57,33,4,0,6,40,5,0,NA,NA,NA,NA,4.2,3,7.2
Nick DeSimone,2023,2026,D,97,5,16,21,8,16,5,0,0,2,16,0,0,89,5.6,1367,14:06:00,0.9,3.4,4.3
Andrew Desjardins,2011,2017,C,408,23,41,64,-26,307,23,0,0,6,40,0,1,439,5.2,4381,10:44:00,-2.7,3.8,1.2
Éric Desjardins,1989,2006,D,1143,136,439,575,198,757,73,58,5,24,250,176,13,2386,5.7,13198,24:21:00,40.5,74,114.5
Martin Desjardins,1990,1990,C,8,0,2,2,-4,2,0,0,0,0,2,0,0,7,0,NA,NA,-0.2,0,-0.2
Vic Desjardins,1931,1932,C,87,6,15,21,NA,33,NA,NA,NA,1,NA,NA,NA,NA,NA,NA,NA,-1.1,1.9,0.7
Jacques Deslauriers,1956,1956,D,2,0,0,0,NA,0,0,0,0,0,0,0,0,NA,NA,NA,NA,0,0.2,0.1
Nicolas Deslauriers,2014,2026,LW,708,53,53,106,-108,799,50,0,3,7,51,0,2,710,7.5,7236,10:13:00,-3.6,4.8,1.2
Elliot Desnoyers,2023,2023,F,4,0,0,0,-2,0,0,0,0,0,0,0,0,3,0,53,13:22:00,-0.2,0,-0.2
Simon Despres,2012,2017,D,193,6,37,43,31,150,5,1,0,1,33,4,0,232,2.6,3233,16:45:00,1.5,9.5,11
Jarrett Deuling,1996,1997,LW,15,0,1,1,-1,11,0,0,0,0,1,0,0,11,0,NA,NA,-0.5,0.2,-0.3
Jamie Devane,2014,2014,LW,2,0,0,0,-1,0,0,0,0,0,0,0,0,1,0,12,05:52:00,0,0,-0.1
André Deveaux,2009,2012,C,31,0,2,2,-1,104,0,0,0,0,2,0,0,18,0,207,06:40:00,-0.4,0.2,-0.2
Boyd Devereaux,1998,2009,C,627,67,112,179,5,205,60,1,6,13,108,4,0,745,9,7229,11:32:00,4.9,7.6,12.5
Jack Devine,2026,2026,RW,6,0,0,0,-3,2,0,0,0,0,0,0,0,6,0,51,08:26:00,-0.1,0,-0.2
Kevin Devine,1983,1983,LW,2,0,1,1,1,8,0,0,0,0,1,0,0,3,0,NA,NA,0,0.1,0
Connor Dewar,2022,2026,C,316,37,46,83,-4,136,32,0,5,3,42,1,3,373,9.9,3737,11:50:00,1.3,4,5.3
Tom Dewar,1944,1944,D,9,0,2,2,NA,4,0,0,0,0,2,0,0,NA,NA,NA,NA,-0.1,0.1,0
Al Dewsbury,1947,1956,D,357,30,78,108,NA,365,21,7,2,2,43,34,1,NA,NA,NA,NA,8.3,11.1,19.4
Marcel Dheere,1943,1943,LW,11,1,2,3,NA,2,1,0,0,0,2,0,0,NA,NA,NA,NA,-0.3,0.2,-0.1
Phillip Di Giuseppe,2016,2025,LW,302,28,53,81,-16,127,28,0,0,4,50,2,1,456,6.1,3640,12:03:00,1,3.6,4.7
Thomas Di Pauli,2020,2020,C,2,0,0,0,-3,10,0,0,0,0,0,0,0,2,0,12,05:59:00,0,-0.1,-0.1
Edward Diachuk,1961,1961,LW,12,0,0,0,-4,17,0,0,0,0,0,0,0,5,0,NA,NA,-0.5,0.2,-0.4
Raphael Diaz,2012,2015,D,201,8,41,49,-8,62,7,1,0,2,22,16,3,215,3.7,3342,16:38:00,2.3,6.9,9.2
Justin Dibenedetto,2011,2011,C,8,0,1,1,-2,2,0,0,0,0,1,0,0,6,0,73,09:04:00,-0.1,0,-0.1
Harry Dick,1947,1947,D,12,0,1,1,NA,12,0,0,0,0,1,0,0,NA,NA,NA,NA,-0.1,0.2,0.1
Ernie Dickens,1942,1951,D,278,12,44,56,NA,98,8,3,1,1,35,8,1,NA,NA,NA,NA,1.6,8.1,9.7
Herb Dickenson,1952,1953,W,48,18,17,35,NA,10,15,3,0,2,14,3,0,NA,NA,NA,NA,3.6,0.5,4.1
Jason Dickinson,2016,2026,C,566,75,97,172,-37,212,71,3,1,11,90,1,6,707,10.6,8386,14:49:00,1.2,10.4,11.5
Sam Dickinson,2026,2026,D,70,1,13,14,-7,20,1,0,0,0,13,0,0,72,1.4,1169,16:42:00,0,2,2
Christopher DiDomenico,2017,2018,C,27,6,4,10,-4,14,4,2,0,0,2,2,0,28,21.4,316,11:42:00,0.8,0.2,1
Gerald Diduck,1985,2001,D,932,56,156,212,88,1612,38,17,1,8,107,41,8,1253,4.5,2918,18:01:00,2.9,48.8,51.7
Don Dietrich,1984,1986,D,28,0,7,7,-9,10,0,0,0,0,6,1,0,36,0,NA,NA,-0.1,1,0.9
Darren Dietz,2016,2016,D,13,1,4,5,-1,13,1,0,0,0,4,0,0,13,7.7,189,14:32:00,0.4,0.3,0.8
Bob Dill,1944,1945,D,76,15,15,30,NA,135,15,0,0,0,14,1,0,NA,NA,NA,NA,1.6,1.6,3.2
Bob Dillabough,1962,1970,C,283,32,54,86,-75,74,28,2,2,5,49,3,2,315,10.2,NA,NA,-2,2.9,0.9
Brenden Dillon,2012,2026,D,1056,42,185,227,61,1014,38,0,4,8,178,1,6,1066,3.9,19699,18:39:00,3.1,48,51.1
Cecil Dillon,1931,1940,RW,453,167,131,298,NA,112,83,23,10,28,81,21,1,NA,NA,NA,NA,35.3,8.3,43.6
Gary Dillon,1981,1981,C,13,1,1,2,-6,29,1,0,0,0,1,0,0,15,6.7,NA,NA,-0.3,0.1,-0.2
Wayne Dillon,1976,1980,C,229,43,66,109,-38,60,38,5,0,3,59,7,0,351,12.3,NA,NA,2.7,2.4,5.1
Rob DiMaio,1989,2006,RW,894,106,171,277,-85,840,87,8,11,16,150,14,7,1187,8.9,7725,14:09:00,2.6,11.1,13.7
Niko Dimitrakos,2003,2007,RW,158,24,38,62,-1,95,18,6,0,5,26,11,1,247,9.7,1990,12:36:00,3.5,2.1,5.6
Bill Dineen,1954,1958,RW,323,51,44,95,NA,120,40,11,0,8,36,8,0,NA,NA,NA,NA,1.3,6,7.3
Cam Dineen,2022,2025,D,38,0,7,7,-16,4,0,0,0,0,7,0,0,60,0,600,15:48:00,-0.1,0.2,0.2
Gary Dineen,1969,1969,C,4,0,1,1,-2,0,0,0,0,0,0,1,0,2,0,NA,NA,-0.1,0,-0.1
Gord Dineen,1983,1995,D,528,16,90,106,-60,695,14,2,0,0,76,12,2,431,3.7,NA,NA,-1.8,19.8,18
Kevin Dineen,1985,2003,RW,1188,355,405,760,-24,2229,250,91,14,56,272,124,9,2769,12.8,3403,10:44:00,45.6,15.5,61.1
Peter Dineen,1987,1990,D,13,0,2,2,-9,13,0,0,0,0,2,0,0,5,0,NA,NA,-0.1,0,-0.1
Chris Dingman,1998,2006,LW,385,15,19,34,-58,769,12,3,0,1,17,2,0,306,4.9,2888,07:30:00,-4.1,1.1,-3
Chuck Dinsmore,1925,1930,C,100,6,2,8,NA,50,NA,NA,NA,2,NA,NA,NA,NA,NA,NA,NA,-4.8,2.7,-2.1
Gilbert Dionne,1991,1996,LW,223,61,79,140,-3,108,44,16,1,9,54,25,0,442,13.8,NA,NA,7.5,2.6,10.1
Marcel Dionne,1972,1989,C,1348,731,1040,1771,27,600,478,234,19,73,620,409,11,5363,13.6,NA,NA,135.9,19.6,155.5
Joe DiPenta,2003,2008,D,174,6,17,23,15,110,6,0,0,1,17,0,0,67,9,2190,12:35:00,0.4,6.1,6.5
Paul DiPietro,1992,1997,C,192,31,49,80,0,96,28,3,0,1,39,10,0,278,11.2,NA,NA,1.9,2.5,4.3
Robert Dirk,1988,1996,D,402,13,29,42,55,786,13,0,0,2,29,0,0,214,6.1,NA,NA,-3.9,22.3,18.4
Jon DiSalvatore,2006,2012,RW,6,0,0,0,-1,4,0,0,0,0,0,0,0,5,0,57,09:27:00,-0.2,0,-0.1
Tomáš Divíšek,2001,2002,C,5,1,0,1,0,0,1,0,0,1,0,0,0,5,20,48,09:31:00,0.1,0,0.1
Christian Djoos,2018,2021,D,155,7,31,38,12,28,6,1,0,0,27,4,0,145,4.8,2248,14:30:00,1.8,5.4,7.2
Pär Djoos,1991,1993,D,82,2,31,33,5,58,1,1,0,1,21,10,0,66,3,NA,NA,1,3.9,4.9
Gary Doak,1966,1981,D,790,23,107,130,124,908,21,2,0,5,102,3,2,652,3.5,NA,NA,-3,40.7,37.7
Josh Doan,2024,2026,RW,143,37,43,80,-1,33,25,12,0,6,34,9,0,280,13.2,2110,14:45:00,5.6,2.3,7.9
Shane Doan,1996,2017,RW,1540,402,570,972,-54,1353,268,128,6,69,372,185,13,3945,10.2,25912,18:28:00,68.1,28.3,96.3
Brian Dobbin,1987,1992,RW,63,7,8,15,-4,61,6,1,0,1,5,3,0,56,12.5,NA,NA,-0.8,0.7,-0.1
Jim Dobson,1980,1984,RW,12,0,0,0,-2,6,0,0,0,0,0,0,0,11,0,NA,NA,-0.5,0.1,-0.4
Noah Dobson,2020,2026,D,468,62,215,277,2,152,50,12,0,12,134,78,3,1030,6,9900,21:09:00,21.3,21.7,43
Kevin Doell,2008,2008,C,8,0,1,1,-2,4,0,0,0,0,0,1,0,6,0,77,09:40:00,-0.1,0,-0.1
Fred Doherty,1919,1919,RW,2,0,0,0,NA,0,NA,NA,NA,0,NA,NA,NA,NA,NA,NA,NA,-0.2,0.1,-0.1
Jason Doig,1996,2004,D,158,6,18,24,-21,285,6,0,0,1,18,0,0,112,5.4,2176,15:13:00,0.5,3.6,4.1
Bobby Dollas,1984,2001,D,646,42,96,138,37,467,33,6,3,5,72,22,2,684,6.1,2366,16:47:00,3.3,30.9,34.3
Róbert Döme,1998,2003,RW,53,7,7,14,0,12,6,1,0,0,6,1,0,57,12.3,554,10:27:00,0.4,0.6,1
Hnat Domenichelli,1997,2003,LW,267,52,61,113,-56,104,40,12,0,4,49,12,0,565,9.2,3396,13:55:00,7,1.6,8.6
Max Domi,2016,2026,LW,814,150,336,486,-33,801,127,23,0,18,261,74,1,1524,9.8,12848,15:47:00,29.3,13.5,42.8
Tie Domi,1990,2006,RW,1020,104,141,245,-54,3515,95,9,0,10,136,5,0,964,10.8,6194,10:05:00,0.7,9.6,10.3
Gary Donaldson,1974,1974,RW,1,0,0,0,1,0,0,0,0,0,0,0,0,3,0,NA,NA,0,0,0
Clark Donatelli,1990,1992,LW,35,3,4,7,-19,39,3,0,0,1,2,2,0,32,9.4,NA,NA,-0.6,0,-0.6
Ryan Donato,2018,2026,C,564,123,133,256,-62,227,108,15,0,10,106,27,0,1091,11.3,7642,13:33:00,16.3,7.8,24.1
Ted Donato,1992,2004,LW,796,150,197,347,-2,396,106,35,9,22,144,44,9,1195,12.6,5114,12:04:00,18.2,10.4,28.6
Babe Donnelly,1927,1927,D,34,0,1,1,NA,14,NA,NA,NA,0,NA,NA,NA,NA,NA,NA,NA,-1.1,4,2.9
Dave Donnelly,1984,1988,C,137,15,24,39,8,150,14,0,1,1,24,0,0,130,11.5,NA,NA,-1.5,1.8,0.3
Gord Donnelly,1984,1995,D,554,28,41,69,-60,2069,26,2,0,1,39,1,1,340,8.2,NA,NA,-9.6,14.6,5
Mike Donnelly,1987,1997,LW,465,114,121,235,10,255,95,15,4,14,93,26,2,985,11.6,NA,NA,9.7,5.6,15.2
Jorian Donovan,2026,2026,D,2,0,0,0,0,0,0,0,0,0,0,0,0,1,0,14,07:02:00,0,0,0
Matt Donovan,2012,2019,D,69,2,18,20,-8,28,1,1,0,0,13,5,0,105,1.9,1221,17:42:00,1,1.8,2.7
Shean Donovan,1995,2010,RW,951,112,129,241,-90,705,95,7,10,20,119,6,4,1243,9,8527,11:48:00,3.7,9.6,13.3
Joonas Donskoi,2016,2022,RW,474,80,128,208,25,116,65,15,0,12,106,21,1,732,10.9,6891,14:32:00,10.3,8.9,19.2
Jamie Doornbosch,2011,2011,D,1,0,0,0,-1,0,0,0,0,0,0,0,0,1,0,5,05:21:00,0,-0.1,-0.1
Jiří Dopita,2002,2003,C,73,12,21,33,5,19,9,3,0,3,17,4,0,102,11.8,1083,14:50:00,1.9,1.2,3.1
John Doran,1934,1940,D,98,5,10,15,NA,110,5,0,0,0,10,0,0,NA,NA,NA,NA,0.6,4.1,4.7
Lloyd Doran,1947,1947,C,24,3,2,5,NA,10,3,0,0,0,2,0,0,NA,NA,NA,NA,-0.4,0.4,0
Ken Doraty,1927,1938,F,103,15,26,41,NA,24,6,4,0,3,8,7,0,NA,NA,NA,NA,1.6,1.7,3.3
André Doré,1979,1985,D,257,14,81,95,37,261,14,0,0,2,76,4,1,224,6.3,NA,NA,2.3,14.9,17.2
Daniel Doré,1990,1991,RW,17,2,3,5,-7,59,1,1,0,0,1,2,0,5,40,NA,NA,-0.1,0.1,-0.1
Jim Dorey,1969,1972,D,232,25,74,99,33,553,22,1,2,3,55,17,2,530,4.7,NA,NA,6.7,15.4,22.1
Dan Dorion,1986,1988,C,4,1,1,2,-1,2,1,0,0,0,1,0,0,6,16.7,NA,NA,0,0,0.1
Gary Dornhoefer,1964,1978,RW,787,214,328,542,87,1291,160,47,7,28,237,86,5,1417,15.1,NA,NA,31.9,12,43.9
Pavel Dorofeyev,2022,2026,LW,230,92,57,149,11,74,57,35,0,15,41,16,0,619,14.9,3672,15:58:00,13.3,4.8,18.1
Eddie Dorohoy,1949,1949,C/LW,16,0,0,0,NA,6,0,0,0,0,0,0,0,NA,NA,NA,NA,-0.8,0.3,-0.4
Derek Dorsett,2009,2018,RW,515,51,76,127,-49,1314,44,2,5,6,70,2,4,700,7.3,6389,12:24:00,1.5,5.3,6.8
Karsen Dorwart,2025,2025,F,5,0,0,0,-1,2,0,0,0,0,0,0,0,4,0,55,10:59:00,-0.2,0,-0.1
Jake Dotchin,2017,2019,D,103,3,20,23,23,112,3,0,0,0,18,0,2,105,2.9,1672,16:14:00,0.7,5,5.7
Drew Doughty,2009,2026,D,1278,165,544,709,73,827,82,80,3,34,312,224,8,2589,6.4,33215,25:59:00,51.5,88.5,140
Curtis Douglas,2026,2026,C,42,1,2,3,-4,108,1,0,0,0,2,0,0,29,3.4,278,06:38:00,-0.4,0.2,-0.2
Jordy Douglas,1980,1985,LW,268,76,62,138,-66,160,62,14,0,12,55,7,0,487,15.6,NA,NA,4.9,1.7,6.6
Kent Douglas,1963,1969,D,428,33,115,148,-1,631,16,17,0,1,62,49,4,743,4.4,NA,NA,9.1,26.1,35.2
Les Douglas,1941,1947,C,52,6,12,18,NA,8,4,2,0,1,10,2,0,NA,NA,NA,NA,-0.6,1.2,0.6
Doug Doull,2004,2006,LW,37,0,1,1,1,151,0,0,0,0,1,0,0,4,0,107,02:53:00,-0.2,0.2,0
Peter Douris,1986,1998,RW,321,54,67,121,2,80,48,5,1,10,60,7,0,513,10.5,13,12:52:00,2.2,4.4,6.6
Jim Dowd,1992,2008,C,728,71,168,239,-13,390,50,15,6,7,114,49,5,766,9.3,8142,12:53:00,5.3,10.6,15.9
Nic Dowd,2016,2026,C,656,89,107,196,17,380,80,2,7,18,97,8,2,664,13.4,8662,13:12:00,4.4,10.5,15
Jake Dowell,2008,2014,C,157,11,22,33,4,133,10,0,1,0,19,0,3,140,7.9,1615,10:17:00,0.2,1.8,2
Justin Dowling,2017,2026,C,154,9,17,26,-23,24,9,0,0,1,15,2,0,131,6.9,1628,10:34:00,-1,1.3,0.3
Aaron Downey,2000,2009,RW,243,8,10,18,-4,494,8,0,0,3,10,0,0,85,9.4,1198,04:56:00,-0.7,1.2,0.5
Dave Downie,1933,1933,C/RW,11,0,0,0,NA,2,NA,NA,NA,0,NA,NA,NA,NA,NA,NA,NA,-0.4,0.2,-0.2
Steve Downie,2008,2016,RW,434,76,120,196,21,1057,58,17,1,9,104,16,0,606,12.5,5766,13:17:00,13.7,7.2,20.9
Mario Doyon,1989,1991,D,28,3,4,7,-2,16,1,2,0,0,2,2,0,38,7.9,NA,NA,0.2,1.1,1.2
Leon Draisaitl,2015,2026,C,855,434,619,1053,100,366,246,178,10,75,422,193,4,2333,18.6,17659,20:39:00,100.4,23,123.4
Dallas Drake,1993,2008,RW,1009,177,300,477,25,885,130,27,20,33,244,43,13,1545,11.5,10339,14:46:00,22.8,16,38.7
Bruce Draper,1963,1963,C,1,0,0,0,0,0,0,0,0,0,0,0,0,0,NA,NA,NA,0,0,0
Kris Draper,1991,2011,C,1157,161,203,364,72,790,135,5,21,23,179,6,18,1716,9.4,13597,14:33:00,7.1,19.2,26.3
Nick Drazenovic,2011,2014,C,12,0,0,0,-6,6,0,0,0,0,0,0,0,10,0,117,09:43:00,-0.3,-0.1,-0.4
Hunter Drew,2022,2022,D,2,0,0,0,0,5,0,0,0,0,0,0,0,0,NA,20,09:52:00,0,0,0
Davis Drewiske,2009,2013,D,135,5,20,25,-1,67,4,1,0,0,19,1,0,119,4.2,2034,15:04:00,0.9,4.9,5.8
Sheldon Dries,2019,2026,C,127,16,10,26,-20,59,9,5,2,1,9,1,0,160,10,1295,10:12:00,0.4,0.6,1.1
Gordie Drillon,1937,1943,RW,312,155,140,295,NA,56,128,23,4,19,108,32,0,NA,NA,NA,NA,31.5,5.9,37.4
Peter Driscoll,1980,1981,LW,60,3,8,11,-9,97,2,1,0,0,6,2,0,40,7.5,NA,NA,-1.4,0.4,-1
Bruce Driver,1984,1998,D,922,96,390,486,14,670,54,39,3,7,194,186,10,1948,4.9,1550,20:40:00,26.9,45.5,72.4
Rene Drolet,1972,1975,RW,2,0,0,0,0,0,0,0,0,0,0,0,0,3,0,NA,NA,-0.1,0,0
Ivan Droppa,1994,1996,D,19,0,1,1,4,14,0,0,0,0,1,0,0,14,0,NA,NA,-0.3,1.3,1
Clarence Drouillard,1938,1938,C,10,0,1,1,NA,0,0,0,0,0,1,0,0,NA,NA,NA,NA,-0.4,0.1,-0.3
Jonathan Drouin,2015,2026,LW,671,111,287,398,-75,238,82,29,0,19,185,102,0,1165,9.5,11125,16:35:00,21.3,9.5,30.8
Jude Drouin,1969,1981,C,666,151,305,456,8,346,117,32,2,22,228,76,1,1527,9.9,NA,NA,22.2,10.2,32.4
P.C. Drouin,1997,1997,LW,3,0,0,0,1,0,0,0,0,0,0,0,0,1,0,NA,NA,-0.1,0.1,0
Polly Drouin,1935,1941,LW,161,23,51,74,NA,80,18,5,0,4,46,5,0,NA,NA,NA,NA,2.6,1.8,4.3
John Druce,1989,1998,RW,531,113,126,239,6,347,97,14,2,10,107,17,2,921,12.3,164,07:07:00,8.1,6.9,15
Harold Druken,2000,2004,C,146,27,36,63,18,36,18,9,0,5,32,5,0,219,12.3,1634,11:11:00,4.9,2.3,7.2
Stan Drulia,1993,2001,RW,126,15,27,42,-28,52,11,2,2,2,21,6,0,136,11,1492,14:37:00,0.7,0.9,1.6
Jim Drummond,1945,1945,D,2,0,0,0,NA,0,0,0,0,0,0,0,0,NA,NA,NA,NA,0,0.1,0
Chris Drury,1999,2011,C,892,255,360,615,-6,468,151,96,8,47,210,142,8,2151,11.9,15995,17:56:00,45.7,18.2,63.9
Herb Drury,1926,1931,D/RW,216,24,13,37,NA,223,NA,NA,NA,3,NA,NA,NA,NA,NA,NA,NA,-1.3,3.2,1.8
Jack Drury,2022,2026,C,267,30,52,82,26,102,27,3,0,3,45,7,0,371,8.1,3452,12:56:00,1.3,4.9,6.2
Ted Drury,1994,2001,C,414,41,52,93,-66,367,36,3,2,4,49,3,0,554,7.4,2008,09:20:00,-0.8,2.4,1.6
Jamie Drysdale,2021,2026,D,295,25,77,102,-96,87,21,4,0,5,49,27,1,392,6.4,5964,20:13:00,5.2,6.7,11.8
Christian Dubé,1997,1999,C,33,1,1,2,-4,4,0,1,0,0,0,1,0,14,7.1,16,02:39:00,-0.8,0.2,-0.7
Dillon Dubé,2019,2024,C,325,57,70,127,-17,105,47,7,3,6,63,5,2,502,11.4,4255,13:06:00,6.2,4.2,10.4
Gilles Dube,1950,1950,LW,12,1,2,3,NA,2,1,0,0,0,2,0,0,NA,NA,NA,NA,-0.2,0.2,0.1
Norm Dubé,1975,1976,LW,57,8,10,18,-12,54,6,2,0,1,9,1,0,78,10.3,NA,NA,-0.4,1,0.6
Pierrick Dube,2024,2024,F,3,0,0,0,1,2,0,0,0,0,0,0,0,3,0,28,09:20:00,-0.1,0.1,0
Justin Duberman,1994,1994,RW,4,0,0,0,0,0,0,0,0,0,0,0,0,2,0,NA,NA,-0.2,0,-0.1
Brandon Dubinsky,2007,2019,C,823,153,285,438,24,905,117,25,11,26,223,52,10,1625,9.4,14115,17:09:00,25.1,17.8,42.8
Steve Dubinsky,1994,2003,C,375,25,45,70,-26,164,21,0,4,1,39,1,5,425,5.9,3631,12:47:00,-4.1,4,-0.1
Pierre-Luc Dubois,2018,2026,C,627,170,257,427,27,548,120,50,0,31,197,60,0,1341,12.7,10837,17:17:00,29,13.8,42.9
Matt Duchene,2010,2026,C,1194,387,549,936,-65,306,286,99,2,59,405,143,1,2810,13.8,21523,18:02:00,76.9,21.1,98
Gaétan Duchesne,1982,1995,LW,1028,179,254,433,103,617,156,9,14,27,236,5,13,1495,12,NA,NA,5.1,18.2,23.2
Steve Duchesne,1987,2002,D,1113,227,525,752,89,824,133,84,10,30,286,231,8,2542,8.9,7082,20:21:00,59.8,52.9,112.7
Anthony Duclair,2015,2026,LW,669,165,176,341,24,221,118,45,2,19,142,33,1,1189,13.9,9625,14:23:00,25,11.7,36.7
Mike Duco,2010,2012,LW,18,0,2,2,-3,65,0,0,0,0,2,0,0,10,0,143,07:56:00,-0.2,0,-0.2
Rick Dudley,1973,1981,LW,309,75,99,174,45,292,69,6,0,11,86,13,0,582,12.9,NA,NA,6.8,5.3,12.1
Walker Duehr,2022,2026,F,95,11,10,21,-15,10,11,0,0,2,10,0,0,93,11.8,849,08:56:00,0.7,0.5,1.2
Dave Duerden,2000,2000,LW,2,0,0,0,0,0,0,0,0,0,0,0,0,1,0,3,01:35:00,0,0,0
Dick Duff,1955,1972,LW,1030,283,289,572,-46,743,224,57,2,38,220,68,1,1571,11.7,NA,NA,35.7,14,49.7
Luc Dufour,1983,1985,LW,167,23,21,44,10,199,23,0,0,2,20,1,0,216,10.6,NA,NA,-1.8,2.2,0.5
Marc Dufour,1964,1969,RW,14,1,0,1,-6,2,1,0,0,0,0,0,0,13,7.7,NA,NA,-0.4,0.1,-0.3
William Dufour,2023,2023,RW,1,0,0,0,-2,0,0,0,0,0,0,0,0,0,NA,7,06:48:00,0,-0.1,-0.1
Donald Dufresne,1989,1997,D,268,6,36,42,1,258,6,0,0,0,36,0,0,156,3.8,NA,NA,-1.6,13.8,12.2
John Duggan,1926,1926,LW,27,0,0,0,NA,0,NA,NA,NA,0,NA,NA,NA,NA,NA,NA,NA,-1,4.4,3.4
Ken Duggan,1988,1988,D,1,0,0,0,0,0,0,0,0,0,0,0,0,0,NA,NA,NA,0,0.1,0
Ron Duguay,1978,1989,C/RW,864,274,346,620,-103,582,197,63,14,19,246,93,7,1806,15.2,NA,NA,30.6,8,38.6
Lorne Duguid,1932,1937,LW,136,9,15,24,NA,57,4,1,0,1,7,1,0,NA,NA,NA,NA,-2.7,2.5,-0.2
Brandon Duhaime,2022,2026,RW,375,33,37,70,0,410,30,0,3,5,36,0,1,410,8,4237,11:18:00,-1.7,4.3,2.6
Dylan Duke,2025,2026,LW,3,1,0,1,-1,0,1,0,0,0,0,0,0,2,50,25,08:22:00,0.1,0,0.1
Duke Dukowski,1927,1934,D,200,16,30,46,NA,186,0,0,0,7,7,0,0,NA,NA,NA,NA,-3,3.7,0.7
Woody Dumart,1936,1954,LW,774,211,219,430,NA,99,191,18,2,34,195,23,1,NA,NA,NA,NA,32.4,15.7,48.1
Mathew Dumba,2014,2026,D,748,85,176,261,1,558,59,26,0,16,124,49,3,1271,6.7,14957,20:00:00,17.6,30.5,48.1
Gabriel Dumont,2012,2020,C,90,4,5,9,0,48,4,0,0,0,5,0,0,101,4,846,09:24:00,-1,0.9,0
J.P. Dumont,1999,2011,RW,822,214,309,523,-2,364,155,58,1,38,218,91,0,1557,13.7,12743,15:30:00,42,14.6,56.6
Brian Dumoulin,2014,2026,D,787,30,164,194,95,200,29,0,1,3,151,5,8,844,3.6,15640,19:52:00,3.3,38.4,41.7
Dale Dunbar,1986,1989,D,2,0,0,0,0,2,0,0,0,0,0,0,0,2,0,NA,NA,0,0.1,0.1
Art Duncan,1927,1931,D,156,18,16,34,NA,233,NA,NA,NA,5,NA,NA,NA,NA,NA,NA,NA,4.7,12.7,17.4
Iain Duncan,1987,1991,LW,127,34,55,89,-19,149,29,5,0,4,36,19,0,204,16.7,NA,NA,4.1,1.3,5.4
Craig Duncanson,1986,1993,LW,38,5,4,9,-11,61,5,0,0,0,4,0,0,29,17.2,NA,NA,-0.4,0.1,-0.3
Rocky Dundas,1990,1990,RW,5,0,0,0,-1,14,0,0,0,0,0,0,0,1,0,NA,NA,-0.2,0,-0.2
Frank Dunlap,1944,1944,W,5,0,1,1,NA,2,0,0,0,0,1,0,0,NA,NA,NA,NA,-0.2,0.1,-0.1
Blake Dunlop,1974,1984,C,550,130,274,404,-13,172,87,41,2,16,199,66,9,859,15.1,NA,NA,16.6,7.6,24.2
Dave Dunn,1974,1976,D,184,14,41,55,-27,313,14,0,0,3,32,9,0,218,6.4,NA,NA,2.1,7.1,9.2
Richie Dunn,1978,1989,D,483,36,140,176,10,314,24,12,0,5,86,53,1,749,4.8,NA,NA,5.4,27.3,32.7
Vince Dunn,2018,2026,D,621,86,244,330,12,387,65,21,0,14,155,88,1,1200,7.2,12515,20:09:00,25.7,28.2,53.9
Joshua Dunne,2021,2026,C,49,1,3,4,-16,53,1,0,0,0,3,0,0,40,2.5,467,09:31:00,-0.8,-0.1,-0.9
Denis Dupéré,1971,1978,LW,421,80,99,179,-31,66,53,22,5,6,75,22,2,587,13.6,NA,NA,3.8,6,9.8
André Dupont,1971,1983,D,810,59,185,244,302,1986,48,10,1,10,141,36,8,1359,4.3,NA,NA,7.7,55.2,62.9
Brodie Dupont,2011,2011,C,1,0,0,0,0,0,0,0,0,0,0,0,0,1,0,6,05:34:00,0,0,0
Jerry Dupont,1982,1987,D,214,7,29,36,-27,468,7,0,0,1,28,1,0,179,3.9,NA,NA,-1.3,8,6.7
Micki DuPont,2002,2008,D,23,1,3,4,-7,12,1,0,0,0,0,3,0,38,2.6,348,15:08:00,0.1,0.3,0.4
Norm Dupont,1980,1984,LW,256,55,85,140,-110,52,35,20,0,4,56,29,0,537,10.2,NA,NA,3.3,1.2,4.5
Yanick Dupré,1992,1996,LW,35,2,0,2,-7,16,2,0,0,1,0,0,0,31,6.5,NA,NA,-1,0.2,-0.8
Pascal Dupuis,2001,2016,LW,871,190,219,409,63,387,153,22,15,30,189,22,8,1918,9.9,13919,15:59:00,25.8,18.8,44.6
Philippe Dupuis,2009,2012,C,116,6,12,18,-6,62,5,0,1,0,11,0,1,146,4.1,1099,09:28:00,-0.5,0.8,0.3
Riley Duran,2025,2025,C,2,0,0,0,-1,2,0,0,0,0,0,0,0,5,0,25,12:44:00,-0.1,0,-0.1
Arnaud Durandeau,2023,2023,LW,4,0,0,0,1,2,0,0,0,0,0,0,0,9,0,52,13:00:00,-0.1,0.1,0
Steve Durbano,1973,1979,D,220,13,60,73,-22,1127,9,4,0,0,41,19,0,333,3.9,NA,NA,2.7,10.7,13.4
Vítězslav Ďuriš,1981,1983,D,89,3,20,23,15,62,2,0,1,0,16,4,0,119,2.5,NA,NA,0,5,5
Chris Durno,2009,2010,C,43,4,4,8,3,47,4,0,0,0,4,0,0,30,13.3,318,07:24:00,0.4,0.4,0.8
Sean Durzi,2022,2026,D,302,30,114,144,-30,237,23,7,0,4,67,46,1,494,6.1,6180,20:28:00,9.4,10.5,19.9
Benoît Dusablon,2004,2004,C,3,0,0,0,-1,2,0,0,0,0,0,0,0,3,0,25,08:19:00,-0.1,0,-0.1
Norm Dussault,1948,1951,C,206,31,62,93,NA,47,24,7,0,5,47,15,0,NA,NA,NA,NA,3.4,3.8,7.2
Red Dutton,1927,1936,D,449,28,68,96,NA,884,8,2,0,4,18,6,0,NA,NA,NA,NA,7.6,34.2,41.8
Christian Dvorak,2017,2026,C,614,123,177,300,-49,147,96,25,2,14,151,25,1,958,12.8,10232,16:40:00,14.4,10.9,25.3
Miroslav Dvořák,1983,1985,D,193,11,74,85,59,51,6,2,3,1,45,23,6,249,4.4,NA,NA,2.8,11.9,14.7
Radek Dvořák,1996,2014,RW,1260,227,363,590,-10,449,176,27,24,24,297,55,11,2463,9.2,17856,16:10:00,28.8,19.7,48.5
Dalibor Dvorsky,2025,2026,C,72,12,9,21,-4,26,7,5,0,0,7,2,0,92,13,1023,14:12:00,0.4,1.2,1.5
Gordie Dwyer,2000,2004,LW,108,0,5,5,-20,394,0,0,0,0,4,1,0,35,0,617,05:43:00,-1.2,-0.1,-1.3
Mike Dwyer,1979,1982,LW,31,2,6,8,-10,25,2,0,0,0,5,1,0,33,6.1,NA,NA,-0.5,0.3,-0.2
Patrick Dwyer,2009,2015,RW,416,42,51,93,-32,77,35,1,6,6,47,2,2,617,6.8,5680,13:39:00,-0.9,5.3,4.4
Henry Dyck,1944,1944,C/LW,1,0,0,0,NA,0,0,0,0,0,0,0,0,NA,NA,NA,NA,-0.1,0,-0.1
Babe Dye,1920,1931,RW,272,203,50,253,NA,220,NA,NA,NA,30,NA,NA,NA,NA,NA,NA,NA,41,5.3,46.2
Karl Dykhuis,1992,2004,D,644,42,91,133,8,495,29,11,2,4,66,22,3,702,6,8289,18:28:00,4.7,30.1,34.8
Steve Dykstra,1986,1990,D,217,8,32,40,-18,545,6,1,1,0,27,4,1,165,4.8,NA,NA,-1,9,8
Jack Dyte,1944,1944,D,27,1,0,1,NA,31,1,0,0,0,0,0,0,NA,NA,NA,NA,-0.6,2.4,1.8
Joe Dziedzic,1996,1999,LW,130,14,14,28,-11,131,14,0,0,4,14,0,0,130,10.8,16,08:09:00,-1.3,0.6,-0.7
Ryan Dzingel,2016,2022,C,404,87,101,188,-22,191,70,16,1,10,83,18,0,619,14.1,5957,14:45:00,11.8,6,17.7
David Dziurzynski,2013,2016,LW,26,3,3,6,-5,22,3,0,0,0,3,0,0,34,8.8,292,11:13:00,0.2,0.1,0.3
Ben Eager,2006,2014,LW,407,43,42,85,-12,875,43,0,0,6,42,0,0,404,10.6,3476,08:32:00,3.7,3.2,6.9
Mike Eagles,1983,2000,C/LW,853,74,122,196,-119,928,65,3,6,7,111,1,10,762,9.7,1036,09:10:00,-10.7,8.6,-2.1
Bruce Eakin,1982,1986,C,13,2,2,4,-7,4,2,0,0,0,2,0,0,9,22.2,NA,NA,-0.1,0,-0.1
Cody Eakin,2012,2022,C,701,110,146,256,-25,278,88,12,10,18,127,14,5,1016,10.8,10708,15:16:00,9.9,10.1,20
Dallas Eakins,1993,2002,D,120,0,9,9,6,208,0,0,0,0,8,0,1,59,0,858,13:37:00,-1.4,5.5,4.1
Robbie Earl,2008,2011,LW,47,6,1,7,-4,6,6,0,0,0,1,0,0,44,13.6,422,08:58:00,0.2,0.3,0.5
Mike Eastwood,1992,2004,C,783,87,149,236,-40,354,77,5,5,13,124,10,15,653,13.3,6441,13:58:00,1.6,10,11.6
Mark Eaton,2000,2013,D,650,24,61,85,9,242,22,2,0,5,48,8,5,501,4.8,12046,18:32:00,-2.1,26.9,24.8
Jeff Eatough,1982,1982,RW,1,0,0,0,-1,0,0,0,0,0,0,0,0,0,NA,NA,NA,0,0,-0.1
Mike Eaves,1979,1985,C,324,83,143,226,24,80,58,17,8,11,109,27,7,608,13.7,NA,NA,9.2,4.8,14.1
Murray Eaves,1981,1990,C,57,4,13,17,-14,9,3,1,0,0,13,0,0,44,9.1,NA,NA,-0.8,0.5,-0.3
Patrick Eaves,2006,2019,RW,633,132,110,242,4,210,89,38,5,17,91,19,0,1168,11.3,8173,12:55:00,17.1,8.3,25.5
Andrew Ebbett,2008,2015,C,224,26,45,71,0,50,16,9,1,5,37,8,0,278,9.4,2644,11:48:00,2.9,2.9,5.8
Jordan Eberle,2011,2026,RW,1138,334,449,783,-57,293,257,74,3,50,322,127,0,2585,12.9,20041,17:37:00,61.8,21.7,83.5
Tim Ecclestone,1968,1978,LW,692,126,233,359,20,344,89,31,6,18,176,49,8,1437,8.8,NA,NA,12.5,11.1,23.6
Tyler Eckford,2010,2011,D,7,0,1,1,-1,4,0,0,0,0,0,1,0,2,0,57,08:09:00,0,0.1,0.1
Rolf Edberg,1979,1981,C,184,45,58,103,10,24,39,5,1,9,50,8,0,317,14.2,NA,NA,3.9,2.8,6.7
Frank Eddolls,1945,1952,D,317,23,43,66,NA,114,19,4,0,1,37,6,0,NA,NA,NA,NA,2.8,19,21.8
Darryl Edestrand,1968,1979,D,455,34,90,124,8,404,24,8,2,8,77,13,0,728,4.7,NA,NA,4.1,23.4,27.4
Alexander Edler,2007,2023,D,1030,104,335,439,-19,733,57,46,1,11,202,131,2,2131,4.9,22898,22:14:00,30.7,48.6,79.3
Garry Edmundson,1952,1961,LW,43,4,6,10,1,49,4,0,0,1,6,0,0,29,13.8,NA,NA,-0.6,0.7,0.1
Joel Edmundson,2016,2026,D,684,37,116,153,60,508,37,0,0,3,110,4,2,910,4.1,12804,18:43:00,3.5,33.2,36.7
Adam Edstrom,2024,2026,C,97,10,6,16,-2,31,10,0,0,3,6,0,0,78,12.8,897,09:15:00,0,1,1
Tom Edur,1977,1978,D,158,17,70,87,15,67,11,6,0,2,51,18,1,323,5.3,NA,NA,5.3,9.5,14.8
Simon Edvinsson,2023,2026,D,174,19,41,60,20,158,19,0,0,5,38,1,2,191,9.9,3688,21:12:00,3.3,10.5,13.8
Pat Egan,1940,1951,D,552,77,153,230,NA,786,57,17,3,7,125,25,3,NA,NA,NA,NA,17.3,31,48.3
Allan Egeland,1996,1998,C,17,0,0,0,-3,16,0,0,0,0,0,0,0,6,0,52,06:28:00,-0.7,0.2,-0.5
Jack Egers,1970,1976,RW,284,64,69,133,0,154,46,18,0,10,46,23,0,632,10.1,NA,NA,5,4.2,9.2
Nikolaj Ehlers,2016,2026,LW,756,251,340,591,114,236,200,50,1,45,250,90,0,2102,11.9,12434,16:27:00,50.6,17.9,68.4
Gerry Ehman,1958,1971,RW,429,96,118,214,-78,100,77,19,0,17,86,32,0,815,10.2,NA,NA,9.9,5.2,15.1
Christoffer Ehn,2019,2020,C,114,5,8,13,-26,8,4,0,1,1,8,0,0,85,5.9,1199,10:31:00,-1.5,0.6,-1
Christian Ehrhoff,2004,2016,D,789,74,265,339,48,517,44,29,1,24,130,129,6,1587,4.7,16723,21:12:00,24.7,43,67.7
Jack Eichel,2016,2026,C,689,266,430,696,16,211,200,63,3,45,252,170,8,2447,10.9,13961,20:16:00,58.9,17.7,76.6
Neil Eisenhut,1994,1995,C,16,1,3,4,0,21,1,0,0,0,3,0,0,15,6.7,NA,NA,-0.2,0.2,0
Victor Ejdsell,2018,2018,C,6,0,1,1,-1,0,0,0,0,0,1,0,0,7,0,80,13:19:00,-0.1,0.1,-0.1
Aaron Ekblad,2015,2026,D,804,122,284,406,91,560,78,42,2,29,192,85,7,1891,6.5,18371,22:51:00,31.5,43.3,74.8
Mattias Ekholm,2012,2026,D,965,92,309,401,217,458,74,14,4,20,256,44,9,1655,5.6,20886,21:39:00,24.8,59.6,84.3
Pelle Eklund,1986,1994,C,594,120,335,455,11,109,73,41,6,16,179,151,5,956,12.6,NA,NA,19.8,7.7,27.5
Victor Eklund,2026,2026,RW,1,0,1,1,0,0,0,0,0,0,1,0,0,2,0,16,15:30:00,0.1,0,0.1
William Eklund,2022,2026,LW,250,49,111,160,-92,99,31,17,1,8,74,34,3,477,10.3,4701,18:48:00,7.4,2.9,10.3
Nils Ekman,2000,2007,LW,264,60,91,151,13,188,44,11,5,8,59,31,1,506,11.9,3853,14:36:00,11.1,4.8,15.9
Oliver Ekman-Larsson,2011,2026,D,1136,156,383,539,-110,752,91,61,4,36,242,138,3,2336,6.7,25553,22:30:00,42.4,48.9,91.3
Anders Eldebrink,1982,1983,D,55,3,11,14,-4,29,3,0,0,0,6,5,0,67,4.5,NA,NA,0.1,2.8,2.9
Patrik Eliáš,1996,2016,LW,1240,408,617,1025,172,549,279,113,16,80,380,220,17,3287,12.4,22064,18:03:00,89.8,34.9,124.7
Matt Elich,2000,2001,RW,16,1,1,2,-6,0,1,0,0,0,1,0,0,12,8.3,121,07:33:00,0,-0.1,-0.1
Remi Elie,2017,2022,LW,107,7,15,22,5,28,7,0,0,1,15,0,0,96,7.3,1196,11:11:00,-0.3,1.6,1.4
Bo Elik,1963,1963,LW,3,0,0,0,-2,0,0,0,0,0,0,0,0,0,NA,NA,NA,-0.1,0,-0.1
Todd Elik,1990,1997,C,448,110,219,329,15,453,76,31,3,12,164,54,1,902,12.2,NA,NA,18.5,5.9,24.4
Corey Elkins,2010,2010,LW,3,1,0,1,-2,0,1,0,0,0,0,0,0,5,20,36,11:54:00,0.1,0,0.1
Lars Eller,2010,2026,C,1183,193,246,439,-24,647,166,17,10,30,212,26,8,1976,9.8,17590,14:52:00,17.1,18.1,35.2
Keaton Ellerby,2010,2015,D,212,4,23,27,-13,88,3,1,0,1,22,1,0,162,2.5,2967,14:00:00,-0.1,5.8,5.7
Dave Ellett,1985,2000,D,1129,153,415,568,-51,985,85,63,5,22,180,221,14,2399,6.4,3329,17:42:00,34,54.4,88.4
Fred Elliott,1929,1929,RW,43,2,0,2,NA,8,NA,NA,NA,0,NA,NA,NA,NA,NA,NA,NA,-1.9,0.9,-1
Stefan Elliott,2012,2019,D,87,8,17,25,-5,16,8,0,0,1,14,3,0,170,4.7,1395,16:02:00,2,2.6,4.7
Matt Ellis,2007,2015,LW,356,21,28,49,-20,89,20,0,1,6,27,1,0,485,4.3,3127,08:47:00,-1.3,2.9,1.5
Morgan Ellis,2016,2016,D,3,0,0,0,0,2,0,0,0,0,0,0,0,3,0,27,08:57:00,0,0.1,0
Ron Ellis,1964,1981,RW,1034,332,308,640,74,207,269,56,7,50,242,62,4,2333,14.2,NA,NA,41.2,16.6,57.9
Ryan Ellis,2012,2022,D,566,76,199,275,116,189,53,20,3,16,153,41,5,1069,7.1,11808,20:52:00,23.5,33.9,57.4
Matt Ellison,2004,2007,RW,43,3,11,14,-5,19,2,1,0,0,7,4,0,54,5.6,554,12:53:00,0.1,0.4,0.5
Miika Elomo,2000,2000,LW,2,0,1,1,1,2,0,0,0,0,1,0,0,3,0,22,11:12:00,0,0.1,0.1
Kari Eloranta,1982,1987,D,267,13,103,116,23,155,10,3,0,1,67,34,2,217,6,NA,NA,3.7,13.3,17.1
Mikko Eloranta,2000,2003,LW,264,32,44,76,-24,186,27,4,1,5,41,3,0,380,8.4,3134,11:52:00,2.7,2.7,5.4
Turner Elson,2016,2022,LW,3,0,1,1,0,0,0,0,0,0,1,0,0,1,0,42,13:53:00,0,0.1,0
Pat Elynuik,1988,1996,RW,506,154,188,342,-33,459,97,56,1,16,137,49,2,838,18.4,NA,NA,18.5,6.6,25.1
Ty Emberson,2024,2026,D,177,5,30,35,-9,47,5,0,0,2,28,1,1,136,3.7,2804,15:50:00,0.5,5.9,6.4
Alexei Emelin,2012,2018,D,456,15,66,81,-9,363,13,1,1,0,63,2,1,408,3.7,8769,19:14:00,-0.1,18.3,18.2
Nelson Emerson,1991,2002,RW,771,195,293,488,-136,575,141,43,11,27,140,148,5,1971,9.9,5086,15:30:00,30.7,6.7,37.4
Steve Eminger,2003,2013,D,488,19,80,99,-42,359,16,3,0,3,59,16,5,303,6.3,8617,17:39:00,2.5,13.5,16
David Emma,1993,2001,C,34,5,6,11,-4,2,4,1,0,2,5,1,0,39,12.8,44,07:23:00,0.2,0.2,0.4
Cory Emmerton,2011,2014,C,139,12,9,21,-1,22,12,0,0,0,7,2,0,143,8.4,1272,09:09:00,0.1,1.3,1.4
Gary Emmons,1994,1994,C,3,1,0,1,-4,0,0,1,0,0,0,0,0,6,16.7,NA,NA,0.1,-0.1,0
John Emmons,2000,2002,C,85,2,4,6,-11,64,2,0,0,0,4,0,0,60,3.3,728,08:34:00,-1.2,0.3,-0.9
Hap Emms,1927,1938,LW/D,330,36,53,89,NA,324,16,0,0,8,23,3,0,NA,NA,NA,NA,-1.1,6.1,5
Craig Endean,1987,1987,LW,2,0,1,1,2,0,0,0,0,0,1,0,0,0,NA,NA,NA,0,0.1,0.1
Shane Endicott,2002,2006,C,45,1,2,3,-10,47,0,0,1,0,2,0,0,46,2.2,514,11:26:00,-1.1,0.1,-1
Brian Engblom,1978,1987,D,659,29,177,206,155,599,18,11,0,0,138,35,4,855,3.4,NA,NA,3.3,41.8,45.1
Jerry Engele,1976,1978,D,100,2,13,15,-20,162,1,0,1,1,12,1,0,96,2.1,NA,NA,-0.7,4.6,3.8
Deryk Engelland,2010,2020,D,671,30,97,127,4,579,30,0,0,6,92,1,4,730,4.1,11042,16:27:00,3.5,22.4,25.8
John English,1988,1988,D,3,1,3,4,2,4,0,1,0,0,2,1,0,5,20,NA,NA,0.3,0.2,0.5
Andreas Englund,2017,2026,D,200,2,18,20,-26,190,2,0,0,0,18,0,0,106,1.9,2510,12:33:00,-0.9,3.9,3
Andreas Engqvist,2011,2012,C,15,0,0,0,-1,4,0,0,0,0,0,0,0,4,0,105,07:02:00,-0.3,0.1,-0.2
Adam Engstrom,2026,2026,D,15,0,1,1,2,8,0,0,0,0,1,0,0,11,0,196,13:03:00,-0.1,0.5,0.4
Pierre Engvall,2020,2025,LW,380,65,70,135,24,117,58,4,3,14,59,9,2,639,10.2,5013,13:11:00,5.6,6.1,11.8
Jim Ennis,1988,1988,D,5,1,0,1,0,10,0,1,0,0,0,0,0,9,11.1,NA,NA,0,0.2,0.2
Tyler Ennis,2010,2022,C,700,144,202,346,-84,224,110,33,1,13,138,64,0,1446,10,10613,15:10:00,23.4,9.2,32.6
Toby Enström,2008,2018,D,719,54,254,308,5,422,30,22,2,7,139,110,5,819,6.6,16363,22:45:00,20.5,30.4,50.9
MacKenzie Entwistle,2021,2024,RW,193,15,20,35,-55,86,14,0,1,1,19,1,0,156,9.6,2162,11:12:00,-1.2,1.2,0
Martin Erat,2002,2015,RW,881,176,369,545,-6,506,129,45,2,28,253,113,3,1470,12,14633,16:37:00,35.9,16.7,52.6
Aut Erickson,1960,1970,D,226,7,24,31,-37,180,6,1,0,0,22,2,0,178,3.9,NA,NA,-0.5,11.1,10.6
Bryan Erickson,1984,1994,RW,351,80,125,205,4,141,57,21,2,13,88,35,2,561,14.3,NA,NA,6.9,4.8,11.7
Grant Erickson,1969,1970,LW,6,1,0,1,-1,0,1,0,0,0,0,0,0,6,16.7,NA,NA,-0.1,0,-0.1
Jonathan Ericsson,2008,2020,D,680,27,98,125,-21,535,24,2,1,3,95,0,3,694,3.9,12670,18:38:00,1.2,26.2,27.3
Anders Eriksson,1996,2010,D,572,22,154,176,43,242,17,5,0,5,102,50,2,638,3.4,10662,19:27:00,8.6,28,36.6
Loui Eriksson,2007,2022,LW,1050,253,360,613,16,200,182,60,11,34,276,75,9,2013,12.6,18089,17:14:00,42.9,21.1,64
Peter Eriksson,1990,1990,LW,20,3,3,6,-1,24,2,1,0,0,2,1,0,23,13,NA,NA,-0.1,0.2,0.1
Roland Eriksson,1977,1979,C,193,48,95,143,-70,26,35,13,0,2,55,39,1,577,8.3,NA,NA,7.7,1.4,9.1
Thomas Eriksson,1981,1986,D,208,22,76,98,45,107,14,7,1,2,43,33,0,317,6.9,NA,NA,4.2,12.1,16.3
Joel Eriksson Ek,2017,2026,C/LW,614,155,195,350,82,274,103,49,3,22,152,41,2,1542,10.1,10568,17:13:00,20.6,14.7,35.3
Jan Erixon,1984,1993,LW,556,57,159,216,34,167,48,1,8,5,148,2,9,600,9.5,NA,NA,-1.5,8.2,6.8
Tim Erixon,2012,2015,D,93,2,12,14,-3,38,1,1,0,0,6,6,0,67,3,1388,14:56:00,0.1,2.8,2.9
Adam Erne,2017,2026,LW,423,47,52,99,-58,199,42,5,0,7,48,3,1,490,9.6,5012,11:51:00,0.6,3.8,4.3
Bob Errey,1984,1998,LW,895,170,212,382,57,1005,148,11,11,19,183,15,14,1270,13.4,NA,NA,8.3,12.6,20.9
John Erskine,2002,2014,D,491,15,39,54,-17,865,15,0,0,2,34,1,4,393,3.8,7262,14:47:00,-0.9,12.7,11.7
Len Esau,1992,1995,D,27,0,10,10,-10,24,0,0,0,0,8,2,0,26,0,NA,NA,0.3,0.5,0.8
Phil Esposito,1964,1981,C,1282,717,873,1590,252,910,448,246,23,118,558,303,12,5166,13.9,NA,NA,142.9,20.7,163.7
Emerson Etem,2013,2017,RW,173,22,24,46,-7,30,20,1,1,3,22,0,2,269,8.2,2146,12:24:00,1.7,1.9,3.5
Luke Evangelista,2023,2026,RW,252,45,95,140,7,74,40,5,0,4,67,28,0,533,8.4,3790,15:02:00,7.6,5.1,12.7
Chris Evans,1970,1975,D,241,19,42,61,-29,143,14,2,3,3,28,10,4,314,6.1,NA,NA,0.1,8.6,8.7
Daryl Evans,1982,1987,LW,113,22,30,52,-17,25,19,2,1,0,19,11,0,303,7.3,NA,NA,0.8,1,1.8
Doug Evans,1986,1993,LW,355,48,87,135,-5,502,42,4,2,3,72,12,3,349,13.8,NA,NA,0.1,4.9,5
Jack Evans,1949,1963,D,754,19,80,99,13,990,14,2,3,3,74,5,1,194,1.5,NA,NA,-2.4,42,39.5
Jake Evans,2020,2026,C/RW,418,52,100,152,-15,141,44,1,7,8,93,0,7,485,10.7,6229,14:54:00,2.8,6.4,9.2
Kevin Evans,1991,1992,LW,9,0,1,1,-3,44,0,0,0,0,1,0,0,6,0,NA,NA,-0.3,0.1,-0.2
Paul Evans,1977,1978,RW,11,1,1,2,2,21,1,0,0,0,1,0,0,10,10,NA,NA,-0.2,0.2,0
Paul Evans,1979,1983,C,103,14,25,39,13,34,13,0,1,2,23,1,1,90,15.6,NA,NA,-0.3,1.4,1.2
Ryker Evans,2024,2026,D,174,14,37,51,-10,88,12,1,1,0,29,8,0,148,9.5,3268,18:47:00,2.4,6.9,9.3
Shawn Evans,1986,1990,D,9,1,0,1,-2,2,0,1,0,0,0,0,0,5,20,NA,NA,0,0.4,0.3
Stewart Evans,1931,1939,D,367,28,49,77,NA,427,21,4,0,8,25,13,1,NA,NA,NA,NA,5.8,25.1,30.8
Dean Evason,1984,1996,C,803,139,233,372,-92,1002,102,30,7,14,186,35,12,1135,12.2,NA,NA,8.2,9.5,17.7
Dennis Everberg,2015,2016,RW,70,3,9,12,-12,10,3,0,0,0,9,0,0,71,4.2,783,11:11:00,-0.5,0.4,-0.1
Todd Ewen,1987,1997,RW,518,36,40,76,-9,1914,36,0,0,6,38,2,0,338,10.7,NA,NA,-11.1,6.7,-4.4
Garnet Exelby,2003,2010,D,408,7,43,50,-28,584,6,0,1,0,40,0,3,245,2.9,6871,16:51:00,-1.9,10.3,8.4
Michael Eyssimont,2022,2026,C,269,33,41,74,8,261,30,3,0,5,36,5,0,525,6.3,3056,11:22:00,1.9,3.8,5.6
Bill Ezinicki,1945,1955,RW,368,79,105,184,NA,707,62,16,1,10,89,15,1,NA,NA,NA,NA,9.3,6,15.3
Robby Fabbri,2016,2026,C,463,108,113,221,-99,219,82,26,0,20,83,30,0,767,14.1,6917,14:56:00,14.4,4.8,19.2
Dante Fabbro,2019,2026,D,451,30,79,109,13,232,28,2,0,5,77,2,0,567,5.3,8239,18:16:00,3.6,17.4,21
Brock Faber,2023,2026,D,242,33,94,127,17,88,26,6,1,3,61,31,2,434,7.6,6053,25:01:00,8.2,14.6,22.8
Samuel Fagemo,2022,2024,LW,21,3,1,4,-7,0,2,1,0,0,1,0,0,23,13,199,09:29:00,0.1,0,0.1
Brian Fahey,2011,2011,D,7,0,1,1,-1,2,0,0,0,0,1,0,0,4,0,83,11:49:00,0,0.1,0.1
Jim Fahey,2003,2007,D,92,1,24,25,-16,67,1,0,0,0,10,14,0,114,0.9,1448,15:44:00,1.2,2,3.2
Trevor Fahey,1965,1965,LW,1,0,0,0,0,0,0,0,0,0,0,0,0,1,0,NA,NA,0,0,0
Bill Fairbairn,1969,1979,RW,658,162,261,423,80,173,120,27,15,28,218,36,7,1282,12.6,NA,NA,21.5,11.5,33.1
Cade Fairchild,2012,2012,D,5,0,1,1,-1,0,0,0,0,0,1,0,0,1,0,48,09:39:00,0.1,0,0.1
Kelly Fairchild,1996,2002,C,34,2,3,5,-3,6,2,0,0,0,3,0,0,25,8,79,07:08:00,-0.4,0.3,-0.1
Radek Faksa,2016,2026,C,765,96,136,232,-11,402,81,6,9,15,123,6,7,985,9.7,11225,14:40:00,2.2,13.1,15.3
Justin Falk,2010,2019,D,279,3,30,33,-63,219,2,1,0,0,29,0,1,201,1.5,4094,14:40:00,-1,5.2,4.2
Bob Falkenberg,1967,1972,D,54,1,5,6,-16,26,1,0,0,0,5,0,0,38,2.6,NA,NA,-0.4,1.7,1.3
Pat Falloon,1992,2000,RW,575,143,179,322,-66,141,103,39,1,14,120,56,3,1270,11.3,1982,13:40:00,19.5,5.8,25.3
Oscar Fantenberg,2018,2020,D,124,5,14,19,-5,34,5,0,0,0,9,5,0,148,3.4,1934,15:36:00,0,4,4
Adam Fantilli,2024,2026,C,213,67,73,140,-30,72,59,7,1,7,59,13,1,520,12.9,3753,17:37:00,10,2.8,12.8
Joel Farabee,2020,2026,LW,496,112,132,244,-46,255,99,8,5,9,111,20,1,937,12,8019,16:10:00,13.1,8.4,21.4
John Farinacci,2025,2025,C,1,1,0,1,1,0,1,0,0,0,0,0,0,1,100,11,10:58:00,0.2,0.1,0.2
Jeff Farkas,2001,2003,RW,11,0,2,2,-1,6,0,0,0,0,2,0,0,9,0,127,11:30:00,-0.1,0.1,-0.1
Bobby Farnham,2015,2017,LW,67,8,2,10,-2,138,8,0,0,0,2,0,0,60,13.3,597,08:55:00,0.4,0.8,1.2
David Farrance,2021,2021,D,2,0,0,0,3,0,0,0,0,0,0,0,0,3,0,36,18:08:00,0,0.3,0.3
Walt Farrant,1944,1944,RW,1,0,0,0,NA,0,0,0,0,0,0,0,0,NA,NA,NA,NA,-0.1,0,0
Mike Farrell,2002,2004,RW,13,0,0,0,0,2,0,0,0,0,0,0,0,3,0,61,04:42:00,-0.2,0.1,-0.1
Sean Farrell,2023,2023,C,6,1,0,1,-2,0,1,0,0,0,0,0,0,8,12.5,83,13:52:00,0,0,0
Dave Farrish,1977,1984,D,430,17,110,127,-46,440,11,5,1,1,78,31,1,631,2.7,NA,NA,1.8,17.8,19.6
Hudson Fasching,2016,2025,RW,175,17,23,40,-7,30,17,0,0,2,22,1,0,179,9.5,2019,11:32:00,0,2.2,2.2
Gordie Fashoway,1951,1951,LW,13,3,2,5,NA,14,3,0,0,0,2,0,0,NA,NA,NA,NA,0.2,0,0.3
Brad Fast,2004,2004,D,1,1,0,1,1,0,1,0,0,0,0,0,0,4,25,21,21:24:00,0.2,0.1,0.3
Jesper Fast,2014,2024,RW,703,91,157,248,41,166,87,2,2,9,146,5,6,724,12.6,10184,14:29:00,6.4,12.8,19.2
Drew Fata,2007,2008,D,8,1,1,2,-3,9,1,0,0,0,1,0,0,5,20,118,14:48:00,0.2,0,0.2
Rico Fata,1999,2007,RW,230,27,36,63,-60,104,18,7,2,1,24,10,2,334,8.1,2940,12:47:00,1.5,0.8,2.3
Mario Faubert,1975,1982,D,231,21,90,111,-37,222,8,13,0,3,38,48,4,397,5.3,NA,NA,5.1,10.1,15.1
Justin Faulk,2012,2026,D,1057,145,352,497,-73,520,93,49,3,36,240,106,6,2433,6,24231,22:55:00,37.1,48.4,85.5
Alex Faulkner,1962,1964,C,101,15,17,32,-17,15,15,0,0,4,15,2,0,143,10.5,NA,NA,-0.2,1.5,1.3
Ted Fauss,1987,1988,D,28,0,2,2,10,15,0,0,0,0,2,0,0,6,0,NA,NA,-0.4,1.7,1.3
Andre Faust,1993,1994,C,47,10,7,17,4,14,10,0,0,1,7,0,0,44,22.7,NA,NA,0.4,0.6,1
Mark Fayne,2011,2017,D,389,17,48,65,-19,131,15,0,2,1,38,6,4,436,3.9,7064,18:10:00,0.6,16.4,17
Dave Feamster,1982,1985,D,169,13,24,37,7,154,13,0,0,0,24,0,0,143,9.1,NA,NA,0.1,8.8,8.9
Glen Featherstone,1989,1997,D,384,19,61,80,16,939,17,2,0,3,50,10,1,349,5.4,NA,NA,0.3,20.7,21
Tony Featherstone,1970,1974,RW,130,17,21,38,-21,65,14,1,2,1,19,2,0,195,8.7,NA,NA,-0.8,1.6,0.8
Bernie Federko,1977,1990,C,1000,369,761,1130,-131,487,247,120,2,40,456,305,0,2074,17.8,NA,NA,69.1,10.7,79.8
Fedor Fedorov,2003,2006,C,18,0,2,2,0,14,0,0,0,0,2,0,0,14,0,181,10:05:00,-0.3,0.2,-0.1
Sergei Fedorov,1991,2009,C,1248,483,696,1179,261,839,303,144,36,93,409,256,31,3985,12.1,14730,19:51:00,96,29.6,125.6
Todd Fedoruk,2001,2010,LW,545,32,65,97,-27,1050,30,2,0,2,63,2,0,349,9.2,4462,08:11:00,0.8,4,4.7
Ruslan Fedotenko,2001,2013,LW,863,173,193,366,25,472,143,28,2,33,166,23,4,1441,12,12804,14:50:00,21,15.4,36.4
Anatoli Fedotov,1993,1994,D,4,0,2,2,0,0,0,0,0,0,2,0,0,2,0,NA,NA,0.1,0.2,0.3
Taylor Fedun,2014,2023,D,131,8,27,35,7,44,8,0,0,0,19,7,1,181,4.4,1814,13:51:00,2.3,5.4,7.6
Brent Fedyk,1988,1999,LW,470,97,112,209,-17,308,74,21,2,7,89,18,5,642,15.1,743,11:06:00,7.5,4.6,12.1
Martin Fehérváry,2020,2026,D,380,27,75,102,28,151,26,0,1,3,71,0,4,404,6.7,7385,19:26:00,3.6,17.6,21.2
Eric Fehr,2006,2019,RW,652,113,108,221,49,217,97,10,6,21,91,15,2,1109,10.2,8015,12:18:00,13.9,10,23.9
Tye Felhaber,2025,2025,F,5,0,0,0,-1,0,0,0,0,0,0,0,0,2,0,28,05:31:00,-0.1,0,-0.1
Chris Felix,1989,1991,D,35,1,12,13,1,10,0,1,0,0,4,8,0,28,3.6,NA,NA,0.3,2.1,2.4
Brian Felsner,1998,1998,LW,12,1,3,4,0,12,1,0,0,0,3,0,0,14,7.1,136,11:20:00,0.1,0.2,0.2
Denny Felsner,1992,1995,LW,18,1,4,5,2,6,1,0,0,0,4,0,0,14,7.1,NA,NA,-0.2,0.3,0.1
Tony Feltrin,1981,1986,D,48,3,3,6,-21,65,3,0,0,0,3,0,0,47,6.4,NA,NA,-0.3,1.4,1.1
Domenick Fensore,2025,2026,D,3,0,0,0,-2,2,0,0,0,0,0,0,0,7,0,58,19:10:00,-0.1,0,-0.1
Paul Fenton,1985,1992,LW,411,100,83,183,-69,198,76,18,6,7,73,9,1,749,13.4,NA,NA,5.3,3.5,8.9
David Fenyves,1983,1991,D,206,3,32,35,1,119,3,0,0,0,32,0,0,153,2,NA,NA,-1.5,12,10.5
Andrew Ference,2000,2016,D,907,43,182,225,-33,753,35,8,0,4,130,44,8,1064,4,17626,19:26:00,8.4,35,43.5
Brad Ference,2000,2007,D,250,4,30,34,-44,565,4,0,0,0,20,9,1,169,2.4,4089,16:21:00,-0.2,5.2,5
Tom Fergus,1982,1993,C,726,235,346,581,-20,499,181,49,5,26,258,83,5,1427,16.5,NA,NA,31,8.3,39.3
Craig Ferguson,1994,2000,C,27,1,1,2,-11,6,1,0,0,0,1,0,0,30,3.3,17,05:34:00,-0.7,0,-0.8
George Ferguson,1973,1984,C,797,160,238,398,-46,431,121,21,18,16,199,30,9,1452,11,NA,NA,10.1,9.3,19.3
John Ferguson,1964,1971,LW,500,145,158,303,83,1216,119,26,0,31,128,30,0,1144,12.7,NA,NA,19.8,9.3,29
Lorne Ferguson,1950,1959,LW,422,82,80,162,NA,191,67,11,4,14,71,7,2,NA,NA,NA,NA,6.6,6.2,12.8
Norm Ferguson,1969,1972,RW,279,73,66,139,-57,72,58,15,0,10,56,10,0,526,13.9,NA,NA,7.2,3.2,10.4
Scott Ferguson,1998,2006,D,218,7,14,21,17,310,7,0,0,1,14,0,0,125,5.6,2740,12:34:00,0.1,6.8,6.9
Jonathan Ferland,2006,2006,RW,7,1,0,1,-2,2,1,0,0,0,0,0,0,9,11.1,46,06:37:00,0.1,0,0
Micheal Ferland,2015,2020,LW,335,60,74,134,0,200,45,15,0,5,63,11,0,577,10.4,4342,12:58:00,8.1,5,13.1
Brian Ferlin,2015,2015,RW,7,0,1,1,0,0,0,0,0,0,1,0,0,6,0,62,08:48:00,-0.1,0.1,0
Mark Ferner,1987,1995,D,91,3,10,13,-23,51,3,0,0,0,8,2,0,70,4.3,NA,NA,-0.6,3.4,2.9
Chris Ferraro,1996,2002,C,74,7,9,16,-2,57,6,1,0,0,5,4,0,89,7.9,470,07:50:00,-0.4,0.9,0.5
Landon Ferraro,2014,2018,C,77,7,5,12,-9,29,7,0,0,2,5,0,0,86,8.1,802,10:25:00,-0.1,0.5,0.3
Mario Ferraro,2020,2026,D,488,23,89,112,-119,216,23,0,0,2,82,5,2,529,4.3,10367,21:15:00,0.6,16.6,17.2
Peter Ferraro,1996,2002,LW,92,9,15,24,-1,58,8,1,0,1,11,4,0,113,8,562,10:13:00,0.4,1.2,1.6
Ray Ferraro,1985,2002,C,1258,408,490,898,-104,1288,278,130,0,45,340,148,2,2163,18.9,5490,16:00:00,59.9,14.5,74.4
Benn Ferriero,2010,2014,RW,98,14,9,23,12,25,13,1,0,5,9,0,0,170,8.2,1168,11:55:00,0.7,1.7,2.5
Brett Festerling,2009,2012,D,88,0,8,8,3,35,0,0,0,0,8,0,0,42,0,1272,14:28:00,-0.7,2.7,2.1
Viacheslav Fetisov,1990,1998,D,546,36,192,228,114,656,26,8,2,4,140,46,6,662,5.4,1051,18:07:00,10.6,34.6,45.3
Kevin Fiala,2015,2026,LW,707,229,299,528,2,403,166,62,1,35,192,107,0,1912,12,11858,16:46:00,42.7,12.7,55.4
Jesse Fibiger,2003,2003,D,16,0,0,0,-5,2,0,0,0,0,0,0,0,2,0,97,06:05:00,-0.1,-0.2,-0.3
Vernon Fiddler,2003,2017,C,877,104,157,261,-18,558,81,11,12,14,140,8,9,1157,9,11679,13:19:00,6.4,11.6,18
Mike Fidler,1977,1983,LW,271,84,97,181,-51,124,66,18,0,9,70,27,0,598,14,NA,NA,9.8,2.8,12.6
Wilf Field,1937,1945,D,220,17,25,42,NA,149,16,0,1,2,21,3,1,NA,NA,NA,NA,0.5,10.1,10.5
Guyle Fielder,1951,1958,C,9,0,0,0,NA,2,0,0,0,0,0,0,0,NA,NA,NA,NA,-0.4,0.1,-0.3
Nikita Filatov,2009,2012,LW,53,6,8,14,7,20,6,0,0,2,5,3,0,58,10.3,542,10:14:00,0.6,0.8,1.4
Jonathan Filewich,2008,2008,RW,5,0,0,0,-2,0,0,0,0,0,0,0,0,3,0,43,08:42:00,-0.1,0,-0.2
Dmitri Filimonov,1994,1994,D,30,1,4,5,-10,18,1,0,0,0,3,0,1,15,6.7,NA,NA,-0.1,0.7,0.6
Bob Fillion,1944,1950,LW,327,42,61,103,NA,84,36,5,1,5,52,8,1,NA,NA,NA,NA,-3.3,7.6,4.3
Marcel Fillion,1945,1945,LW,1,0,0,0,NA,0,0,0,0,0,0,0,0,NA,NA,NA,NA,-0.1,0,0
Tommy Filmore,1931,1934,RW,117,16,13,29,NA,33,0,0,0,1,0,0,0,NA,NA,NA,NA,-0.7,1.9,1.1
Valtteri Filppula,2006,2021,C,1056,197,333,530,-4,346,164,28,5,26,255,75,3,1435,13.7,17799,16:51:00,28.3,19.4,47.7
Jeff Finger,2007,2010,D,199,17,40,57,4,114,15,1,1,1,37,3,0,206,8.3,3630,18:14:00,3.6,7.1,10.7
Lloyd Finkbeiner,1941,1941,LW/D,2,0,0,0,NA,0,0,0,0,0,0,0,0,NA,NA,NA,NA,0,0,0
Jack Finley,2025,2026,C,44,2,3,5,3,38,2,0,0,1,3,0,0,24,8.3,421,09:35:00,-0.5,0.6,0.1
Jeff Finley,1988,2004,D,708,13,70,83,47,457,12,1,0,4,55,9,6,358,3.6,7534,17:17:00,-4.8,33.5,28.7
Joe Finley,2012,2013,D,21,0,1,1,-8,32,0,0,0,0,1,0,0,3,0,230,10:58:00,-0.2,-0.2,-0.4
Steven Finn,1986,1997,D,725,34,78,112,-131,1724,31,2,1,2,70,8,0,679,5,NA,NA,-3.4,26.7,23.3
Sid Finney,1952,1954,C,59,10,7,17,NA,4,9,1,0,1,6,1,0,NA,NA,NA,NA,0.2,0.5,0.7
Emmitt Finnie,2026,2026,C,81,13,17,30,-10,6,9,4,0,1,13,4,0,120,10.8,1255,15:30:00,0.7,1.4,2.1
Ed Finnigan,1935,1936,LW,15,1,0,1,NA,2,1,0,0,0,0,0,0,NA,NA,NA,NA,-0.4,0.2,-0.2
Frank Finnigan,1924,1937,RW,554,116,94,210,NA,410,18,3,0,26,23,5,1,NA,NA,NA,NA,19.5,11.3,30.8
Giovanni Fiore,2018,2018,LW,1,0,0,0,-1,0,0,0,0,0,0,0,0,0,NA,8,07:53:00,0,0,-0.1
Peter Fiorentino,1992,1992,D,1,0,0,0,0,0,0,0,0,0,0,0,0,2,0,NA,NA,0,0,0
Christian Fischer,2017,2025,RW,523,62,75,137,-66,144,54,6,2,5,70,5,0,725,8.6,6695,12:48:00,1.3,5.9,7.3
Jiří Fischer,2000,2006,D,305,11,49,60,29,295,9,1,1,2,44,3,2,378,2.9,5136,16:50:00,2,12.2,14.2
Patrick Fischer,2007,2007,C,27,4,6,10,0,24,4,0,0,1,6,0,0,32,12.5,293,10:51:00,0.6,0.3,0.9
Ron Fischer,1982,1983,D,18,0,7,7,-3,6,0,0,0,0,6,1,0,17,0,NA,NA,0.1,0.9,1
Alvin Fisher,1925,1925,RW,9,1,0,1,NA,9,NA,NA,NA,0,NA,NA,NA,NA,NA,NA,NA,-0.4,0.2,-0.2
Craig Fisher,1990,1997,C,12,0,0,0,-3,2,0,0,0,0,0,0,0,14,0,NA,NA,-0.5,0.1,-0.4
Dunc Fisher,1949,1959,RW,274,45,70,115,NA,104,37,8,0,4,55,13,2,NA,NA,NA,NA,4.2,3.9,8.1
Joe Fisher,1940,1943,RW,64,8,12,20,NA,13,8,0,0,2,12,0,0,NA,NA,NA,NA,-0.3,1.2,0.9
Mike Fisher,2000,2018,C,1104,278,311,589,27,815,200,63,15,50,225,71,15,2333,11.9,19252,17:26:00,39.8,21.4,61.1
Mark Fistric,2008,2015,D,325,4,30,34,28,284,4,0,0,1,28,1,2,186,2.2,4896,15:04:00,-1.8,12,10.2
Bob Fitchner,1980,1981,C,78,12,20,32,-25,59,6,5,1,0,18,2,0,88,13.6,NA,NA,0.1,0.5,0.6
Casey Fitzgerald,2022,2023,D,63,0,9,9,-21,40,0,0,0,0,9,0,0,54,0,929,14:45:00,-0.3,0.4,0.2
Rusty Fitzgerald,1995,1996,C,25,2,2,4,9,12,2,0,0,0,2,0,0,20,10,NA,NA,-0.5,0.4,0
Tom Fitzgerald,1989,2006,RW,1097,139,190,329,-72,776,112,2,25,17,172,6,12,1658,8.4,7220,13:40:00,1.9,13.4,15.3
Zack Fitzgerald,2008,2008,D,1,0,0,0,0,0,0,0,0,0,0,0,0,1,0,13,13:20:00,0,0,0
Rory Fitzpatrick,1996,2008,D,287,10,25,35,-48,201,6,4,0,4,15,8,2,242,4.1,3815,16:06:00,-0.6,7.6,7
Ross Fitzpatrick,1983,1986,C,20,5,2,7,-1,0,4,1,0,1,2,0,0,34,14.7,NA,NA,0.1,0.1,0.2
Sandy Fitzpatrick,1965,1968,C,22,3,6,9,0,8,3,0,0,0,4,2,0,27,11.1,NA,NA,0.2,0.4,0.6
Trey Fix-Wolansky,2022,2024,RW,26,4,2,6,-6,2,4,0,0,0,2,0,0,41,9.8,275,10:35:00,0.2,0.1,0.3
Fern Flaman,1945,1961,D,911,34,174,208,-16,1372,27,6,1,6,157,13,4,97,4.1,NA,NA,7.6,54.3,61.9
Patrick Flatley,1984,1997,RW,780,170,340,510,63,686,122,42,6,23,277,56,7,1405,12.1,NA,NA,22.3,11.1,33.4
Tomáš Fleischmann,2006,2016,LW,657,137,198,335,-43,200,106,29,2,23,134,63,1,1300,10.5,10284,15:39:00,23.5,8.6,32.1
Gerry Fleming,1994,1995,LW,11,0,0,0,-5,42,0,0,0,0,0,0,0,5,0,NA,NA,-0.4,0,-0.4
Reggie Fleming,1960,1971,D/LW,749,108,132,240,-51,1470,90,12,6,17,112,13,7,1178,9.2,NA,NA,-1.7,10.5,8.9
John Flesch,1975,1980,LW,124,18,23,41,-35,117,15,3,0,3,21,2,0,140,12.9,NA,NA,-0.5,1.1,0.6
Steven Fletcher,1989,1989,LW/D,3,0,0,0,-1,5,0,0,0,0,0,0,0,1,0,NA,NA,-0.1,0,-0.1
Bill Flett,1968,1980,RW,689,202,215,417,-53,501,156,37,9,30,166,44,5,1935,10.4,NA,NA,24.6,8,32.7
Cale Fleury,2020,2026,D,99,2,4,6,-3,15,2,0,0,0,4,0,0,98,2,1432,14:28:00,-1,2.8,1.8
Haydn Fleury,2018,2026,D,344,12,36,48,-46,97,12,0,0,1,35,0,1,403,3,5190,15:05:00,-0.4,8.4,8
Theo Fleury,1989,2003,RW,1084,455,633,1088,145,1840,295,125,35,67,379,239,15,3611,12.6,9232,21:13:00,91.2,19.1,110.3
Todd Flichel,1988,1990,D,6,0,1,1,-5,4,0,0,0,0,1,0,0,3,0,NA,NA,0,0,0
Ryan Flinn,2002,2006,LW,31,1,0,1,0,84,1,0,0,0,0,0,0,15,6.7,140,04:30:00,-0.2,0.2,0
Rob Flockhart,1977,1981,LW,55,2,5,7,-22,14,2,0,0,1,4,1,0,37,5.4,NA,NA,-1.6,0.3,-1.3
Ron Flockhart,1981,1989,C,453,145,183,328,23,208,115,26,4,16,132,51,0,1129,12.8,NA,NA,15,6.6,21.6
Mark Flood,2010,2012,D,39,3,5,8,-5,10,2,1,0,1,4,1,0,35,8.6,583,14:57:00,0.5,0.6,1.2
Justin Florek,2014,2014,LW,4,1,1,2,1,0,1,0,0,0,1,0,0,5,20,47,11:51:00,0.2,0.1,0.3
Larry Floyd,1983,1984,C,12,2,3,5,-8,9,2,0,0,0,3,0,0,24,8.3,NA,NA,0,0,0
Brian Flynn,2013,2017,RW,275,27,34,61,-10,32,24,0,3,1,30,1,3,353,7.6,3733,13:34:00,-0.6,4.4,3.7
Dan Focht,2002,2004,D,82,2,6,8,-32,145,2,0,0,0,4,2,0,73,2.7,1268,15:28:00,-0.3,0,-0.3
Warren Foegele,2018,2026,LW,580,116,109,225,36,215,107,4,5,25,106,2,1,1103,10.5,7946,13:42:00,11.4,10.2,21.6
Tyson Foerster,2023,2026,RW,195,61,39,100,1,111,47,13,1,6,31,8,0,385,15.8,3330,17:05:00,6.6,4.2,10.8
Bryan Fogarty,1990,1995,D,156,22,52,74,-83,119,14,8,0,2,24,27,1,304,7.2,NA,NA,4.4,2.4,6.8
Steven Fogarty,2018,2023,C,31,1,2,3,-2,12,1,0,0,0,2,0,0,19,5.3,278,08:58:00,-0.4,0.3,-0.1
Lee Fogolin,1949,1956,D,427,10,47,57,NA,570,10,0,0,1,43,3,1,NA,NA,NA,NA,-0.7,17.8,17.1
Lee Fogolin,1975,1987,D,924,44,194,238,181,1318,36,3,5,4,179,2,13,885,5,NA,NA,1.8,45.6,47.4
Peter Folco,1974,1974,D,2,0,0,0,-1,0,0,0,0,0,0,0,0,0,NA,NA,NA,0,0,0
Gerry Foley,1955,1969,RW,142,9,14,23,-1,95,8,1,0,1,13,1,0,4,0,NA,NA,-3.3,1.8,-1.5
Rick Foley,1971,1974,D,67,11,26,37,-21,180,6,5,0,0,10,16,0,133,8.3,NA,NA,2.9,2.7,5.6
Marcus Foligno,2012,2026,LW,931,148,188,336,35,950,132,11,5,17,169,15,4,1090,13.6,13210,14:11:00,13.5,16.9,30.4
Mike Foligno,1980,1994,RW,1018,355,372,727,98,2047,268,85,2,50,282,86,4,2124,16.7,NA,NA,39,17.2,56.2
Nick Foligno,2008,2026,LW,1287,251,361,612,-39,1024,188,60,3,33,270,85,6,2229,11.3,20413,15:52:00,35.1,22.7,57.8
Christian Folin,2014,2020,D,244,8,36,44,21,120,8,0,0,0,34,1,1,210,3.8,3722,15:15:00,1,9.7,10.7
Bill Folk,1952,1953,D,12,0,0,0,NA,4,0,0,0,0,0,0,0,NA,NA,NA,NA,-0.2,1,0.8
Justin Fontaine,2014,2016,RW,197,27,41,68,22,58,26,1,0,4,37,3,1,237,11.4,2369,12:02:00,4.1,3.7,7.8
Len Fontaine,1973,1974,RW,46,8,11,19,-4,10,7,1,0,0,10,1,0,43,18.6,NA,NA,0.3,0.6,0.8
Jon Fontas,1980,1981,C,2,0,0,0,-1,0,0,0,0,0,0,0,0,0,NA,NA,NA,-0.1,0,-0.1
Val Fonteyne,1960,1972,LW,823,75,154,229,-99,26,58,11,6,9,119,28,7,934,8,NA,NA,-8.8,10.7,1.9
Lou Fontinato,1955,1963,D,536,26,78,104,59,1248,22,4,0,2,71,4,3,273,2.9,NA,NA,2.7,28,30.7
Spencer Foo,2018,2018,RW,4,2,0,2,1,0,2,0,0,0,0,0,0,16,12.5,63,15:51:00,0.2,0.1,0.3
Adam Foote,1992,2011,D,1154,66,242,308,99,1534,41,19,6,10,183,46,13,1128,5.9,18595,23:22:00,9.7,61.8,71.5
Callan Foote,2021,2024,D,145,5,15,20,24,137,5,0,0,0,15,0,0,128,3.9,2001,13:48:00,0,6,6
Nolan Foote,2021,2026,LW,41,7,3,10,-1,6,7,0,0,0,3,0,0,43,16.3,399,09:45:00,0.6,0.4,1
Colin Forbes,1997,2006,C,311,33,28,61,-20,213,29,2,2,7,27,0,1,380,8.7,3237,10:31:00,0.4,2.5,3
Dave Forbes,1974,1979,LW,362,64,64,128,26,341,58,0,6,5,60,1,3,518,12.4,NA,NA,0.6,4.8,5.4
Mike Forbes,1978,1982,D,50,1,11,12,5,41,1,0,0,0,8,3,0,39,2.6,NA,NA,-0.1,2,1.9
Derek Forbort,2016,2026,D,552,19,87,106,23,346,17,0,2,5,84,1,2,520,3.7,10531,19:05:00,-0.3,27.4,27.1
Parker Ford,2025,2026,F,18,1,1,2,-1,6,1,0,0,0,1,0,0,12,8.3,170,09:26:00,-0.2,0.2,0
Connie Forey,1974,1974,LW,4,0,0,0,-1,2,0,0,0,0,0,0,0,2,0,NA,NA,-0.2,0,-0.1
Alex Formenton,2018,2022,LW,109,23,16,39,-9,71,17,0,6,1,15,0,1,205,11.2,1570,14:24:00,1.8,1.7,3.5
Jakob Forsbacka Karlsson,2017,2019,C,29,3,6,9,1,2,3,0,0,0,5,1,0,21,14.3,339,11:41:00,0.3,0.5,0.7
Filip Forsberg,2013,2026,C,861,356,398,754,13,379,255,95,6,60,256,141,1,2726,13.1,15628,18:09:00,70.7,18.5,89.2
Peter Forsberg,1995,2011,C,708,249,636,885,238,690,162,71,16,43,368,252,16,1693,14.7,10504,20:26:00,77.4,20.6,98
Jack Forsey,1943,1943,RW,19,7,9,16,NA,10,6,1,0,0,9,0,0,NA,NA,NA,NA,0.8,0.4,1.2
Gustav Forsling,2017,2026,D,557,59,161,220,153,218,54,4,1,8,142,15,4,1102,5.4,11765,21:07:00,13.1,33.8,46.9
Gus Forslund,1933,1933,RW,48,4,9,13,NA,2,NA,NA,NA,1,NA,NA,NA,NA,NA,NA,NA,-0.1,0.5,0.5
Tomas Forslund,1992,1993,RW,44,5,11,16,-6,12,5,0,0,1,10,0,1,51,9.8,NA,NA,0,0.3,0.2
Alex Forsyth,1977,1977,C,1,0,0,0,0,0,0,0,0,0,0,0,0,0,NA,NA,NA,0,0,0
Drew Fortescue,2026,2026,D,8,0,2,2,4,4,0,0,0,0,2,0,0,3,0,118,14:44:00,0,0.6,0.6
Dave Fortier,1973,1977,D,205,8,21,29,-2,335,7,1,0,0,19,1,1,207,3.9,NA,NA,-1.2,12,10.8
Gabriel Fortier,2022,2023,LW,11,1,0,1,-2,4,1,0,0,0,0,0,0,14,7.1,101,09:12:00,-0.1,0,-0.1
Marc Fortier,1988,1993,C,212,42,60,102,-70,135,29,10,3,5,43,16,1,288,14.6,NA,NA,2.4,1.3,3.7
Alexandre Fortin,2019,2019,LW,24,3,3,6,-6,2,2,0,1,1,3,0,0,29,10.3,254,10:35:00,0.2,0,0.2
Jean-François Fortin,2002,2004,D,71,1,4,5,-4,42,1,0,0,0,4,0,0,44,2.3,1218,17:09:00,-0.6,1.8,1.2
Ray Fortin,1968,1970,D,92,2,6,8,7,35,2,0,0,0,4,2,0,101,2,NA,NA,-0.9,6.6,5.7
Maxime Fortunus,2010,2014,D,9,0,1,1,-5,4,0,0,0,0,1,0,0,5,0,137,15:16:00,-0.1,-0.2,-0.2
Alex Foster,2008,2008,C,3,0,0,0,0,0,0,0,0,0,0,0,0,1,0,11,03:32:00,0,0,0
Corey Foster,1989,1997,D,45,5,6,11,-20,24,3,2,0,0,3,3,0,78,6.4,NA,NA,0.4,0.9,1.2
Dwight Foster,1978,1987,RW,541,111,163,274,-42,420,87,11,13,9,141,18,4,651,17.1,NA,NA,6.3,6.2,12.6
Herb Foster,1941,1948,LW,6,1,0,1,NA,0,1,0,0,0,0,0,0,NA,NA,NA,NA,-0.1,0.1,0
Kurtis Foster,2003,2013,D,405,42,118,160,-31,308,22,20,0,5,43,75,0,842,5,6876,16:59:00,13.4,14.5,27.9
Yip Foster,1930,1935,D,81,3,2,5,NA,38,2,0,0,0,0,0,0,NA,NA,NA,NA,-1.9,4,2.2
Nick Fotiu,1977,1989,LW,646,60,77,137,-62,1362,58,2,0,7,77,0,0,519,11.6,NA,NA,-11.7,6.3,-5.4
Kris Foucault,2012,2012,LW,1,0,0,0,0,0,0,0,0,0,0,0,0,0,NA,9,08:50:00,0,0,0
Jean-Luc Foudy,2023,2024,C,13,1,0,1,-2,6,1,0,0,0,0,0,0,14,7.1,116,08:55:00,-0.1,0.1,-0.1
Liam Foudy,2020,2026,C,105,7,15,22,-29,16,7,0,0,0,15,0,0,120,5.8,1251,11:55:00,-0.7,0.6,-0.1
Cam Fowler,2011,2026,D,1123,109,413,522,-121,283,64,41,4,20,257,150,6,1725,6.3,25818,22:59:00,34.3,47.3,81.6
Jimmy Fowler,1937,1939,D,135,18,29,47,NA,39,15,2,1,4,18,11,0,NA,NA,NA,NA,5.2,9.6,14.9
Tom Fowler,1947,1947,C,24,0,1,1,NA,18,0,0,0,0,1,0,0,NA,NA,NA,NA,-1.1,0.1,-1
Adam Fox,2020,2026,D,485,72,350,422,122,194,52,16,4,20,184,157,9,906,7.9,11232,23:10:00,34.3,32.8,67.2
Greg Fox,1978,1985,D,494,14,92,106,-27,637,13,1,0,1,86,3,3,396,3.5,NA,NA,-1.6,23.4,21.9
Jim Fox,1981,1990,RW,578,186,293,479,-63,143,147,38,1,14,219,73,1,1082,17.2,NA,NA,23.9,5.7,29.5
Matt Foy,2006,2008,RW,56,6,7,13,-6,48,5,1,0,1,7,0,0,65,9.2,493,08:48:00,0.6,0.4,1
Frank Foyston,1927,1928,C/RW,64,17,7,24,NA,30,NA,NA,NA,4,NA,NA,NA,NA,NA,NA,NA,3.9,1.2,5.1
Bob Frampton,1950,1950,LW,2,0,0,0,NA,0,0,0,0,0,0,0,0,NA,NA,NA,NA,-0.1,0,-0.1
Lou Franceschetti,1982,1992,RW,459,59,81,140,-30,747,56,1,2,11,75,3,3,391,15.1,NA,NA,-3.3,5.3,2
Bobby Francis,1983,1983,C,14,2,0,2,-1,0,2,0,0,0,0,0,0,4,50,NA,NA,-0.3,0.2,-0.1
Ron Francis,1982,2004,C,1731,549,1249,1798,-18,977,349,188,12,79,691,539,19,3756,14.6,11518,20:23:00,121,28.3,149.3
Ethen Frank,2025,2026,F,86,16,15,31,11,24,14,2,0,1,12,3,0,114,14,1018,11:51:00,1.8,1.5,3.3
Cody Franson,2010,2018,D,550,43,169,212,-10,202,27,16,0,6,105,64,0,859,5,9646,17:32:00,16.9,20.1,37
Johan Franzén,2006,2016,LW,602,187,183,370,93,401,114,69,4,44,130,49,4,1607,11.6,10078,16:44:00,31.5,14.3,45.8
Archie Fraser,1944,1944,C,3,0,1,1,NA,0,0,0,0,0,1,0,0,NA,NA,NA,NA,-0.1,0,-0.1
Charles Fraser,1924,1924,D,1,0,0,0,NA,0,NA,NA,NA,0,NA,NA,NA,NA,NA,NA,NA,-0.1,0,-0.1
Colin Fraser,2007,2015,C,359,20,38,58,-7,290,18,0,2,0,36,1,1,316,6.3,3570,09:57:00,-1.8,3.7,1.9
Curt Fraser,1979,1990,LW,704,193,239,432,-27,1306,154,39,0,22,201,38,0,1506,12.8,NA,NA,17.1,9,26.1
Gord Fraser,1927,1931,D,144,24,12,36,NA,235,NA,NA,NA,8,NA,NA,NA,NA,NA,NA,NA,6,7.7,13.7
Harvey Fraser,1945,1945,C,21,5,4,9,NA,0,4,1,0,0,4,0,0,NA,NA,NA,NA,0,0.3,0.4
Iain Fraser,1993,1997,C,94,23,23,46,-6,31,20,3,0,2,16,6,1,135,17,NA,NA,2.2,0.9,3.1
Jamie Fraser,2009,2009,D,1,0,0,0,0,0,0,0,0,0,0,0,0,0,NA,11,11:00:00,0,0,0
Mark Fraser,2007,2015,D,219,4,18,22,7,302,4,0,0,0,17,0,1,104,3.8,3163,14:27:00,-1,8.1,7.1
Matt Fraser,2012,2015,LW,87,11,6,17,-16,27,10,1,0,1,6,0,0,123,8.9,954,10:58:00,0.5,0.4,0.9
Scott Fraser,1996,1999,C,71,16,15,31,-7,24,9,7,0,2,7,8,0,105,15.2,632,11:05:00,2.4,0.7,3.1
Matt Frattin,2011,2015,RW,135,17,18,35,-3,44,16,1,0,5,16,2,0,206,8.3,1676,12:25:00,1.1,1.7,2.8
Dan Frawley,1984,1989,RW,273,37,40,77,-30,674,30,5,2,5,35,5,0,316,11.7,NA,NA,-2.3,2.5,0.2
Kyle Freadrich,2000,2001,LW,23,0,1,1,-2,75,0,0,0,0,1,0,0,3,0,67,02:56:00,-0.1,0,-0.1
Trent Frederic,2019,2026,C,411,59,57,116,1,365,56,3,0,12,54,2,1,561,10.5,4993,12:09:00,3.1,5.8,9
Kris Fredheim,2012,2012,D,3,0,0,0,-2,2,0,0,0,0,0,0,0,0,NA,36,11:59:00,0,-0.1,-0.1
Frank Fredrickson,1927,1931,C,161,39,34,73,NA,211,NA,NA,NA,9,NA,NA,NA,NA,NA,NA,NA,12,3.2,15.2
Mark Freer,1987,1994,C,124,16,23,39,-37,61,10,3,3,2,15,8,0,124,12.9,NA,NA,-0.5,1,0.5
Irv Frew,1934,1936,D,96,2,5,7,NA,146,1,1,0,0,5,0,0,NA,NA,NA,NA,-0.8,5,4.2
Max Friberg,2015,2016,LW,6,0,0,0,-1,2,0,0,0,0,0,0,0,1,0,53,08:50:00,-0.1,0,-0.1
Tim Friday,1986,1986,D,23,0,3,3,-9,6,0,0,0,0,2,0,1,13,0,NA,NA,-0.2,0.6,0.4
Dan Fridgen,1982,1983,LW,13,2,3,5,0,2,2,0,0,0,2,1,0,18,11.1,NA,NA,0,0.2,0.2
Doug Friedman,1998,1999,LW,18,0,1,1,0,34,0,0,0,0,1,0,0,11,0,113,06:15:00,-0.5,0.2,-0.3
Mark Friedman,2019,2025,D,93,4,9,13,3,80,4,0,0,1,9,0,0,95,4.2,1223,13:09:00,0.2,2.7,2.8
Alex Friesen,2016,2016,C,1,0,0,0,-2,0,0,0,0,0,0,0,0,1,0,12,11:43:00,0,-0.1,-0.1
Jeff Friesen,1995,2007,LW,893,218,298,516,-8,488,149,54,15,34,190,93,15,1797,12.1,11531,16:51:00,35.4,15.8,51.2
Ron Friest,1981,1983,LW,64,7,7,14,-10,191,7,0,0,0,7,0,0,55,12.7,NA,NA,-1,0.7,-0.4
Len Frig,1974,1980,D,311,13,51,64,-65,479,9,4,0,1,40,11,0,455,2.9,NA,NA,-0.1,16.2,16.1
Trevor Frischmon,2010,2010,C,3,0,0,0,0,4,0,0,0,0,0,0,0,1,0,18,06:06:00,-0.1,0,0
Jamie Fritsch,2009,2009,D,1,0,0,0,1,0,0,0,0,0,0,0,0,0,NA,5,04:34:00,0,0.1,0.1
Dan Fritsche,2004,2009,C,256,34,42,76,-19,103,24,7,3,8,38,4,0,356,9.6,2978,11:38:00,3,3.1,6.1
Mitch Fritz,2009,2009,LW,20,0,0,0,-4,42,0,0,0,0,0,0,0,2,0,54,02:41:00,-0.2,-0.1,-0.2
Tanner Fritz,2018,2019,C,42,3,5,8,-6,10,3,0,0,0,5,0,0,33,9.1,512,12:12:00,-0.3,0.2,-0.1
Martin Frk,2017,2022,RW,124,20,21,41,-32,24,11,9,0,1,17,4,0,169,11.8,1321,10:39:00,2.5,0.4,2.9
Jesper Frödén,2022,2023,F,21,1,4,5,8,8,1,0,0,0,4,0,0,20,5,230,10:57:00,-0.1,0.5,0.5
Byron Froese,2016,2024,C,141,7,13,20,-15,57,7,0,0,0,13,0,0,153,4.6,1636,11:36:00,-1.7,1.4,-0.4
Jonas Frögren,2009,2009,D,41,1,6,7,0,28,1,0,0,0,5,0,1,12,8.3,551,13:26:00,0.2,0.9,1.1
Michael Frolík,2009,2021,LW,858,159,225,384,19,317,132,14,13,22,187,32,6,1978,8,13277,15:28:00,21.2,15,36.2
Alex Frolov,2003,2011,LW,579,175,222,397,27,218,126,42,7,27,143,73,6,1274,13.7,10411,17:59:00,30.8,13,43.7
Anton Frondell,2026,2026,C,11,3,6,9,-2,4,3,0,0,0,4,2,0,35,8.6,199,18:06:00,0.6,0.2,0.9
Harry Frost,1939,1939,RW,2,0,0,0,NA,0,0,0,0,0,0,0,0,NA,NA,NA,NA,-0.1,0.1,0
Morgan Frost,2020,2026,C,391,74,115,189,-56,114,59,14,1,9,81,34,0,688,10.8,6036,15:26:00,9.2,5.8,15
Miroslav Fryčer,1982,1989,RW,415,147,183,330,-83,486,115,32,0,17,136,47,0,913,16.1,NA,NA,17.8,3.3,21.2
Bob Fryday,1950,1952,RW,5,1,0,1,NA,0,1,0,0,0,0,0,0,NA,NA,NA,NA,0,0.1,0.1
Robbie Ftorek,1973,1985,C/LW,334,77,150,227,0,262,57,19,1,10,118,27,5,464,16.6,NA,NA,8.3,4.6,12.8
Larry Fullan,1975,1975,LW,4,1,0,1,-2,0,0,1,0,0,0,0,0,5,20,NA,NA,0,0,0
Michael Funk,2007,2008,D,9,0,2,2,-1,0,0,0,0,0,2,0,0,2,0,64,07:04:00,0.1,0,0.1
Mark Fusco,1984,1985,D,80,3,12,15,-21,42,3,0,0,0,11,1,0,88,3.4,NA,NA,-0.4,3.7,3.3
Owen Fussey,2004,2004,RW,4,0,1,1,-1,0,0,0,0,0,1,0,0,6,0,33,08:16:00,0,0,0
Marián Gáborík,2001,2018,RW,1035,407,408,815,95,492,290,110,7,71,258,147,3,3207,12.7,18340,17:43:00,80.7,27.4,108.1
Kurtis Gabriel,2016,2022,RW,51,2,3,5,2,153,2,0,0,1,3,0,0,15,13.3,348,06:49:00,-0.2,0.5,0.3
Jonah Gadjovich,2021,2026,LW,170,10,11,21,-18,319,10,0,0,2,11,0,0,148,6.8,1420,08:21:00,-0.9,1.3,0.3
Bill Gadsby,1947,1966,D,1248,130,438,568,-62,1539,92,32,6,14,288,140,10,699,5.2,NA,NA,47,53.3,100.3
Link Gaetz,1989,1992,D,65,6,8,14,-35,412,3,3,0,0,5,3,0,85,7.1,NA,NA,0.3,1.4,1.6
Jody Gage,1981,1992,RW,68,14,15,29,-17,26,11,3,0,1,11,4,0,102,13.7,NA,NA,0.2,0.6,0.8
Art Gagne,1927,1932,RW,228,67,34,101,NA,259,NA,NA,NA,9,NA,NA,NA,NA,NA,NA,NA,16.5,6,22.4
Paul Gagné,1981,1990,LW,390,110,101,211,-113,127,84,26,0,11,82,18,1,658,16.7,NA,NA,7.1,3.7,10.8
Pierre Gagne,1960,1960,LW,2,0,0,0,-2,0,0,0,0,0,0,0,0,3,0,NA,NA,-0.1,0,-0.1
Simon Gagné,2000,2015,LW,822,291,310,601,129,328,198,81,12,53,188,110,12,2312,12.6,14600,17:46:00,53.8,21.1,74.9
Dave Gagner,1985,1999,C,946,318,401,719,-65,1018,196,115,7,36,239,152,10,2358,13.5,2262,15:23:00,49.1,11.8,60.9
Sam Gagner,2008,2024,C,1043,197,332,529,-139,450,141,54,2,19,242,87,3,2108,9.3,16288,15:37:00,32,13.7,45.7
Aaron Gagnon,2010,2013,C,38,3,2,5,-2,2,3,0,0,1,2,0,0,28,10.7,319,08:23:00,0,0.3,0.2
Germain Gagnon,1972,1976,LW,259,40,101,141,-19,72,27,12,1,4,77,23,1,353,11.3,NA,NA,3.7,4.2,7.9
Johnny Gagnon,1931,1940,RW,454,121,143,264,NA,292,54,16,1,28,77,16,0,NA,NA,NA,NA,24.8,7.4,32.2
Sean Gagnon,1998,2001,D,12,0,1,1,-1,34,0,0,0,0,1,0,0,4,0,122,10:11:00,-0.1,0.3,0.2
Bob Gainey,1974,1989,LW,1160,239,262,501,201,585,205,14,20,34,235,13,14,2094,11.4,NA,NA,8.8,18.1,26.9
Steve Gainey,2001,2006,LW,33,0,2,2,-3,34,0,0,0,0,2,0,0,12,0,242,07:20:00,-0.5,0.2,-0.3
Dutch Gainor,1928,1935,C,247,51,56,107,NA,129,0,0,0,9,3,1,0,NA,NA,NA,NA,12.2,6.3,18.5
Maxim Galanov,1998,2001,D,122,8,12,20,-24,44,6,2,0,0,7,5,0,106,7.5,2164,17:44:00,0.6,2.7,3.3
Michel Galarneau,1981,1983,C,78,7,10,17,-26,34,7,0,0,1,10,0,0,57,12.3,NA,NA,-1.4,0.5,-0.9
Percy Galbraith,1927,1934,LW/D,348,31,29,60,NA,238,2,0,0,5,0,0,0,NA,NA,NA,NA,-5.2,8.1,2.9
Alex Galchenyuk,2013,2023,C,654,146,208,354,-85,257,104,42,0,21,142,66,0,1274,11.5,9635,14:44:00,27.2,8.1,35.3
T.J. Galiardi,2009,2015,LW,321,44,61,105,-32,136,38,3,3,6,54,3,4,512,8.6,4722,14:43:00,2.9,4.1,7
Stanislav Galiev,2015,2016,RW,26,1,3,4,3,4,1,0,0,0,3,0,0,32,3.1,238,09:08:00,-0.1,0.4,0.3
Brendan Gallagher,2013,2026,RW,911,246,241,487,26,594,194,51,1,27,201,40,0,2512,9.8,13824,15:10:00,38.7,16.9,55.6
John Gallagher,1931,1939,D,204,14,18,32,NA,151,5,0,0,2,11,0,0,NA,NA,NA,NA,2,12.8,14.8
Brett Gallant,2014,2014,LW,4,0,0,0,0,17,0,0,0,0,0,0,0,3,0,28,06:53:00,-0.1,0,0
Gerard Gallant,1985,1995,LW,615,211,269,480,58,1674,144,63,4,27,202,66,1,1313,16.1,NA,NA,27.8,9,36.9
Garry Galley,1985,2001,D,1149,125,475,600,1,1218,69,50,6,12,260,206,9,2070,6,5106,19:38:00,36.9,55.1,92
Jamie Gallimore,1978,1978,RW,2,0,0,0,0,0,0,0,0,0,0,0,0,0,NA,NA,NA,-0.1,0,0
Don Gallinger,1943,1948,C,222,65,88,153,NA,89,60,5,0,10,82,6,0,NA,NA,NA,NA,8.3,3.8,12.1
Jakub Galvas,2022,2022,D,6,0,0,0,0,0,0,0,0,0,0,0,0,8,0,109,18:10:00,-0.1,0.3,0.1
Simon Gamache,2003,2008,C,48,6,7,13,-10,18,4,2,0,0,6,1,0,55,10.9,496,10:20:00,0.5,0.2,0.7
Joseph Gambardella,2019,2019,C,15,0,3,3,2,2,0,0,0,0,3,0,0,7,0,122,08:06:00,0,0.2,0.2
Dick Gamble,1951,1967,LW,195,41,41,82,0,66,31,9,1,10,32,7,2,5,20,NA,NA,4.4,3.5,7.8
Dylan Gambrell,2018,2023,C,233,17,23,40,-28,79,15,0,2,2,20,1,2,202,8.4,2932,12:35:00,-2.4,2.7,0.3
Gary Gambucci,1972,1974,C,51,2,7,9,7,9,2,0,0,0,6,1,0,29,6.9,NA,NA,-1.2,1,-0.2
Perry Ganchar,1984,1989,RW,42,3,7,10,-3,36,3,0,0,0,7,0,0,42,7.1,NA,NA,-0.7,0.4,-0.3
Dave Gans,1983,1986,C,6,0,0,0,-1,2,0,0,0,0,0,0,0,3,0,NA,NA,-0.2,0.1,-0.2
Ryan Garbutt,2012,2017,C,305,39,48,87,-13,283,35,0,4,8,47,0,1,556,7,3526,11:34:00,4.3,3.1,7.4
Bruce Gardiner,1997,2002,RW,312,34,54,88,-10,263,32,1,1,4,52,1,1,346,9.8,3382,13:48:00,0.6,4.4,5.1
Herb Gardiner,1927,1929,D,100,10,10,20,NA,48,NA,NA,NA,1,NA,NA,NA,NA,NA,NA,NA,2.5,13,15.5
Jake Gardiner,2012,2021,D,645,49,228,277,-16,226,40,8,1,7,148,79,1,897,5.5,13315,20:39:00,19.1,24.6,43.7
Bill Gardner,1981,1989,C,380,73,115,188,-4,68,52,13,8,7,90,17,8,458,15.9,NA,NA,3.2,4.5,7.7
Cal Gardner,1946,1957,C,696,154,238,392,NA,517,122,31,1,32,185,51,2,NA,NA,NA,NA,26.1,10.7,36.8
Dave Gardner,1973,1980,C,350,75,115,190,-62,41,57,17,1,7,71,44,0,610,12.3,NA,NA,7,3.9,10.9
Paul Gardner,1977,1986,C,447,201,201,402,-120,207,96,105,0,9,104,97,0,1124,17.9,NA,NA,27.3,3.7,31
Rhett Gardner,2020,2024,C/LW,41,1,1,2,-10,10,1,0,0,0,1,0,0,31,3.2,400,09:45:00,-0.8,0.1,-0.7
Danny Gare,1975,1987,RW,827,354,331,685,160,1285,273,79,2,43,254,74,3,2551,13.9,NA,NA,45.8,14.9,60.8
Ray Gariepy,1954,1956,D,36,1,6,7,NA,43,1,0,0,0,6,0,0,NA,NA,NA,NA,0.1,1.8,2
Conor Garland,2019,2026,RW,556,134,190,324,-3,246,109,24,1,21,142,48,0,1289,10.4,8853,15:55:00,20.6,10.9,31.5
Scott Garland,1976,1979,C,91,13,24,37,-21,115,9,4,0,1,22,2,0,102,12.7,NA,NA,0.4,0.5,0.9
Rob Garner,1983,1983,C,1,0,0,0,0,0,0,0,0,0,0,0,0,1,0,NA,NA,0,0,0
Johan Garpenlöv,1991,2000,LW,609,114,197,311,-65,276,80,33,1,16,143,52,2,871,13.1,2451,13:56:00,12.7,6.6,19.4
Red Garrett,1943,1943,D,23,1,1,2,NA,18,1,0,0,1,1,0,0,NA,NA,NA,NA,-0.3,0.5,0.3
Jason Garrison,2009,2019,D,555,49,111,160,36,229,30,18,1,13,77,31,3,912,5.4,11165,20:07:00,9.9,28.4,38.3
Mike Gartner,1980,1998,RW,1432,708,627,1335,68,1159,467,217,24,90,427,196,4,5090,13.9,889,14:49:00,100.1,21.8,121.8
Bob Gassoff,1974,1977,D,245,11,47,58,-13,866,10,1,0,4,44,2,1,311,3.5,NA,NA,0.7,11.9,12.6
Brad Gassoff,1976,1979,LW,122,19,17,36,-44,163,18,1,0,1,15,2,0,140,13.6,NA,NA,-0.6,0.8,0.2
Marc Gatcomb,2025,2026,F,88,11,5,16,-7,21,11,0,0,1,5,0,0,96,11.5,876,09:57:00,0.3,0.9,1.2
Steve Gatzos,1982,1985,RW,89,15,20,35,-31,83,12,3,0,2,16,4,0,141,10.6,NA,NA,0,0.6,0.6
Jacob Gaucher,2025,2026,F,8,0,0,0,-1,0,0,0,0,0,0,0,0,7,0,65,08:05:00,-0.2,0,-0.1
Nathan Gaucher,2026,2026,C,3,0,0,0,-1,0,0,0,0,0,0,0,0,2,0,24,08:01:00,-0.1,0,-0.1
Tyler Gaudet,2015,2017,C,20,1,3,4,-3,0,1,0,0,0,3,0,0,10,10,220,10:59:00,-0.1,0.1,0.1
Adam Gaudette,2018,2026,C,366,63,58,121,-33,120,51,12,0,10,42,16,0,482,13.1,4120,11:15:00,6.9,3.9,10.8
Frédérick Gaudreau,2017,2026,C,476,68,108,176,11,55,52,12,4,11,94,10,4,640,10.6,6847,14:23:00,5,8,13
Johnny Gaudreau,2014,2024,LW,763,243,500,743,25,176,193,50,0,48,337,163,0,2002,12.1,14485,18:59:00,60.5,17.2,77.7
Rob Gaudreau,1993,1996,RW,231,51,54,105,-63,69,36,12,3,5,27,27,0,483,10.6,NA,NA,4,1.7,5.6
Armand Gaudreault,1945,1945,LW,45,15,9,24,NA,27,14,0,1,1,9,0,0,NA,NA,NA,NA,0.9,0.5,1.4
Leo Gaudreault,1928,1933,LW/C,67,8,4,12,NA,38,NA,NA,NA,2,NA,NA,NA,NA,NA,NA,NA,-0.5,1.8,1.3
Mike Gaul,1999,2001,D,3,0,0,0,0,4,0,0,0,0,0,0,0,4,0,37,12:27:00,0,0.1,0
Jean-Marc Gaulin,1983,1986,RW,26,4,3,7,0,8,4,0,0,0,3,0,0,26,15.4,NA,NA,-0.3,0.3,0
Dallas Gaume,1989,1989,C,4,1,1,2,1,0,1,0,0,0,1,0,0,5,20,NA,NA,0.1,0.1,0.2
Brendan Gaunce,2016,2026,C,214,15,20,35,-18,83,12,1,2,3,20,0,0,259,5.8,2312,10:48:00,-1.4,2.1,0.7
Cameron Gaunce,2011,2020,D,37,3,6,9,4,47,3,0,0,0,6,0,0,28,10.7,482,13:01:00,0.7,1.1,1.8
Paul Gaustad,2003,2016,C,727,89,142,231,10,778,72,15,2,11,120,17,5,958,9.3,10361,14:15:00,4.7,11.3,16
Art Gauthier,1927,1927,C,13,0,0,0,NA,0,NA,NA,NA,0,NA,NA,NA,NA,NA,NA,NA,-0.9,0.4,-0.5
Cutter Gauthier,2024,2026,LW,158,60,53,113,6,46,47,13,0,10,41,12,0,473,12.7,2469,15:38:00,10.3,2.8,13.1
Daniel Gauthier,1995,1995,LW,5,0,0,0,0,0,0,0,0,0,0,0,0,4,0,NA,NA,-0.2,0.1,-0.1
Denis Gauthier,1998,2009,D,554,17,60,77,-5,748,16,0,1,3,48,4,8,436,3.9,9494,17:08:00,-0.5,21.6,21
Fern Gauthier,1944,1949,RW,229,46,51,97,NA,33,41,4,1,4,44,4,3,NA,NA,NA,NA,0.6,4,4.6
Frederik Gauthier,2016,2022,C,178,13,18,31,-9,47,13,0,0,0,17,0,1,123,10.6,1640,09:13:00,0,1.1,1.1
Gabe Gauthier,2007,2008,LW,8,0,0,0,-1,2,0,0,0,0,0,0,0,8,0,71,08:53:00,-0.2,0,-0.2
Jean Gauthier,1961,1970,D,166,6,29,35,4,150,3,2,1,0,20,9,0,205,2.9,NA,NA,0.8,11.3,12.1
Julien Gauthier,2020,2025,RW,181,19,22,41,-25,44,19,0,0,2,22,0,0,202,9.4,1710,09:27:00,1.1,1.1,2.2
Luc Gauthier,1991,1991,D,3,0,0,0,1,2,0,0,0,0,0,0,0,0,NA,NA,NA,-0.1,0.2,0.2
Jocelyn Gauvreau,1984,1984,D,2,0,0,0,-2,0,0,0,0,0,0,0,0,0,NA,NA,NA,0,0,0
Aaron Gavey,1996,2006,C,360,41,50,91,-52,272,33,7,1,8,41,8,1,382,10.7,2681,11:39:00,0.4,3.6,4
Stew Gavin,1981,1993,LW,768,130,155,285,-32,584,106,9,15,14,130,12,13,1343,9.7,NA,NA,0.4,10.5,10.8
Vladislav Gavrikov,2020,2026,D,516,43,126,169,16,244,39,3,1,7,118,3,5,670,6.4,11141,21:35:00,7.1,26.6,33.7
Glenn Gawdin,2021,2024,C,13,0,1,1,-3,4,0,0,0,0,1,0,0,7,0,103,07:57:00,-0.2,0,-0.2
Luke Gazdic,2014,2017,LW,147,5,3,8,-20,206,5,0,0,0,3,0,0,77,6.5,943,06:25:00,-1.2,0.3,-0.8
Bob Geale,1985,1985,C,1,0,0,0,-1,2,0,0,0,0,0,0,0,1,0,NA,NA,0,0,0
George Gee,1946,1954,C,551,135,183,318,NA,347,113,19,3,15,156,25,2,NA,NA,NA,NA,21.8,6.3,28.2
Conor Geekie,2025,2026,C,66,9,8,17,-7,24,8,1,0,3,7,1,0,70,12.9,779,11:49:00,0.4,0.6,1
Morgan Geekie,2020,2026,C,414,111,116,227,6,126,88,23,0,14,87,29,0,673,16.5,5902,14:15:00,16.9,7,23.8
Mason Geertsen,2022,2026,D,30,0,0,0,-7,89,0,0,0,0,0,0,0,13,0,195,06:29:00,-0.2,-0.1,-0.3
Gary Geldart,1971,1971,D,4,0,0,0,-3,5,0,0,0,0,0,0,0,3,0,NA,NA,-0.1,0.1,0
Éric Gélinas,2013,2017,D,189,14,41,55,-16,92,5,9,0,4,20,21,0,321,4.4,2902,15:21:00,4.1,6.4,10.5
Martin Gélinas,1989,2008,LW,1273,309,351,660,52,820,240,60,9,41,300,45,6,2382,13,10351,15:05:00,40.8,20.7,61.5
Jean-Guy Gendron,1956,1972,LW,864,182,201,383,-68,695,146,34,2,18,137,61,3,1193,12,NA,NA,13.7,11.4,25.1
Martin Gendron,1995,1998,RW,30,4,2,6,-3,10,4,0,0,0,1,1,0,36,11.1,19,09:22:00,-0.3,0.4,0.1
Chay Genoway,2012,2012,D,1,0,1,1,0,0,0,0,0,0,1,0,0,1,0,18,18:16:00,0.1,0.1,0.1
Bernie Geoffrion,1951,1968,RW,883,393,429,822,39,683,271,120,2,75,247,182,0,1404,12,NA,NA,81.3,16.2,97.5
Blake Geoffrion,2011,2012,C,55,8,5,13,3,34,8,0,0,1,5,0,0,53,15.1,552,10:02:00,0.8,0.8,1.5
Danny Geoffrion,1980,1982,RW,111,20,32,52,-31,99,17,3,0,0,26,6,0,163,12.3,NA,NA,0.5,1.1,1.6
Isaiah George,2025,2026,D,37,1,5,6,-2,6,1,0,0,1,5,0,0,28,3.6,570,15:24:00,0,1.1,1.1
Gerry Geran,1918,1926,C,37,5,1,6,NA,6,NA,NA,NA,0,NA,NA,NA,NA,NA,NA,NA,-0.6,0.8,0.2
Eddie Gerard,1918,1923,LW/D,128,50,51,101,NA,126,NA,NA,NA,3,NA,NA,NA,NA,NA,NA,NA,7.4,19.1,26.5
Nathan Gerbe,2009,2021,C,435,63,88,151,-29,196,51,9,3,9,71,15,2,1019,6.2,6316,14:31:00,6,6.7,12.7
Eric Germain,1988,1988,D,4,0,1,1,-2,13,0,0,0,0,1,0,0,2,0,NA,NA,0,0,0
Carsen Germyn,2006,2007,RW,4,0,0,0,-1,0,0,0,0,0,0,0,0,5,0,27,06:43:00,-0.1,0,-0.1
Ken Gernander,1996,2004,RW,12,2,3,5,-4,6,0,2,0,0,2,1,0,10,20,13,06:38:00,0.2,0,0.2
Shane Gersich,2018,2018,C/LW,3,0,1,1,-1,0,0,0,0,0,1,0,0,4,0,27,09:01:00,0,0,0
Bruno Gervais,2006,2013,D,418,16,71,87,-81,182,13,3,0,2,56,13,2,441,3.6,7527,18:00:00,2.3,9.1,11.4
Ray Getliffe,1936,1945,C/LW,397,136,137,273,NA,280,120,13,3,18,125,10,2,NA,NA,NA,NA,19,7.7,26.7
Timothy Gettinger,2019,2022,LW,16,0,1,1,-1,0,0,0,0,0,1,0,0,10,0,146,09:07:00,-0.3,0.1,-0.2
Ryan Getzlaf,2006,2022,C,1157,282,737,1019,102,960,188,86,8,57,476,255,6,2559,11,22551,19:29:00,76.5,30,106.5
Mario Giallonardo,1980,1981,D,23,0,3,3,-2,6,0,0,0,0,3,0,0,12,0,NA,NA,-0.3,1.4,1.1
Brian Gibbons,2014,2020,C,204,25,42,67,5,58,21,1,3,3,38,1,3,181,13.8,2532,12:25:00,2.6,3.2,5.9
Barry Gibbs,1968,1980,D,797,58,224,282,-115,945,40,17,1,6,164,55,5,1346,4.3,NA,NA,12,37.9,49.8
Don Gibson,1991,1991,D,14,0,3,3,-1,20,0,0,0,0,2,1,0,9,0,NA,NA,-0.1,0.7,0.6
Doug Gibson,1974,1978,C,63,9,19,28,4,0,8,1,0,1,16,3,0,51,17.6,NA,NA,0.3,0.9,1.2
John Gibson,1981,1984,D,48,0,2,2,-12,120,0,0,0,0,2,0,0,46,0,NA,NA,-0.8,1.5,0.7
Gus Giesebrecht,1939,1942,C,135,27,51,78,NA,13,21,6,0,7,45,6,0,NA,NA,NA,NA,3.9,2.4,6.3
Lee Giffin,1987,1988,RW,27,1,3,4,0,9,1,0,0,0,3,0,0,16,6.3,NA,NA,-0.7,0.3,-0.4
Brandon Gignac,2019,2024,C,8,1,0,1,-5,0,1,0,0,0,0,0,0,8,12.5,91,11:19:00,-0.1,-0.1,-0.1
Dennis Gilbert,2019,2026,D,118,3,18,21,-18,140,3,0,0,1,18,0,0,59,5.1,1440,12:12:00,0.6,1.5,2.1
Ed Gilbert,1975,1977,C,166,21,31,52,-78,22,9,10,2,0,22,9,0,286,7.3,NA,NA,-1.4,0.9,-0.5
Greg Gilbert,1982,1996,LW,837,150,228,378,107,576,136,12,2,16,208,18,2,948,15.8,NA,NA,7.1,13,20.1
Jeannot Gilbert,1963,1965,C,9,0,1,1,-5,4,0,0,0,0,1,0,0,4,0,NA,NA,-0.3,0.1,-0.3
Rod Gilbert,1961,1978,RW,1065,406,615,1021,38,510,298,108,0,52,400,215,0,3142,12.9,NA,NA,78.5,16.3,94.9
Tom Gilbert,2007,2017,D,655,45,178,223,-40,198,30,14,1,4,123,48,7,741,6.1,14068,21:29:00,12.5,27.6,40
Stan Gilbertson,1972,1977,LW,428,85,89,174,-170,148,64,21,0,6,70,19,0,720,11.8,NA,NA,3.6,2.1,5.7
Brent Gilchrist,1989,2003,LW,792,135,170,305,-6,400,107,23,5,21,149,18,3,1264,10.7,2957,12:32:00,8.5,10,18.5
Curt Giles,1980,1993,D,895,43,199,242,26,733,35,7,1,4,146,45,8,836,5.1,NA,NA,2.1,48.7,50.9
Patrick Giles,2025,2026,F,20,1,1,2,-2,0,1,0,0,0,1,0,0,17,5.9,184,09:11:00,-0.2,0.2,-0.1
Randy Gilhen,1983,1996,C,457,55,60,115,-66,314,47,1,7,5,58,2,0,595,9.2,NA,NA,-4.2,3.5,-0.7
Hal Gill,1998,2014,D,1108,36,148,184,44,962,36,0,0,4,137,1,10,1146,3.1,20951,18:55:00,-0.1,48.1,48
Todd Gill,1985,2003,D,1007,82,272,354,-99,1214,58,22,2,16,192,76,4,1310,6.3,3607,16:51:00,17.2,41.3,58.5
Don Gillen,1980,1982,RW,35,2,4,6,-10,22,2,0,0,0,4,0,0,27,7.4,NA,NA,-0.9,0.3,-0.5
Farrand Gillie,1929,1929,LW/D,1,0,0,0,NA,NA,NA,NA,NA,NA,NA,NA,NA,NA,NA,NA,NA,-0.1,0,0
Clark Gillies,1975,1988,LW,958,319,378,697,245,1025,226,93,0,44,273,105,0,2253,14.2,NA,NA,37.8,17.3,55
Colton Gillies,2009,2013,LW,154,6,12,18,-12,72,6,0,0,1,11,1,0,90,6.7,1423,09:15:00,-1.4,1.4,-0.1
Trevor Gillies,2006,2012,LW,57,2,1,3,-6,261,2,0,0,0,1,0,0,17,11.8,184,03:14:00,0,-0.1,0
Jere Gillis,1978,1987,LW,386,78,95,173,-61,230,64,12,2,14,77,16,2,673,11.6,NA,NA,3.4,4.3,7.6
Mike Gillis,1979,1984,LW,246,33,43,76,-55,186,31,2,0,3,38,5,0,341,9.7,NA,NA,-2.1,2.5,0.4
Paul Gillis,1983,1993,C,624,88,154,242,-76,1501,78,6,4,10,133,8,13,747,11.8,NA,NA,-0.6,6.7,6.1
Doug Gilmour,1984,2003,C,1474,450,964,1414,129,1301,279,153,18,56,603,335,26,2834,15.9,8115,19:42:00,93.2,25.4,118.6
John Gilmour,2018,2020,D,37,2,3,5,-16,18,1,1,0,1,3,0,0,75,2.7,629,17:01:00,-0.1,0.2,0.1
Matt Gilroy,2010,2014,D,225,11,37,48,2,67,11,0,0,2,33,4,0,278,4,3524,15:40:00,2.4,7.4,9.8
Gaston Gingras,1980,1989,D,476,61,174,235,-5,161,25,36,0,9,87,87,0,1061,5.7,NA,NA,11.6,25.1,36.7
Adam Ginning,2023,2026,D,16,1,0,1,-1,2,1,0,0,0,0,0,0,8,12.5,234,14:36:00,-0.1,0.5,0.4
Brian Gionta,2002,2018,RW,1026,291,304,595,35,377,200,82,9,53,224,77,3,2770,10.5,18132,17:40:00,43.4,24.4,67.7
Stephen Gionta,2011,2019,C,301,16,40,56,-12,95,15,0,1,3,37,0,3,329,4.9,3707,12:19:00,-2.3,4.7,2.4
Mark Giordano,2006,2024,D,1148,158,419,577,129,918,93,52,13,26,266,141,12,2346,6.7,25312,22:03:00,46.8,64.3,111.1
Bob Girard,1976,1980,LW,305,45,69,114,-53,140,39,5,1,4,64,4,1,365,12.3,NA,NA,0.3,3.4,3.7
Jonathan Girard,1999,2003,D,150,10,34,44,6,46,6,4,0,3,19,14,1,213,4.7,2551,17:00:00,3,4.9,7.9
Kenny Girard,1957,1960,RW,7,0,1,1,0,2,0,0,0,0,1,0,0,0,NA,NA,NA,-0.2,0.1,-0.1
Samuel Girard,2018,2026,D,608,37,205,242,23,130,34,3,0,6,146,58,1,782,4.7,12362,20:20:00,12.4,24.9,37.4
Dan Girardi,2007,2019,D,927,56,208,264,78,314,40,14,2,13,162,34,12,1235,4.5,19974,21:33:00,10.8,49.1,59.9
Zemgus Girgensons,2014,2026,C,843,100,113,213,-73,270,88,5,7,11,105,6,2,1179,8.5,11840,14:03:00,-0.3,11.8,11.5
Alexandre Giroux,2006,2012,C/LW,48,6,6,12,-2,26,6,0,0,1,5,1,0,79,7.6,543,11:18:00,0.4,0.4,0.8
Art Giroux,1933,1936,RW,54,6,4,10,NA,14,1,0,0,1,2,0,0,NA,NA,NA,NA,-0.6,0.9,0.2
Claude Giroux,2008,2026,C/LW,1344,379,784,1163,35,518,269,101,9,60,450,322,12,3315,11.4,25926,19:17:00,89.4,29.8,119.2
Damien Giroux,2023,2023,C,1,0,1,1,0,2,0,0,0,0,1,0,0,0,NA,14,13:57:00,0.1,0,0.1
Larry Giroux,1974,1980,D,274,15,74,89,-87,333,12,3,0,3,48,26,0,419,3.6,NA,NA,2.6,9.6,12.2
Pierre Giroux,1983,1983,C,6,1,0,1,-1,17,1,0,0,0,0,0,0,1,100,NA,NA,-0.1,0.1,0
Ray Giroux,2000,2004,D,38,0,13,13,-6,22,0,0,0,0,3,10,0,63,0,661,17:24:00,0.7,1,1.7
Jeff Giuliano,2006,2008,LW,101,3,10,13,-9,40,3,0,0,2,9,0,1,62,4.8,1095,10:50:00,-1.5,0.7,-0.8
Bob Gladney,1983,1984,D,14,1,5,6,-3,4,1,0,0,0,4,1,0,17,5.9,NA,NA,0.2,0.6,0.8
Jean-Paul Gladu,1945,1945,LW,40,6,14,20,NA,2,6,0,0,0,14,0,0,NA,NA,NA,NA,0.1,0.5,0.5
Cody Glass,2020,2026,C,322,54,65,119,-3,109,41,13,0,8,53,12,0,497,10.9,4459,13:51:00,4.6,5.5,10.1
Tanner Glass,2008,2018,LW,527,24,45,69,-55,658,23,1,0,2,45,0,0,413,5.8,5407,10:16:00,-5,2.9,-2.1
Ben Gleason,2019,2019,D,4,0,1,1,-1,0,0,0,0,0,1,0,0,2,0,60,14:53:00,0,0.1,0.1
Tim Gleason,2004,2015,D,727,17,125,142,-37,701,14,2,1,0,104,12,9,706,2.4,13737,18:54:00,0.9,25.8,26.7
Curtis Glencross,2007,2015,C,507,134,141,275,4,351,101,25,8,19,109,29,3,917,14.6,7927,15:38:00,22.5,9.3,31.8
Luke Glendening,2014,2026,C,934,85,90,175,-91,316,75,2,8,12,82,1,7,994,8.6,12496,13:23:00,-7.9,11.8,3.9
Brian Glennie,1970,1979,D,572,14,100,114,65,621,12,1,1,2,90,5,5,561,2.5,NA,NA,-0.8,33.2,32.4
Scott Glennie,2012,2012,RW,1,0,0,0,0,2,0,0,0,0,0,0,0,0,NA,10,09:35:00,0,0,0
Matt Glennon,1992,1992,LW,3,0,0,0,0,2,0,0,0,0,0,0,0,2,0,NA,NA,-0.1,0,-0.1
Rob Globke,2006,2008,C,46,1,1,2,-6,8,1,0,0,0,1,0,0,37,2.7,316,06:52:00,-0.6,0.1,-0.6
Lorry Gloeckner,1979,1979,D,13,0,2,2,-7,6,0,0,0,0,2,0,0,13,0,NA,NA,-0.1,0.4,0.3
Dan Gloor,1974,1974,C,2,0,0,0,-2,0,0,0,0,0,0,0,0,0,NA,NA,NA,-0.1,0,-0.1
Fred Glover,1950,1953,C,92,13,11,24,NA,62,8,5,0,1,6,5,0,NA,NA,NA,NA,-0.2,1.7,1.5
Howie Glover,1959,1969,RW,144,29,17,46,-25,101,21,8,0,4,13,4,0,267,10.9,NA,NA,0.3,1.8,2.1
Mike Glumac,2006,2008,RW,40,7,6,13,-8,38,2,5,0,0,5,1,0,62,11.3,476,11:53:00,0.6,0.4,0.9
Brian Glynn,1988,1997,D,431,25,79,104,-59,410,14,10,1,1,44,33,2,515,4.9,NA,NA,1.3,16.7,17.9
Marcel Goc,2006,2015,C,636,75,113,188,-21,157,64,9,2,9,105,7,1,995,7.5,8930,14:02:00,3.3,9.9,13.2
Sascha Goc,2001,2002,D,22,0,0,0,5,4,0,0,0,0,0,0,0,11,0,238,10:50:00,-0.3,0.8,0.6
Eric Godard,2003,2011,RW,335,6,12,18,-12,833,6,0,0,1,12,0,0,83,7.2,1402,04:11:00,-1.5,0.9,-0.6
Ernie Godden,1982,1982,C,5,1,1,2,1,6,1,0,0,0,1,0,0,5,20,NA,NA,0,0.1,0.1
Warren Godfrey,1953,1968,D,789,32,125,157,-11,754,28,3,1,1,114,9,2,418,3.3,NA,NA,3.9,44.1,48
Eddy Godin,1978,1979,RW,27,3,6,9,-16,12,3,0,0,0,5,1,0,33,9.1,NA,NA,-0.1,-0.1,-0.2
Sam Godin,1928,1934,RW,79,4,3,7,NA,34,0,1,1,1,2,0,0,NA,NA,NA,NA,-2.7,1.9,-0.8
Alexander Godynyuk,1991,1997,D,223,10,39,49,-8,224,9,1,0,3,29,10,0,253,4,NA,NA,0.3,11.2,11.5
Pete Goegan,1958,1968,D,383,19,67,86,-44,365,17,2,0,1,45,22,0,396,4.5,NA,NA,2.7,20.7,23.3
Dave Goertz,1988,1988,D,2,0,0,0,-1,2,0,0,0,0,0,0,0,2,0,NA,NA,0,0,0
Steven Goertzen,2006,2010,RW,68,2,2,4,-21,83,2,0,0,0,2,0,0,43,4.7,572,08:24:00,-1,-0.2,-1.2
Bob Goldham,1942,1956,D,650,28,143,171,NA,402,25,1,2,2,129,12,2,NA,NA,NA,NA,8.3,43.5,51.8
Erich Goldmann,2000,2000,D,1,0,0,0,0,0,0,0,0,0,0,0,0,0,NA,10,09:44:00,0,0,0
Nikolay Goldobin,2016,2020,LW,125,19,27,46,-23,24,16,3,0,2,18,8,1,176,10.8,1681,13:27:00,2.1,1.2,3.3
Bill Goldsworthy,1965,1978,RW,771,283,258,541,-108,796,214,66,3,36,191,66,1,2398,11.8,NA,NA,37.9,9.5,47.5
Leroy Goldsworthy,1930,1939,RW,336,66,57,123,NA,81,51,6,1,14,46,4,0,NA,NA,NA,NA,6.2,5.7,11.9
Glenn Goldup,1974,1982,RW,291,52,67,119,-20,303,47,5,0,4,61,6,0,421,12.4,NA,NA,1.5,3.4,4.9
Hank Goldup,1940,1946,LW,202,63,80,143,NA,97,56,6,1,10,69,11,0,NA,NA,NA,NA,8.2,2.9,11.1
Alex Goligoski,2008,2024,D,1078,87,388,475,55,376,60,26,1,11,258,122,8,1614,5.4,23633,21:55:00,31.7,53.8,85.5
Cody Goloubef,2012,2020,D,160,3,22,25,-7,76,3,0,0,1,21,0,1,137,2.2,2439,15:14:00,0.1,4.7,4.8
Yan Golubovsky,1998,2001,D,56,1,7,8,11,32,1,0,0,0,7,0,0,30,3.3,580,10:22:00,0.2,2.3,2.5
Scott Gomez,2000,2016,C,1079,181,575,756,-1,655,132,48,1,33,366,207,2,2514,7.2,18563,17:12:00,46,23.2,69.2
Gage Goncalves,2024,2026,C,135,19,34,53,35,61,18,1,0,3,31,3,0,138,13.8,1743,12:55:00,2.2,3.1,5.3
Sergei Gonchar,1995,2015,D,1301,220,591,811,33,981,116,102,2,35,257,325,9,2866,7.7,26521,23:22:00,74.4,67.5,141.9
Daniel Goneau,1997,2000,LW,53,12,3,15,-10,14,9,3,0,3,2,1,0,60,20,138,11:31:00,0.5,0.2,0.7
Bill Gooden,1943,1944,LW,53,9,12,21,NA,15,7,2,0,0,12,0,0,NA,NA,NA,NA,-0.8,0.2,-0.7
Larry Goodenough,1975,1980,D,242,22,77,99,37,179,13,9,0,3,41,36,0,406,5.4,NA,NA,4.8,14.4,19.2
Ebbie Goodfellow,1930,1943,C/D,557,135,191,326,NA,511,51,15,1,21,86,39,2,NA,NA,NA,NA,34.1,20.8,54.9
Barclay Goodrow,2015,2026,RW,729,70,119,189,-38,657,64,1,5,14,109,3,7,798,8.8,9658,13:15:00,-1.2,10.3,9
Viktor Gordiouk,1993,1995,LW,26,3,8,11,1,0,3,0,0,0,7,1,0,34,8.8,NA,NA,0.1,0.4,0.5
Andrew Gordon,2009,2013,RW,55,3,4,7,-15,6,3,0,0,0,4,0,0,46,6.5,551,10:01:00,-0.4,0,-0.4
Boyd Gordon,2004,2017,C,706,56,105,161,-26,149,45,2,9,7,91,5,9,823,6.8,9827,13:55:00,-4.1,9.3,5.2
Fred Gordon,1927,1928,RW,81,8,7,15,NA,70,NA,NA,NA,4,NA,NA,NA,NA,NA,NA,NA,-0.8,1.8,1
Jack Gordon,1949,1951,C,36,3,10,13,NA,0,3,0,0,0,10,0,0,NA,NA,NA,NA,0,0.5,0.5
Robb Gordon,1999,1999,C,4,0,0,0,0,2,0,0,0,0,0,0,0,1,0,35,08:50:00,-0.1,0,-0.1
Lee Goren,2001,2007,RW,67,5,4,9,-16,44,2,3,0,1,3,1,0,64,7.8,465,06:56:00,0.1,-0.1,0
Tom Gorence,1979,1984,RW,303,58,53,111,28,89,53,1,4,11,51,1,1,484,12,NA,NA,0,3.8,3.8
Josh Gorges,2006,2018,D,783,17,107,124,-6,404,14,3,0,3,94,10,3,515,3.3,15532,19:50:00,-3.2,36,32.8
Butch Goring,1970,1985,C,1107,375,513,888,-26,102,265,71,39,40,330,174,9,2275,16.5,NA,NA,54.9,14.6,69.5
Dave Gorman,1980,1980,RW,3,0,0,0,-1,0,0,0,0,0,0,0,0,1,0,NA,NA,-0.1,0,-0.1
Ed Gorman,1925,1928,D,111,14,6,20,NA,110,NA,NA,NA,2,NA,NA,NA,NA,NA,NA,NA,-0.1,10.1,10
Brandon Gormley,2014,2016,D,58,2,3,5,-6,20,1,1,0,0,3,0,0,54,3.7,803,13:51:00,-0.2,1.5,1.2
Benoit Gosselin,1978,1978,LW,7,0,0,0,-3,33,0,0,0,0,0,0,0,4,0,NA,NA,-0.3,0,-0.3
David Gosselin,2000,2002,RW,13,2,1,3,-5,11,2,0,0,0,1,0,0,14,14.3,114,08:46:00,0.2,-0.1,0.1
Guy Gosselin,1988,1988,D,5,0,0,0,-1,6,0,0,0,0,0,0,0,1,0,NA,NA,-0.1,0.2,0.1
Shayne Gostisbehere,2015,2026,D,744,117,345,462,-63,277,69,46,2,18,177,168,0,1594,7.3,14874,20:00:00,40.2,26.8,67.1
Steve Gotaas,1988,1991,C,49,6,9,15,-13,53,5,1,0,1,8,1,0,47,12.8,NA,NA,-0.3,0.2,-0.1
Johnny Gottselig,1929,1945,LW,591,176,196,372,NA,211,77,26,3,30,112,34,4,NA,NA,NA,NA,34.2,11.1,45.3
Tyrell Goulbourne,2018,2019,LW,11,0,0,0,-2,2,0,0,0,0,0,0,0,5,0,65,05:55:00,-0.2,0,-0.2
Bobby Gould,1980,1990,RW,697,145,159,304,40,572,133,6,6,26,150,3,6,1119,13,NA,NA,4.7,11.2,15.9
John Gould,1972,1980,RW,504,131,138,269,3,113,110,19,2,27,99,37,2,1082,12.1,NA,NA,11.3,6.4,17.7
Larry Gould,1974,1974,LW,2,0,0,0,-2,0,0,0,0,0,0,0,0,0,NA,NA,NA,-0.1,0,-0.1
Michel Goulet,1980,1994,LW,1089,548,605,1153,99,825,353,179,16,63,404,192,9,3145,17.4,NA,NA,79.3,17.5,96.9
Red Goupille,1936,1943,D,224,12,28,40,NA,256,9,2,1,2,24,4,0,NA,NA,NA,NA,0.3,10.5,10.8
Yanni Gourde,2016,2026,C,683,142,233,375,42,520,112,21,9,30,199,27,7,1136,12.5,11244,16:28:00,20.2,13.6,33.8
David Gove,2006,2007,C/RW,2,0,1,1,2,0,0,0,0,0,1,0,0,0,NA,10,05:14:00,0.1,0.1,0.2
Chris Govedaris,1990,1994,LW,45,4,6,10,-2,24,4,0,0,1,5,1,0,45,8.9,NA,NA,-0.6,0.6,0
Gerry Goyer,1968,1968,C,40,1,2,3,-18,4,1,0,0,0,2,0,0,20,5,NA,NA,-1.5,-0.1,-1.6
Phil Goyette,1957,1972,C,940,207,467,674,10,123,155,52,0,36,327,139,1,1571,11.8,NA,NA,39.9,15.2,55.1
Michael Grabner,2010,2020,RW,640,175,101,276,18,110,146,7,22,21,86,8,7,1344,13,9224,14:25:00,23.5,11.3,34.8
Tony Graboski,1941,1943,LW/D,66,6,10,16,NA,24,4,1,1,2,6,4,0,NA,NA,NA,NA,-1.2,0.9,-0.3
Mikhail Grabovski,2007,2016,C,534,125,171,296,5,312,97,27,1,18,137,34,0,1001,12.5,8644,16:11:00,21.8,8.9,30.7
Evgeny Grachev,2011,2012,C,34,1,3,4,-7,2,1,0,0,1,3,0,0,17,5.9,304,08:57:00,-0.3,0.1,-0.2
Bob Gracie,1931,1939,C/LW,380,82,110,192,NA,203,49,6,1,10,67,19,1,NA,NA,NA,NA,14.4,6.1,20.5
Thomas Gradin,1979,1987,C,677,209,384,593,-33,298,148,51,10,29,266,111,7,1299,16.1,NA,NA,31.2,9.6,40.8
Collin Graf,2024,2026,F,119,25,33,58,-2,20,21,1,3,5,27,5,1,162,15.4,1938,16:17:00,2.7,2.3,5.1
Marc-André Gragnani,2008,2016,D,78,3,15,18,4,36,2,1,0,1,7,8,0,62,4.8,1213,15:33:00,-0.9,1.6,0.7
Dirk Graham,1984,1995,W,772,219,270,489,2,919,145,39,35,32,210,47,13,1819,12,NA,NA,23.6,10.6,34.2
Leth Graham,1921,1926,LW,27,3,0,3,NA,0,NA,NA,NA,0,NA,NA,NA,NA,NA,NA,NA,-1.6,0.9,-0.7
Pat Graham,1982,1984,LW,103,11,17,28,-16,136,10,1,0,1,16,1,0,122,9,NA,NA,-1.4,1,-0.4
Rod Graham,1975,1975,LW,14,2,1,3,0,7,1,1,0,0,1,0,0,7,28.6,NA,NA,-0.2,0.1,-0.1
Ted Graham,1928,1937,D,347,14,26,40,NA,301,9,0,0,5,6,0,0,NA,NA,NA,NA,-0.5,26,25.6
Tony Granato,1989,2001,RW,773,248,244,492,44,1425,180,57,11,32,176,55,13,1967,12.6,2056,10:11:00,32.9,10.2,43.1
Petter Granberg,2014,2017,D,45,0,2,2,2,29,0,0,0,0,2,0,0,17,0,559,12:25:00,-0.5,1.4,0.9
Jean-Luc Grand-Pierre,1999,2004,D,269,7,13,20,-54,311,6,0,1,0,13,0,0,201,3.5,3694,13:44:00,-1,4.8,3.8
Markus Granlund,2014,2020,C,335,58,43,101,-40,86,46,8,4,8,34,7,2,494,11.7,4957,14:48:00,3.3,4.5,7.8
Mikael Granlund,2013,2026,C,959,198,450,648,-36,295,142,47,9,34,295,151,4,1817,10.9,17880,18:39:00,37.3,19.7,57.1
Helge Grans,2025,2025,D,6,0,1,1,0,2,0,0,0,0,1,0,0,5,0,87,14:28:00,0,0.2,0.2
Alex Grant,2014,2016,D,7,2,0,2,1,9,2,0,0,0,0,0,0,6,33.3,91,12:56:00,0.3,0.2,0.6
Danny Grant,1966,1979,RW,736,263,273,536,-56,239,180,81,2,21,178,89,6,1906,13.8,NA,NA,36.9,10.4,47.3
Derek Grant,2013,2023,C,427,57,75,132,-42,163,45,7,5,8,68,2,5,586,9.7,5382,12:36:00,4.1,4.8,8.9
Triston Grant,2007,2010,LW,11,0,1,1,-2,19,0,0,0,0,1,0,0,5,0,58,05:16:00,-0.1,0,-0.1
Tyler Graovac,2015,2021,C,84,12,3,15,-2,20,9,3,0,2,3,0,0,77,15.6,783,09:19:00,0.7,0.7,1.4
Benoît Gratton,1998,2004,C,58,6,10,16,0,58,6,0,0,0,9,1,0,57,10.5,587,10:07:00,0.6,0.7,1.3
Chris Gratton,1994,2009,C,1092,214,354,568,-143,1638,160,52,2,30,261,91,2,2268,9.4,12227,15:19:00,33.8,12.7,46.5
Dan Gratton,1988,1988,C,7,1,0,1,1,5,1,0,0,0,0,0,0,3,33.3,NA,NA,-0.1,0.1,0
Josh Gratton,2006,2009,LW,86,3,3,6,-13,294,3,0,0,0,3,0,0,60,5,538,06:16:00,-0.6,0.1,-0.6
Norm Gratton,1972,1976,LW,201,39,45,84,-29,64,26,13,0,2,34,10,1,262,14.9,NA,NA,1.4,2.4,3.8
Kevin Gravel,2016,2025,D,138,1,14,15,-9,16,0,1,0,0,12,2,0,146,0.7,1974,14:18:00,-0.8,4.4,3.6
Leo Gravelle,1947,1951,RW,223,44,34,78,NA,38,42,2,0,2,29,5,0,NA,NA,NA,NA,1.9,4.5,6.3
Adam Graves,1988,2003,LW,1152,329,287,616,-25,1224,205,105,19,40,203,72,12,2855,11.5,8209,17:15:00,37.8,14.8,52.5
Hilliard Graves,1971,1980,RW,556,118,163,281,-83,209,99,18,1,14,129,34,0,881,13.4,NA,NA,9.2,7.3,16.6
Ryan Graves,2019,2026,D,455,33,86,119,76,223,33,0,0,3,82,0,4,650,5.1,8273,18:11:00,4.8,22.1,26.9
Steve Graves,1984,1988,LW,35,5,4,9,10,10,5,0,0,1,4,0,0,35,14.3,NA,NA,-0.3,0.5,0.2
Alex Gray,1928,1929,RW,50,7,1,8,NA,30,NA,NA,NA,0,NA,NA,NA,NA,NA,NA,NA,-0.5,1.2,0.7
Terry Gray,1962,1970,RW,147,26,28,54,-31,62,20,6,0,3,25,3,0,265,9.8,NA,NA,0.9,1.6,2.4
Nikita Grebenkin,2025,2026,RW,62,4,10,14,-10,48,4,0,0,0,10,0,0,34,11.8,682,11:00:00,-0.1,0.4,0.3
Denis Grebeshkov,2004,2014,D,234,17,68,85,-18,114,13,4,0,0,44,23,1,175,9.7,4467,19:05:00,5.5,7.8,13.4
Anthony Greco,2019,2022,RW,2,0,0,0,-3,0,0,0,0,0,0,0,0,7,0,19,09:37:00,-0.1,-0.1,-0.1
Josh Green,1999,2012,LW,341,36,40,76,-16,206,31,5,0,7,34,5,1,474,7.6,3756,11:01:00,1.4,3.7,5.1
Mike Green,2004,2004,C,24,1,3,4,0,4,1,0,0,0,3,0,0,20,5,219,09:08:00,0,0.2,0.2
Mike Green,2006,2020,D,880,150,351,501,-17,592,87,62,1,23,198,151,2,1918,7.8,19334,21:58:00,47.6,37.2,84.8
Red Green,1924,1929,LW,195,60,27,87,NA,277,NA,NA,NA,8,NA,NA,NA,NA,NA,NA,NA,11.5,3.8,15.3
Rick Green,1977,1992,D,845,43,220,263,-88,588,29,13,1,3,151,63,6,966,4.5,NA,NA,5.5,39.9,45.5
Shorty Green,1924,1927,RW,103,34,22,56,NA,167,NA,NA,NA,6,NA,NA,NA,NA,NA,NA,NA,6.5,2.4,8.9
Ted Green,1961,1972,D,621,48,206,254,-47,1029,31,17,0,2,162,39,5,902,5.3,NA,NA,15.9,22.9,38.8
Travis Green,1993,2007,C,970,193,262,455,-55,764,134,54,5,21,196,63,3,1726,11.2,8422,15:02:00,24.1,12,36.1
Andy Greene,2007,2022,D,1057,52,212,264,-23,277,35,15,2,11,158,43,11,1126,4.6,22240,21:02:00,7.2,55.9,63.2
Matt Greene,2006,2017,D,615,17,63,80,-10,663,17,0,0,4,59,2,2,476,3.6,10300,16:45:00,-1.7,26.1,24.3
Ryan Greene,2025,2026,C,82,11,17,28,-16,14,9,1,1,0,14,3,0,108,10.2,1364,16:38:00,0,1.5,1.5
Colin Greening,2011,2016,C/LW,286,45,57,102,-19,150,36,9,0,5,49,8,0,526,8.6,4070,14:14:00,5,3.2,8.2
Jeff Greenlaw,1987,1994,LW,57,3,6,9,-2,108,3,0,0,1,6,0,0,44,6.8,NA,NA,-1.3,0.7,-0.5
Kyle Greentree,2008,2009,LW,4,0,0,0,-2,0,0,0,0,0,0,0,0,6,0,37,09:15:00,-0.1,0,-0.1
Jordan Greenway,2018,2026,LW,474,56,109,165,12,363,54,2,0,5,101,7,1,670,8.4,6896,14:33:00,3,7.7,10.7
A.J. Greer,2017,2026,LW,325,35,45,80,17,448,33,1,1,6,45,0,0,356,9.8,3176,09:46:00,2.5,4.6,7.1
Randy Gregg,1983,1992,D,474,41,152,193,170,333,35,3,3,7,104,33,15,481,8.5,NA,NA,7.1,23.8,31
Noah Gregor,2020,2026,C,329,40,38,78,-91,142,36,2,2,5,33,4,1,577,6.9,3950,12:00:00,0.6,1.6,2.2
Bruce Greig,1974,1975,LW,9,0,1,1,-3,46,0,0,0,0,1,0,0,5,0,NA,NA,-0.3,0.1,-0.2
Mark Greig,1991,2003,RW,125,13,27,40,-9,90,13,0,0,1,18,9,0,127,10.2,320,10:40:00,0.2,1.4,1.6
Ridly Greig,2023,2026,C,246,41,63,104,12,219,31,6,4,5,50,11,2,374,11,3920,15:56:00,3.3,5.1,8.5
Alexandre Grenier,2016,2017,RW,9,0,0,0,-5,2,0,0,0,0,0,0,0,10,0,88,09:49:00,-0.2,-0.1,-0.3
Lucien Grenier,1970,1972,RW,152,14,14,28,-5,18,11,2,1,2,14,0,0,110,12.7,NA,NA,-2.7,2.2,-0.5
Martin Grenier,2002,2007,D,18,1,0,1,-1,14,1,0,0,0,0,0,0,7,14.3,110,06:07:00,0.1,0.1,0.2
Richard Grenier,1973,1973,C,10,1,1,2,-2,2,1,0,0,1,1,0,0,18,5.6,NA,NA,-0.2,0.2,0
Ron Greschner,1975,1990,D,981,179,431,610,-84,1226,122,51,6,18,255,171,5,1877,9.5,NA,NA,39.2,45,84.2
Brent Gretzky,1994,1995,C,13,1,3,4,-2,2,1,0,0,0,2,1,0,15,6.7,NA,NA,-0.1,0.2,0.1
Wayne Gretzky,1980,1999,C,1487,894,1963,2857,520,577,617,204,73,91,1201,686,76,5088,17.6,3232,21:16:00,223.9,27.1,251
Matvei Gridin,2026,2026,F,36,6,13,19,-14,2,5,1,0,0,8,5,0,70,8.6,543,15:04:00,1,0.3,1.3
Mike Grier,1997,2011,RW,1060,162,221,383,-9,510,126,16,20,26,194,14,13,1643,9.9,15275,15:34:00,10,18.2,28.2
Brent Grieve,1994,1997,LW,97,20,16,36,9,87,16,4,0,1,14,2,0,156,12.8,NA,NA,1.1,1.6,2.7
Seth Griffith,2015,2022,C,80,8,11,19,-5,24,7,1,0,1,6,5,0,71,11.3,976,12:12:00,0.3,1,1.3
George Grigor,1944,1944,C,2,1,0,1,NA,0,1,0,0,0,0,0,0,NA,NA,NA,NA,0,0,0.1
Mikhail Grigorenko,2013,2021,C,249,26,50,76,-28,36,24,2,0,1,41,9,0,291,8.9,3319,13:20:00,1.9,3.1,5
Rocco Grimaldi,2015,2022,C,203,30,37,67,-1,34,29,0,1,3,37,0,0,338,8.9,2382,11:44:00,3.5,2.5,6
Stu Grimson,1989,2002,LW,729,17,22,39,-41,2113,16,1,0,3,22,0,0,211,8.1,1486,04:50:00,-17.1,7.1,-10
John Grisdale,1973,1979,D,250,4,39,43,-53,346,2,2,0,1,34,4,1,202,2,NA,NA,-1.3,11.5,10.1
Arseny Gritsyuk,2026,2026,RW,66,13,18,31,-3,26,11,2,0,0,15,3,0,149,8.7,1002,15:10:00,1.5,1.3,2.8
François Groleau,1996,1998,D,8,0,1,1,3,6,0,0,0,0,1,0,0,7,0,12,12:15:00,-0.1,0.5,0.5
Stanislav Gron,2001,2001,RW,1,0,0,0,1,0,0,0,0,0,0,0,0,2,0,10,09:55:00,0,0,0
Tuomas Grönman,1997,1998,D,38,1,3,4,-1,38,0,1,0,1,1,2,0,42,2.4,362,16:29:00,-0.3,2,1.7
Lloyd Gronsdahl,1942,1942,RW,10,1,2,3,NA,0,1,0,0,0,2,0,0,NA,NA,NA,NA,-0.1,0.2,0.1
Jari Grönstrand,1987,1991,D,185,8,26,34,0,135,7,1,0,2,22,4,0,142,5.6,NA,NA,-0.7,9.3,8.6
Michal Grošek,1994,2004,LW,526,84,137,221,51,509,70,14,0,11,113,24,0,755,11.1,5253,13:20:00,11.6,8.1,19.7
Maxim Groshev,2026,2026,RW,2,0,1,1,1,0,0,0,0,0,1,0,0,1,0,23,11:30:00,0,0.1,0.1
Jordan Gross,2020,2023,D,25,3,4,7,-4,8,2,1,0,0,4,0,0,37,8.1,415,16:35:00,0.5,0.7,1.2
Lloyd Gross,1927,1935,LW,52,11,4,15,NA,22,9,1,0,2,3,1,0,NA,NA,NA,NA,0.9,0.8,1.8
Tyson Gross,2026,2026,F,6,1,0,1,-2,2,1,0,0,0,0,0,0,5,20,66,11:02:00,0,0,0
Nicklas Grossmann,2007,2017,D,592,13,73,86,4,314,13,0,0,2,71,1,1,434,3,10636,17:58:00,-1.9,22.1,20.1
Don Grosso,1939,1947,LW/C,335,87,117,204,NA,88,71,15,1,10,104,13,0,NA,NA,NA,NA,7.5,6.6,14.1
Len Grosvenor,1928,1933,C/RW,150,9,11,20,NA,82,NA,NA,NA,1,NA,NA,NA,NA,NA,NA,NA,-4.2,3.2,-1
Benoit-Olivier Groulx,2022,2026,C,78,4,6,10,-5,24,3,0,1,2,6,0,0,66,6.1,983,12:36:00,-1.3,1,-0.4
Wayne Groulx,1985,1985,C,1,0,0,0,0,0,0,0,0,0,0,0,0,0,NA,NA,NA,0,0,0
John Gruden,1994,2004,D,92,1,8,9,-4,46,1,0,0,1,8,0,0,70,1.4,465,14:06:00,-0.7,4.2,3.4
Jonathan Gruden,2023,2024,C,16,1,0,1,-2,5,1,0,0,0,0,0,0,9,11.1,129,08:03:00,-0.2,0.1,-0.1
Danny Gruen,1973,1977,LW,49,9,13,22,-6,19,7,2,0,1,12,1,0,79,11.4,NA,NA,0.6,0.6,1.2
Scott Gruhl,1982,1988,LW,20,3,3,6,-4,6,3,0,0,0,3,0,0,28,10.7,NA,NA,-0.2,0.1,0
Carl Grundström,2019,2026,RW,339,52,37,89,-28,127,49,2,1,9,33,3,1,520,10,3819,11:16:00,3.3,3.8,7.1
Eric Gryba,2013,2019,D,289,7,36,43,15,368,7,0,0,2,35,0,1,305,2.3,4897,16:57:00,-0.5,11.4,10.9
Bob Gryp,1974,1976,LW,74,11,13,24,-44,33,11,0,0,0,8,5,0,97,11.3,NA,NA,-0.3,0.2,-0.1
Matt Grzelcyk,2017,2026,D,596,26,161,187,122,285,23,3,0,6,117,42,2,809,3.2,10897,18:17:00,7.7,33.9,41.6
François Guay,1990,1990,C,1,0,0,0,0,0,0,0,0,0,0,0,0,0,NA,NA,NA,0,0,0
Paul Guay,1984,1991,RW,117,11,23,34,-23,92,11,0,0,0,21,0,2,108,10.2,NA,NA,-1.3,0.8,-0.5
Radko Gudas,2013,2026,D,885,42,169,211,89,1124,40,1,1,6,163,4,2,1373,3.1,16114,18:12:00,6.2,36.7,42.9
Erik Gudbranson,2012,2026,D,842,35,105,140,-118,864,35,0,0,5,95,7,3,1091,3.2,15620,18:33:00,-1,24,23
Max Guenette,2023,2024,D,8,0,0,0,-2,2,0,0,0,0,0,0,0,8,0,105,13:10:00,-0.1,0.1,-0.1
Nate Guenin,2007,2016,D,205,5,23,28,7,94,5,0,0,1,23,0,0,108,4.6,3184,15:32:00,-0.3,7,6.7
Dylan Guenther,2023,2026,RW,227,91,92,183,-5,78,56,34,1,20,53,38,1,620,14.7,3729,16:26:00,16.5,4.1,20.6
Jake Guentzel,2017,2026,C,681,306,353,659,100,317,228,74,4,41,247,105,1,1930,15.9,13191,19:22:00,58.8,17.5,76.3
Daniel Guerard,1995,1995,RW,2,0,0,0,0,0,0,0,0,0,0,0,0,0,NA,NA,NA,-0.1,0,0
Stéphane Guérard,1988,1990,D,34,0,0,0,-12,40,0,0,0,0,0,0,0,21,0,NA,NA,-0.7,1.2,0.5
Bill Guerin,1992,2010,RW,1263,429,427,856,51,1660,297,130,2,77,291,135,1,3693,11.6,15580,18:29:00,69.9,24.4,94.3
Jocelyn Guevremont,1972,1980,D,571,84,223,307,22,319,50,33,1,8,134,83,6,1521,5.5,NA,NA,21.1,30.3,51.3
Brendan Guhle,2017,2022,D,65,4,10,14,-9,24,4,0,0,1,10,0,0,101,4,1095,16:51:00,0.5,2,2.5
Kaiden Guhle,2023,2026,D,208,18,51,69,-16,171,18,0,0,4,50,0,1,253,7.1,4286,20:36:00,3.3,7.4,10.7
Aldo Guidolin,1953,1956,RW/D,182,9,15,24,NA,117,6,1,2,1,12,3,0,NA,NA,NA,NA,-4.2,2.4,-1.8
Bep Guidolin,1943,1952,LW,519,107,171,278,NA,616,95,9,3,10,150,20,1,NA,NA,NA,NA,11.1,6,17.1
Bobby Guindon,1980,1980,LW,6,0,1,1,2,0,0,0,0,0,1,0,0,10,0,NA,NA,-0.2,0.2,0
Ben Guite,2006,2010,RW,175,19,26,45,-4,97,18,0,1,4,23,1,2,236,8.1,2208,12:37:00,0.4,2.3,2.7
Carl Gunnarsson,2010,2021,D,629,30,108,138,55,179,28,2,0,5,92,13,3,533,5.6,11425,18:10:00,4.5,28.2,32.7
Steve Guolla,1997,2003,C,205,40,46,86,-25,60,32,8,0,5,35,7,4,300,13.3,2176,13:26:00,5.1,2,7.1
Miloslav Gureň,1999,2000,D,36,1,3,4,-6,16,0,1,0,0,2,1,0,31,3.2,510,14:10:00,0,0.9,0.9
Denis Gurianov,2017,2024,RW,298,52,61,113,-2,60,36,16,0,8,46,15,0,571,9.1,4071,13:40:00,5.1,5.1,10.2
Alexei Gusarov,1991,2001,D,607,39,128,167,50,313,30,5,4,4,96,26,6,454,8.6,4159,19:43:00,5.5,28.5,34
Nikita Gusev,2020,2021,LW,97,17,37,54,-27,14,12,5,0,2,25,12,0,230,7.4,1415,14:35:00,3.3,0.7,4
Sergey Gusev,1998,2001,D,89,4,10,14,-20,34,3,1,0,1,4,5,1,87,4.6,1398,15:43:00,0.4,1.7,2.1
Daniil Gushchin,2023,2025,LW,18,2,3,5,-6,6,1,1,0,0,2,1,0,28,7.1,238,13:14:00,0,0.1,0.1
Ravil Gusmanov,1996,1996,LW,4,0,0,0,-3,0,0,0,0,0,0,0,0,6,0,NA,NA,-0.2,-0.1,-0.2
Dave Gust,2023,2023,RW,4,1,0,1,-2,2,1,0,0,0,0,0,0,7,14.3,57,14:12:00,0,0,0
Bengt-Åke Gustafsson,1980,1989,RW,629,195,359,554,45,196,129,49,17,33,212,143,4,1237,15.8,NA,NA,28.7,10.4,39
David Gustafsson,2020,2025,C,149,6,14,20,10,13,6,0,0,1,13,0,1,107,5.6,1312,08:48:00,-1.1,2,0.8
Erik Gustafsson,2011,2014,D,91,6,17,23,17,14,6,0,0,1,13,3,1,86,7,1624,17:51:00,1.3,4.6,5.9
Erik Gustafsson,2016,2026,D,517,47,193,240,-17,165,40,7,0,6,127,66,0,789,6,9576,18:31:00,16.8,18.9,35.7
Per Gustafsson,1997,1998,D,89,8,27,35,9,38,6,2,0,1,14,13,0,141,5.7,NA,NA,2.2,5.6,7.9
Viking Gustafsson Nyberg,2026,2026,D,2,0,0,0,1,0,0,0,0,0,0,0,0,0,NA,43,21:18:00,-0.1,0.2,0.1
Peter Gustavsson,1982,1982,LW,2,0,0,0,-1,0,0,0,0,0,0,0,0,2,0,NA,NA,-0.1,0,-0.1
Cole Guttman,2023,2024,C,41,8,6,14,-16,9,6,2,0,1,5,1,0,76,10.5,545,13:17:00,0.6,0.3,0.9
Kevan Guy,1987,1992,D,156,5,20,25,-20,138,5,0,0,1,18,2,0,158,3.2,NA,NA,-0.9,7.1,6.2
Kari Haakana,2003,2003,D,13,0,0,0,-2,4,0,0,0,0,0,0,0,2,0,103,07:55:00,-0.1,0,-0.1
Ari Haanpää,1986,1988,LW,60,6,11,17,8,37,6,0,0,3,11,0,0,61,9.8,NA,NA,-0.7,1,0.3
Henrik Haapala,2018,2018,LW,5,0,1,1,0,0,0,0,0,0,1,0,0,3,0,69,13:42:00,-0.1,0.1,0
David Haas,1991,1994,LW,7,2,1,3,0,7,2,0,0,0,1,0,0,7,28.6,NA,NA,0.1,0.1,0.2
Gaetan Haas,2020,2021,F,92,7,6,13,-7,16,7,0,0,1,5,1,0,78,9,948,10:19:00,-0.6,0.9,0.3
Marc Habscheid,1982,1992,RW/C,345,72,91,163,-16,171,48,17,7,6,56,30,5,538,13.4,NA,NA,4,3.2,7.2
Len Hachborn,1984,1986,C,102,20,39,59,14,29,18,2,0,2,34,5,0,140,14.3,NA,NA,1.6,1.4,2.9
Lloyd Haddon,1960,1960,D,8,0,0,0,-1,2,0,0,0,0,0,0,0,2,0,NA,NA,-0.1,0.5,0.3
Vic Hadfield,1962,1977,LW,1004,323,389,712,22,1159,226,93,4,45,272,115,2,2874,11.2,NA,NA,46.5,14.9,61.4
Brandon Hagel,2020,2026,LW,445,161,210,371,66,291,137,18,6,21,165,34,11,1019,15.8,8172,18:22:00,28.8,11.7,40.5
Carl Hagelin,2012,2022,LW,713,110,186,296,119,293,102,2,6,27,178,0,8,1429,7.7,10882,15:16:00,13.9,16.4,30.3
James Hagens,2026,2026,C,2,0,1,1,1,2,0,0,0,0,1,0,0,2,0,29,14:33:00,0,0.1,0.1
Robert Hägg,2017,2025,D,345,16,47,63,-5,208,15,1,0,1,47,0,0,352,4.5,5679,16:28:00,0.9,11.4,12.2
Jim Haggarty,1942,1942,LW,5,1,1,2,NA,0,0,1,0,0,1,0,0,NA,NA,NA,NA,0,0.1,0.1
Sean Haggerty,1996,2001,LW,14,1,2,3,1,4,1,0,0,0,2,0,0,6,16.7,120,09:12:00,0,0.2,0.2
Roger Hägglund,1985,1985,D,3,0,0,0,0,0,0,0,0,0,0,0,0,5,0,NA,NA,-0.1,0.1,0.1
Matti Hagman,1977,1982,C,237,56,89,145,21,36,45,11,0,3,64,25,0,274,20.4,NA,NA,4.7,2.7,7.5
Niklas Hagman,2002,2012,LW,770,147,154,301,-40,220,115,24,8,21,127,24,3,1493,9.8,11177,14:31:00,16.2,11.5,27.7
Nicolas Hague,2020,2026,D,426,23,75,98,10,282,22,1,0,4,71,3,1,586,3.9,7606,17:51:00,2.6,16.7,19.3
Riku Hahl,2002,2004,C,92,5,8,13,-3,38,5,0,0,1,8,0,0,118,4.2,1016,11:02:00,-0.9,0.9,0
Hunter Haight,2026,2026,C,9,1,1,2,-5,4,1,0,0,0,1,0,0,13,7.7,98,10:50:00,0,-0.1,0
Ron Hainsey,2003,2020,D,1132,59,252,311,-21,443,36,21,2,9,182,58,12,1416,4.2,23873,21:05:00,11,49.2,60.2
Richard Hajdu,1986,1987,LW,5,0,0,0,2,4,0,0,0,0,0,0,0,3,0,NA,NA,-0.2,0.1,-0.1
Libor Hájek,2019,2023,D,110,4,8,12,-9,40,4,0,0,1,8,0,0,91,4.4,1637,14:53:00,-0.4,2.6,2.2
Bill Hajt,1974,1987,D,854,42,202,244,320,433,36,2,4,3,187,9,6,857,4.9,NA,NA,4.3,64.8,69.1
Chris Hajt,2001,2004,D,6,0,0,0,-1,2,0,0,0,0,0,0,0,1,0,61,10:13:00,-0.1,0.1,0
Jani Hakanpää,2020,2025,D,290,15,30,45,33,173,15,0,0,3,28,0,2,270,5.6,5221,18:00:00,-0.6,14.3,13.7
Anders Håkansson,1982,1986,LW,330,52,46,98,-40,141,45,1,6,8,41,1,4,368,14.1,NA,NA,-2.7,3.6,0.9
Jayden Halbgewachs,2022,2022,F,3,0,1,1,1,4,0,0,0,0,1,0,0,7,0,39,13:06:00,0,0.1,0.1
Harold Halderson,1927,1927,D,44,3,2,5,NA,65,NA,NA,NA,0,NA,NA,NA,NA,NA,NA,NA,-0.1,3.1,3
David Hale,2004,2011,D,327,4,25,29,11,242,4,0,0,1,25,0,0,199,2,4512,13:48:00,-1.7,11.7,9.9
Larry Hale,1969,1972,D,196,5,37,42,-42,90,5,0,0,1,35,1,1,149,3.4,NA,NA,0.4,9.5,9.9
Len Haley,1960,1961,RW,30,2,2,4,-3,14,2,0,0,0,2,0,0,28,7.1,NA,NA,-0.8,0.4,-0.3
Micheal Haley,2010,2021,C,274,11,21,32,-29,692,11,0,0,2,21,0,0,176,6.3,2157,07:52:00,-1.5,1.3,-0.2
Matt Halischuk,2009,2016,RW,280,33,42,75,13,57,33,0,0,6,42,0,0,352,9.4,3024,10:48:00,3.5,3.9,7.4
Bob Halkidis,1986,1996,D,256,8,32,40,-6,825,8,0,0,0,32,0,0,200,4,NA,NA,-1.5,11.8,10.3
Steven Halko,1998,2003,D,155,0,15,15,-2,71,0,0,0,0,15,0,0,96,0,2278,14:42:00,-1,5.9,4.9
Adam Hall,2002,2014,RW,682,69,87,156,-76,282,39,28,2,10,65,17,5,978,7.1,9009,13:13:00,-1.7,7,5.3
Bob Hall,1926,1926,F,8,0,0,0,NA,0,NA,NA,NA,0,NA,NA,NA,NA,NA,NA,NA,-0.6,0.2,-0.4
Del Hall,1972,1974,C,9,2,0,2,-1,2,2,0,0,0,0,0,0,7,28.6,NA,NA,-0.1,0.1,0.1
Joe Hall,1918,1919,D,37,15,9,24,NA,230,NA,NA,NA,1,NA,NA,NA,NA,NA,NA,NA,1.9,4.8,6.6
Murray Hall,1962,1972,RW,164,35,48,83,-36,42,29,6,0,1,31,17,0,226,15.5,NA,NA,3.3,1.4,4.6
Taylor Hall,1984,1988,LW,41,7,9,16,-18,29,6,1,0,0,6,3,0,53,13.2,NA,NA,0,0.2,0.2
Taylor Hall,2011,2026,LW,989,302,485,787,-37,526,216,85,1,51,358,126,1,2906,10.4,17712,17:55:00,66.2,20.6,86.8
Wayne Hall,1961,1961,LW,4,0,0,0,-1,0,0,0,0,0,0,0,0,4,0,NA,NA,-0.2,0,-0.1
Filip Hallander,2022,2026,C,16,1,3,4,4,2,0,0,1,1,3,0,0,22,4.5,197,12:17:00,-0.1,0.4,0.3
Kevin Haller,1990,2002,D,642,41,97,138,22,907,29,10,2,7,67,28,2,720,5.7,4641,18:57:00,2.4,32.2,34.6
Milt Halliday,1927,1929,LW,67,1,0,1,NA,4,NA,NA,NA,0,NA,NA,NA,NA,NA,NA,NA,-4.1,2,-2.2
Stephen Halliday,2026,2026,C,29,4,7,11,0,2,4,0,0,0,4,3,0,32,12.5,242,08:20:00,0.8,0.3,1.1
Mats Hallin,1983,1987,LW,152,17,14,31,-13,193,17,0,0,2,11,3,0,125,13.6,NA,NA,-2.6,1.3,-1.3
Mike Halmo,2014,2014,LW,20,1,0,1,-1,32,1,0,0,0,0,0,0,25,4,190,09:30:00,-0.3,0.2,-0.2
Brian Halonen,2024,2026,F,19,1,1,2,-2,9,1,0,0,1,1,0,0,11,9.1,159,08:21:00,-0.1,0.1,0
Jeff Halpern,2000,2014,C,976,152,221,373,-43,641,114,28,10,29,164,53,4,1248,12.2,14939,15:18:00,13.5,14.9,28.3
Trevor Halverson,1999,1999,LW,17,0,4,4,-5,28,0,0,0,0,4,0,0,16,0,203,11:57:00,-0.1,0.1,-0.1
Doug Halward,1976,1989,D,653,69,224,293,-96,774,35,33,1,4,109,112,3,1158,6,NA,NA,13,28.1,41.1
Hardy Haman Aktell,2024,2024,D,6,0,1,1,-2,2,0,0,0,0,1,0,0,5,0,64,10:38:00,0,0,0
James Hamblin,2023,2024,F,41,2,1,3,0,2,2,0,0,0,1,0,0,30,6.7,334,08:09:00,-0.4,0.3,-0.1
Lenni Hameenaho,2026,2026,RW,33,2,6,8,-3,14,2,0,0,0,6,0,0,47,4.3,402,12:11:00,-0.1,0.5,0.3
Denis Hamel,2000,2007,LW,192,19,12,31,-10,77,17,1,1,4,11,1,0,236,8.1,1856,09:40:00,0,1.8,1.8
Gilles Hamel,1981,1989,LW,519,127,147,274,-43,276,99,19,9,14,113,33,1,942,13.5,NA,NA,8.4,6.3,14.7
Herb Hamel,1931,1931,RW,2,0,0,0,NA,4,NA,NA,NA,0,NA,NA,NA,NA,NA,NA,NA,-0.1,0.1,-0.1
Jean Hamel,1973,1984,D,699,26,95,121,-80,766,25,1,0,1,84,6,5,674,3.9,NA,NA,-2.9,33.3,30.4
Dan Hamhuis,2004,2020,D,1148,59,297,356,72,684,42,14,3,11,226,61,10,1557,3.8,24504,21:21:00,15.4,59.1,74.5
Red Hamill,1938,1951,LW,429,128,94,222,NA,170,106,19,3,16,73,20,1,NA,NA,NA,NA,11.2,5,16.3
Zach Hamill,2010,2012,C,20,0,4,4,5,4,0,0,0,0,4,0,0,15,0,219,10:58:00,-0.2,0.4,0.2
Al Hamilton,1966,1980,D,257,10,78,88,-43,258,8,2,0,1,58,18,2,276,3.6,NA,NA,3.3,11.5,14.8
Chuck Hamilton,1962,1973,LW,4,0,2,2,3,2,0,0,0,0,2,0,0,2,0,NA,NA,0,0.2,0.2
Curtis Hamilton,2015,2015,LW,1,0,0,0,0,5,0,0,0,0,0,0,0,0,NA,8,08:01:00,0,0,0
Dougie Hamilton,2013,2026,D,912,163,376,539,74,574,111,51,1,36,248,126,2,2597,6.3,18866,20:41:00,49.1,47.5,96.6
Freddie Hamilton,2014,2018,C,75,4,2,6,-9,12,3,0,1,2,1,0,1,73,5.5,699,09:19:00,-0.9,0.4,-0.4
Jack Hamilton,1943,1946,C,102,28,32,60,NA,20,24,2,2,5,30,2,0,NA,NA,NA,NA,1.5,1.9,3.4
Jeff Hamilton,2004,2009,C,157,32,45,77,-10,44,21,11,0,6,21,24,0,314,10.2,1873,11:56:00,6.1,1.5,7.6
Jim Hamilton,1978,1985,RW,95,14,18,32,-10,28,13,1,0,1,16,2,0,143,9.8,NA,NA,-0.5,1.1,0.6
Reg Hamilton,1936,1947,D,425,21,87,108,NA,412,20,1,0,2,82,4,1,NA,NA,NA,NA,2.8,32.6,35.5
Ryan Hamilton,2012,2015,LW,30,1,4,5,-10,8,0,1,0,0,4,0,0,19,5.3,366,12:12:00,-0.3,0,-0.4
Inge Hammarström,1974,1979,LW,427,116,123,239,-26,86,99,17,0,17,97,26,0,947,12.2,NA,NA,11.2,4.9,16.2
Ken Hammond,1985,1993,D,193,18,29,47,-73,290,15,3,0,2,18,10,1,236,7.6,NA,NA,0.9,5.2,6.1
Travis Hamonic,2011,2026,D,925,53,191,244,-36,803,45,6,2,4,164,20,7,1568,3.4,19101,20:39:00,8.5,38,46.5
Gord Hampson,1983,1983,LW,4,0,0,0,-2,5,0,0,0,0,0,0,0,4,0,NA,NA,-0.2,0,-0.2
Ted Hampson,1960,1972,C,677,108,245,353,-84,92,78,21,9,11,192,50,3,1109,9.7,NA,NA,12.4,8.5,20.9
Rick Hampton,1975,1980,LW/D,337,59,113,172,-85,147,41,17,1,3,67,46,0,549,10.7,NA,NA,10.6,13.1,23.7
Radek Hamr,1993,1994,D,11,0,0,0,-14,0,0,0,0,0,0,0,0,7,0,NA,NA,-0.2,-0.3,-0.5
Roman Hamrlík,1993,2013,D,1395,155,483,638,-49,1408,88,62,5,23,232,233,18,2988,5.2,22937,23:29:00,46.3,68.5,114.9
Mark Hamway,1985,1987,RW,53,5,13,18,-7,9,4,1,0,1,13,0,0,52,9.6,NA,NA,-0.5,0.4,-0.1
Fredrik Händemark,2021,2021,C,8,1,0,1,-3,2,1,0,0,0,0,0,0,5,20,76,09:27:00,0,0,0
Ron Handy,1985,1988,LW,14,0,3,3,-2,0,0,0,0,0,3,0,0,10,0,NA,NA,-0.3,0.1,-0.2
Michal Handzuš,1999,2014,C,1009,185,298,483,14,498,130,38,17,35,205,81,12,1415,13.1,16972,16:49:00,23.6,19.6,43.2
Al Hangsleben,1980,1982,D,185,21,48,69,5,396,19,2,0,2,43,5,0,248,8.5,NA,NA,2.8,9.6,12.5
Noah Hanifin,2016,2026,D,828,75,278,353,6,215,59,15,1,12,199,74,5,1540,4.9,17194,20:46:00,21.7,38,59.7
Ben Hankinson,1993,1995,RW,43,3,3,6,-3,45,3,0,0,1,3,0,0,43,7,NA,NA,-0.9,0.4,-0.5
Casey Hankinson,2001,2004,LW,18,0,1,1,-5,13,0,0,0,0,1,0,0,16,0,159,08:49:00,-0.3,0,-0.3
Joel Hanley,2016,2026,D,314,5,40,45,5,128,5,0,0,1,40,0,0,193,2.6,4446,14:10:00,-0.4,11.2,10.8
John Hanna,1959,1968,D,198,6,26,32,-9,206,6,0,0,0,24,1,1,127,3.9,NA,NA,0,9.3,9.3
Dave Hannan,1982,1997,C,841,114,191,305,-58,942,87,6,21,20,160,11,20,825,13.8,NA,NA,-0.6,9.9,9.3
Scott Hannan,1999,2015,D,1055,38,179,217,2,625,34,3,1,4,146,24,9,1033,3.7,22345,21:11:00,1.5,49.3,50.8
Gord Hannigan,1953,1956,C,161,29,31,60,NA,115,17,11,1,5,29,2,0,NA,NA,NA,NA,3,2.7,5.6
Pat Hannigan,1960,1969,LW,182,30,39,69,9,116,29,1,0,3,34,4,1,198,15.2,NA,NA,0.8,2.7,3.6
Ray Hannigan,1949,1949,RW,3,0,0,0,NA,2,0,0,0,0,0,0,0,NA,NA,NA,NA,-0.1,0,-0.1
Markus Hännikäinen,2016,2019,LW,91,8,7,15,-8,14,8,0,0,1,6,0,1,94,8.5,813,08:56:00,0.1,0.6,0.7
Ben Hanowski,2013,2014,RW,16,1,2,3,-2,2,1,0,0,0,2,0,0,14,7.1,146,09:08:00,0,0.1,0.1
Jannik Hansen,2008,2018,LW,626,109,147,256,48,282,102,2,5,22,137,3,7,984,11.1,9168,14:39:00,14.5,12.4,26.9
Richie Hansen,1977,1982,C,20,2,8,10,10,4,2,0,0,0,8,0,0,25,8,NA,NA,0.1,0.5,0.6
Tavis Hansen,1995,2001,RW,34,2,1,3,-5,16,2,0,0,0,1,0,0,18,11.1,219,06:52:00,-0.2,0.1,-0.1
Christian Hanson,2009,2011,C,42,3,6,9,-3,22,2,0,1,0,6,0,0,56,5.4,547,13:01:00,-0.3,0.4,0.1
Dave Hanson,1979,1980,D,33,1,1,2,-6,65,1,0,0,0,1,0,0,16,6.3,NA,NA,-0.5,1.5,1.1
Emil Hanson,1933,1933,RW/D,7,0,0,0,NA,6,NA,NA,NA,0,NA,NA,NA,NA,NA,NA,NA,-0.2,0.6,0.5
Keith Hanson,1984,1984,D,25,0,2,2,-14,77,0,0,0,0,0,0,2,19,0,NA,NA,-0.4,0.5,0.1
Oscar Hanson,1938,1938,C,8,0,0,0,NA,0,0,0,0,0,0,0,0,NA,NA,NA,NA,-0.4,0.1,-0.3
Martin Hanzal,2008,2019,C,673,127,211,338,-43,574,89,34,4,24,154,54,3,1382,9.2,11900,17:41:00,17.4,11.7,29.2
Nick Harbaruk,1970,1974,RW,364,45,75,120,-38,273,34,7,4,5,64,8,3,553,8.1,NA,NA,-1.2,4.7,3.6
Jeff Harding,1989,1990,RW,15,0,0,0,0,47,0,0,0,0,0,0,0,22,0,NA,NA,-0.6,0.2,-0.4
Mike Hardman,2021,2025,RW,39,1,5,6,-8,11,1,0,0,0,5,0,0,26,3.8,383,09:49:00,-0.4,0.2,-0.1
Joe Hardy,1970,1971,C,63,9,14,23,-22,51,6,2,1,1,11,3,0,81,11.1,NA,NA,0.2,0.5,0.7
Mark Hardy,1980,1994,D,915,62,306,368,-97,1293,32,27,3,9,170,127,9,1343,4.6,NA,NA,11.7,37.8,49.6
Jim Hargreaves,1971,1973,D,66,1,7,8,-34,105,1,0,0,0,6,1,0,42,2.4,NA,NA,-0.5,1.3,0.8
Johan Harju,2011,2011,LW,10,1,2,3,-2,2,1,0,0,0,2,0,0,14,7.1,85,08:28:00,0.2,0,0.2
Brett Harkins,1995,2002,LW,78,6,30,36,-10,22,1,5,0,2,16,14,0,66,9.1,316,12:38:00,1.2,0.8,2
Jansen Harkins,2020,2026,C,305,18,27,45,-31,106,18,0,0,1,27,0,0,253,7.1,2963,09:43:00,-2.1,2.1,0
Todd Harkins,1992,1994,C,48,3,3,6,-10,78,3,0,0,0,3,0,0,36,8.3,NA,NA,-1.1,0.3,-0.8
Thomas Harley,2022,2026,D,266,38,101,139,65,68,34,3,1,10,73,28,0,468,8.1,5642,21:13:00,10.1,16.5,26.6
David Harlock,1994,2002,D,212,2,14,16,-55,188,2,0,0,0,14,0,0,106,1.9,3632,17:48:00,-2.1,3.9,1.8
Scott Harlow,1988,1988,LW,1,0,1,1,-1,0,0,0,0,0,1,0,0,2,0,NA,NA,0,0,0
Glen Harmon,1943,1951,D,453,50,96,146,NA,334,38,10,2,8,68,27,1,NA,NA,NA,NA,9.2,39,48.1
John Harms,1944,1945,RW,44,5,5,10,NA,21,5,0,0,0,5,0,0,NA,NA,NA,NA,-1.1,0.7,-0.4
Walter Harnott,1934,1934,LW,6,0,0,0,NA,2,0,0,0,0,0,0,0,NA,NA,NA,NA,-0.3,0.1,-0.2
Shane Harper,2017,2017,RW,14,2,1,3,-1,18,2,0,0,0,1,0,0,13,15.4,144,10:18:00,0.2,0.1,0.3
Terry Harper,1963,1981,D,1066,35,221,256,254,1364,29,6,0,3,202,12,7,1004,3.5,NA,NA,4.2,74,78.3
Ben Harpur,2016,2023,D,198,2,19,21,-42,143,2,0,0,0,18,0,1,162,1.2,3094,15:38:00,-1.5,3.5,2
Tim Harrer,1983,1983,RW,3,0,0,0,0,2,0,0,0,0,0,0,0,3,0,NA,NA,-0.1,0,-0.1
Hago Harrington,1926,1933,LW,72,9,5,14,NA,31,NA,NA,NA,1,NA,NA,NA,NA,NA,NA,NA,-0.7,1.5,0.8
Scott Harrington,2015,2023,D,255,11,38,49,-17,87,11,0,0,2,36,0,2,199,5.5,3600,14:07:00,1.7,6.7,8.4
Billy Harris,1956,1969,C,770,126,219,345,36,193,108,18,0,17,179,39,1,701,10.7,NA,NA,10.4,12.3,22.6
Billy Harris,1973,1984,RW,897,231,327,558,-19,394,183,40,8,26,237,78,12,1714,13.5,NA,NA,25.1,11.4,36.5
Duke Harris,1968,1968,RW,26,1,4,5,-14,4,1,0,0,0,0,4,0,50,2,NA,NA,-0.6,0,-0.6
Henry Harris,1931,1931,RW,32,2,4,6,NA,20,NA,NA,NA,0,NA,NA,NA,NA,NA,NA,NA,-0.6,0.8,0.2
Hugh Harris,1973,1973,C,60,12,26,38,8,17,12,0,0,0,24,2,0,121,9.9,NA,NA,1.6,1.1,2.8
Jordan Harris,2022,2026,D,172,10,30,40,-6,62,10,0,0,0,29,1,0,149,6.7,2857,16:36:00,1.4,4.9,6.3
Ron Harris,1963,1976,D,475,20,91,111,-52,474,15,4,1,2,78,12,1,656,3,NA,NA,2.2,21.6,23.9
Smokey Harris,1925,1925,LW,6,3,1,4,NA,8,NA,NA,NA,0,NA,NA,NA,NA,NA,NA,NA,0.6,0,0.6
Ted Harris,1964,1975,D,788,30,168,198,135,1000,27,2,1,3,158,8,2,720,4.2,NA,NA,5.1,52.4,57.5
Ed Harrison,1948,1951,C/LW,194,27,24,51,NA,51,22,5,0,6,23,1,0,NA,NA,NA,NA,-1,2.7,1.7
Jay Harrison,2006,2015,D,372,23,52,75,-27,360,19,4,0,5,42,10,0,430,5.3,6394,17:11:00,3.5,11.3,14.8
Jim Harrison,1969,1980,C,324,67,86,153,-31,435,50,15,2,5,73,13,0,583,11.5,NA,NA,5.5,3.7,9.2
Peter Harrold,2007,2015,D,274,13,29,42,-29,74,11,2,0,1,22,7,0,267,4.9,3932,14:21:00,1.3,7.6,8.9
Gerry Hart,1969,1983,D,730,29,150,179,112,1240,25,2,2,4,139,7,4,808,3.6,NA,NA,1.5,46.6,48.2
Gizzy Hart,1927,1933,LW,99,6,9,15,NA,12,NA,NA,NA,1,NA,NA,NA,NA,NA,NA,NA,-2.5,3,0.5
Mark Hartigan,2002,2008,C,102,19,11,30,-14,58,13,6,0,1,7,4,0,131,14.5,1101,10:48:00,2,0.7,2.7
Teemu Hartikainen,2011,2013,C,52,6,7,13,-10,16,4,2,0,1,4,3,0,66,9.1,673,12:57:00,0.2,0.4,0.5
Mike Hartman,1987,1995,LW,397,43,35,78,-34,1388,38,5,0,6,34,1,0,481,8.9,NA,NA,-6.1,4.7,-1.4
Ryan Hartman,2015,2026,RW,725,162,185,347,51,700,140,19,3,32,158,24,3,1529,10.6,10742,14:49:00,21.1,13.3,34.4
Scott Hartnell,2001,2018,LW,1249,327,380,707,66,1809,214,109,4,54,297,79,4,2777,11.8,19535,15:38:00,57.8,23.6,81.4
Craig Hartsburg,1980,1989,D,570,98,315,413,-6,815,56,40,2,11,133,180,2,1494,6.6,NA,NA,25,29.9,54.9
Buster Harvey,1971,1977,RW,407,90,118,208,-50,131,72,15,3,13,102,15,1,940,9.6,NA,NA,7.2,5.2,12.4
Doug Harvey,1948,1969,D,1113,88,452,540,46,1225,57,26,5,17,236,206,10,350,6.9,NA,NA,42.9,80.3,123.2
Hugh Harvey,1975,1976,C/LW,18,1,1,2,-7,4,1,0,0,0,0,1,0,16,6.3,NA,NA,-0.5,0.2,-0.3
Todd Harvey,1995,2006,RW/C,671,91,132,223,19,950,76,15,0,10,105,27,0,792,11.5,5392,10:59:00,9,9.2,18.3
Rafaël Harvey-Pinard,2022,2026,LW,85,17,14,31,4,16,12,4,1,1,13,0,1,92,18.5,1227,14:26:00,1.2,1.5,2.7
Bob Hassard,1950,1955,C,126,9,28,37,NA,22,9,0,0,2,24,4,0,NA,NA,NA,NA,-0.4,2,1.6
Santeri Hatakka,2022,2024,D,21,0,4,4,0,6,0,0,0,0,4,0,0,15,0,289,13:47:00,0,0.7,0.7
Derian Hatcher,1992,2008,D,1045,80,251,331,74,1581,58,19,3,18,182,59,10,1431,5.6,16409,24:36:00,14.3,63.4,77.7
Kevin Hatcher,1985,2001,D,1157,227,450,677,-26,1392,128,91,8,37,226,208,16,2947,7.7,6327,23:21:00,50.6,59.5,110.1
Garnet Hathaway,2016,2026,RW,672,76,87,163,45,739,70,0,6,15,80,0,7,749,10.1,7801,11:37:00,2.1,10.5,12.7
Ed Hatoum,1969,1971,RW,47,3,6,9,-12,25,2,0,1,1,4,2,0,48,6.3,NA,NA,-1,0.2,-0.8
Brett Hauer,1996,2002,D,37,4,4,8,-16,38,2,2,0,1,3,1,0,63,6.3,105,13:11:00,0.4,0.5,0.9
Erik Haula,2014,2026,LW,840,167,208,375,33,447,128,30,9,23,167,35,6,1456,11.5,12604,15:00:00,20.6,16,36.6
Niclas Hävelid,2000,2009,D,628,34,137,171,-31,342,19,14,1,12,79,54,4,751,4.5,13709,21:50:00,6.2,26.6,32.9
Martin Havlát,2001,2016,RW,790,242,352,594,78,404,172,69,1,44,243,104,5,1908,12.7,13277,16:48:00,52.8,17.8,70.6
Dale Hawerchuk,1982,1997,C,1188,518,891,1409,-98,740,324,182,12,49,494,386,11,3754,13.8,NA,NA,98.6,13.3,112
Greg Hawgood,1988,2002,D,474,60,164,224,26,426,35,25,0,5,88,74,2,730,8.2,1592,16:25:00,13.8,23.8,37.6
Todd Hawkins,1989,1992,W,10,0,0,0,-2,15,0,0,0,0,0,0,0,5,0,NA,NA,-0.4,0.1,-0.3
Alan Haworth,1981,1988,C,524,189,211,400,62,425,144,45,0,20,159,52,0,1157,16.3,NA,NA,20.9,9.1,30.1
Gord Haworth,1953,1953,C,2,0,1,1,NA,0,0,0,0,0,1,0,0,NA,NA,NA,NA,0,0,0
Neil Hawryliw,1982,1982,RW,1,0,0,0,0,0,0,0,0,0,0,0,0,0,NA,NA,NA,0,0,0
Jayce Hawryluk,2019,2021,C,98,12,15,27,-14,41,12,0,0,1,14,1,0,79,15.2,974,09:56:00,1.3,0.6,1.8
Bill Hay,1960,1967,C,506,113,273,386,19,244,77,32,4,13,190,77,6,1276,8.9,NA,NA,23.1,9,32.1
Dwayne Hay,1998,2001,LW,79,2,4,6,-7,22,2,0,0,0,4,0,0,57,3.5,599,07:35:00,-0.9,0.4,-0.4
George Hay,1927,1933,LW,240,74,62,136,NA,87,NA,NA,NA,10,NA,NA,NA,NA,NA,NA,NA,23.1,4.9,28
Jim Hay,1953,1955,D,75,1,5,6,NA,22,0,1,0,1,1,4,0,NA,NA,NA,NA,-0.7,6.2,5.5
Darren Haydar,2003,2010,RW,23,1,7,8,3,2,1,0,0,0,5,2,0,21,4.8,243,10:35:00,0.3,0.4,0.7
John Hayden,2017,2026,C,272,18,21,39,-31,323,17,0,1,3,21,0,0,277,6.5,2712,09:58:00,-1.8,2,0.2
Peter Hayek,1982,1982,D,1,0,0,0,-1,0,0,0,0,0,0,0,0,0,NA,NA,NA,0,0,0
Avery Hayes,2026,2026,F,16,5,0,5,-4,12,5,0,0,0,0,0,0,26,19.2,179,11:10:00,0.5,0,0.5
Eriah Hayes,2014,2015,RW,19,1,0,1,-4,4,1,0,0,0,0,0,0,27,3.7,157,08:17:00,-0.2,0,-0.2
Jimmy Hayes,2012,2018,RW,334,54,55,109,-29,149,42,12,0,6,44,11,0,530,10.2,4120,12:20:00,6.9,3.2,10.1
Kevin Hayes,2015,2026,RW,805,185,261,446,-38,233,142,33,10,27,200,52,9,1648,11.2,12718,15:48:00,29.9,13,42.9
Zack Hayes,2022,2022,D,3,0,0,0,-2,0,0,0,0,0,0,0,0,1,0,33,10:53:00,0,-0.1,-0.1
Luke Haymes,2026,2026,F,3,0,1,1,-2,0,0,0,0,0,1,0,0,2,0,39,13:10:00,0,0,0
Paul Haynes,1931,1941,C,384,61,133,194,NA,164,39,3,1,8,91,17,0,NA,NA,NA,NA,11.4,5.7,17.1
Barrett Hayton,2020,2026,C,358,65,90,155,-28,201,47,18,0,14,69,20,1,637,10.2,5681,15:52:00,5.6,5.5,11.1
Rick Hayward,1991,1991,D,4,0,0,0,0,5,0,0,0,0,0,0,0,0,NA,NA,NA,-0.1,0.2,0.1
Steve Hazlett,1980,1980,LW,1,0,0,0,-1,0,0,0,0,0,0,0,0,2,0,NA,NA,0,0,-0.1
Galen Head,1968,1968,RW,1,0,0,0,-1,0,0,0,0,0,0,0,0,0,NA,NA,NA,0,0,-0.1
Fern Headley,1925,1925,D,30,1,4,5,NA,6,NA,NA,NA,0,NA,NA,NA,NA,NA,NA,NA,-0.5,2.4,1.9
Eric Healey,2006,2006,LW,2,0,0,0,0,2,0,0,0,0,0,0,0,1,0,17,08:28:00,0,0,0
Paul Healey,1997,2006,LW,77,6,14,20,15,44,5,1,0,0,14,0,0,72,8.3,799,10:39:00,0.3,1.4,1.8
Rich Healey,1961,1961,D,1,0,0,0,0,2,0,0,0,0,0,0,0,0,NA,NA,NA,0,0.1,0
Shawn Heaphy,1993,1993,C,1,0,0,0,0,0,0,0,0,0,0,0,0,2,0,NA,NA,0,0,0
Mark Heaslip,1977,1979,RW,117,10,19,29,-9,110,10,0,0,1,16,1,2,94,10.6,NA,NA,-1.6,1.5,-0.1
Randy Heath,1985,1986,LW,13,2,4,6,0,15,1,1,0,0,4,0,0,19,10.5,NA,NA,0,0.2,0.2
Dillon Heatherington,2018,2023,D,23,0,2,2,3,33,0,0,0,0,2,0,0,16,0,255,11:05:00,-0.1,0.9,0.8
Dany Heatley,2002,2015,LW,869,372,419,791,38,620,221,143,8,64,259,155,5,2565,14.5,17403,20:02:00,75.5,19.7,95.2
Andy Hebenton,1956,1964,RW,630,189,202,391,-90,88,121,64,4,19,145,53,4,819,11,NA,NA,27.4,7.5,34.9
Jochen Hecht,1999,2013,LW,833,186,277,463,100,458,138,38,10,22,219,53,5,2165,8.6,14401,17:17:00,28,19.5,47.5
Radoslav Hecl,2003,2003,D,14,0,0,0,0,2,0,0,0,0,0,0,0,3,0,140,10:01:00,-0.1,0.4,0.2
Anders Hedberg,1979,1985,RW,465,172,225,397,53,144,132,39,1,21,146,75,4,1220,14.1,NA,NA,22.7,7.2,29.8
Bret Hedican,1992,2009,D,1039,55,239,294,-23,893,37,15,3,10,163,54,22,1274,4.3,15250,20:45:00,12.3,43.5,55.9
Pierre Hedin,2004,2004,D,3,0,1,1,-1,0,0,0,0,0,1,0,0,4,0,58,19:20:00,0,0,0.1
Victor Hedman,2010,2026,D,1164,172,639,811,192,782,136,35,1,29,370,256,13,2472,7,27129,23:18:00,68.7,66,134.7
Jonathan Hedström,2003,2006,RW,83,13,14,27,1,48,9,2,2,5,12,1,1,102,12.7,1318,15:52:00,0.1,1.5,1.6
Tim Heed,2017,2020,D,105,6,23,29,-1,20,3,3,0,2,17,6,0,137,4.4,1507,14:21:00,1.6,3.4,5
Jeff Heerema,2003,2004,RW,32,4,2,6,-7,6,3,1,0,1,1,1,0,44,9.1,318,09:56:00,0.2,0.1,0.3
Frank Heffernan,1920,1920,D,19,0,1,1,NA,10,NA,NA,NA,0,NA,NA,NA,NA,NA,NA,NA,-1.5,0.7,-0.8
Gerry Heffernan,1942,1944,RW,85,33,35,68,NA,27,26,7,0,6,27,8,0,NA,NA,NA,NA,3,2,5
Mike Heidt,1984,1984,D,6,0,1,1,-1,7,0,0,0,0,1,0,0,1,0,NA,NA,-0.1,0.2,0.2
Ilkka Heikkinen,2010,2010,D,7,0,0,0,2,0,0,0,0,0,0,0,0,4,0,62,08:52:00,-0.1,0.3,0.2
Bill Heindl,1971,1973,LW,18,2,1,3,0,0,2,0,0,0,1,0,0,25,8,NA,NA,-0.3,0.3,0
Emil Heineman,2024,2026,LW,148,32,17,49,-17,38,25,7,0,1,15,2,0,238,13.4,2109,14:15:00,2.2,2.2,4.3
Danton Heinen,2017,2026,C/LW,612,102,151,253,35,147,86,13,3,14,129,22,0,919,11.1,8262,13:30:00,12.2,11.2,23.4
Ville Heinola,2020,2026,D,57,1,11,12,1,22,1,0,0,0,10,1,0,68,1.5,844,14:48:00,0.2,2,2.2
Lionel Heinrich,1956,1956,LW,35,1,1,2,NA,33,1,0,0,0,1,0,0,NA,NA,NA,NA,-1.3,0.5,-0.8
Shawn Heins,1999,2004,D,125,4,12,16,-3,154,2,2,0,1,7,5,0,125,3.2,1559,12:28:00,0.5,3.3,3.8
Steve Heinze,1992,2003,RW,694,178,158,336,-20,379,122,48,8,31,118,35,5,1415,12.6,6294,16:13:00,21.2,10.7,31.9
Earl Heiskala,1969,1971,LW,127,13,11,24,-30,294,13,0,0,1,10,1,0,191,6.8,NA,NA,-2.2,1.1,-1.1
Miro Heiskanen,2019,2026,D,552,67,279,346,30,172,52,14,1,13,164,113,2,1246,5.4,13602,24:39:00,23.8,34.4,58.2
Barrett Heisten,2002,2002,LW,10,0,0,0,-4,2,0,0,0,0,0,0,0,7,0,76,07:36:00,-0.2,-0.1,-0.3
Jan Hejda,2007,2015,D,627,25,110,135,-7,317,24,1,0,4,105,0,5,599,4.2,13244,21:07:00,1.6,28.1,29.8
Milan Hejduk,1999,2013,RW,1020,375,430,805,101,316,229,140,6,59,280,145,5,2667,14.1,18959,18:35:00,70.7,24.3,95
Peter Helander,1983,1983,D,7,0,1,1,-2,0,0,0,0,0,1,0,0,2,0,NA,NA,-0.1,0.2,0.1
Timo Helbling,2006,2007,D,11,0,1,1,-4,8,0,0,0,0,1,0,0,2,0,117,10:37:00,0,0,-0.1
Konsta Helenius,2026,2026,F,9,1,3,4,1,0,1,0,0,0,3,0,0,15,6.7,107,11:55:00,0.2,0.1,0.3
Sami Helenius,1997,2003,D,155,2,4,6,-8,260,1,0,1,0,4,0,0,54,3.7,1488,09:47:00,-0.8,2.8,2
Samuel Helenius,2025,2026,C,102,9,7,16,-4,73,9,0,0,1,7,0,0,67,13.4,848,08:19:00,0.1,0.9,1
Seth Helgeson,2015,2017,D,50,1,3,4,1,50,1,0,0,0,3,0,0,23,4.3,683,13:39:00,-0.3,1.9,1.7
Ott Heller,1932,1946,D,649,54,176,230,NA,467,42,2,3,12,145,16,6,NA,NA,NA,NA,15.6,40.9,56.5
Drew Helleson,2023,2026,D,119,7,22,29,2,69,7,0,0,1,19,0,3,106,6.6,1975,16:36:00,1.1,4,5.1
Darren Helm,2008,2023,C/LW,823,119,147,266,-19,256,99,6,14,16,132,6,9,1545,7.7,11676,14:11:00,8.6,12.8,21.4
Harry Helman,1923,1925,RW,44,1,0,1,NA,7,NA,NA,NA,0,NA,NA,NA,NA,NA,NA,NA,-2.2,6.1,3.9
Bryan Helmer,1999,2009,D,146,8,18,26,7,135,5,3,0,2,12,6,0,159,5,2146,14:42:00,1.3,4.8,6.1
Dwight Helminen,2009,2010,C,27,2,1,3,-3,0,2,0,0,0,1,0,0,16,12.5,201,07:27:00,0,0.1,0.1
Raimo Helminen,1986,1989,C,117,13,46,59,-26,16,7,6,0,2,21,25,0,177,7.3,NA,NA,0.5,0.9,1.4
Colin Hemingway,2006,2006,RW,3,0,0,0,-2,0,0,0,0,0,0,0,0,2,0,22,07:18:00,-0.1,0,-0.1
Tony Hemmerling,1936,1937,LW,22,3,3,6,NA,4,3,0,0,0,3,0,0,NA,NA,NA,NA,0,0.2,0.2
Aleš Hemský,2003,2018,RW,845,174,398,572,-53,353,129,43,2,18,229,168,1,1650,10.5,13484,15:57:00,42,12.5,54.6
Archie Henderson,1981,1983,RW,23,3,1,4,-3,92,3,0,0,0,1,0,0,11,27.3,NA,NA,-0.4,0.3,-0.1
Jay Henderson,1999,2001,LW,33,1,3,4,-1,37,1,0,0,0,3,0,0,34,2.9,199,06:02:00,0,0.2,0.2
Kevin Henderson,2013,2013,LW,4,1,0,1,-1,0,1,0,0,0,0,0,0,3,33.3,59,14:42:00,0.1,0,0.1
Matt Henderson,1999,2002,RW,6,0,1,1,-2,2,0,0,0,0,1,0,0,3,0,41,06:53:00,0,0,0
Murray Henderson,1945,1952,D,405,24,62,86,NA,305,23,1,0,1,56,5,1,NA,NA,NA,NA,3.5,24.5,28
Paul Henderson,1963,1980,RW,707,236,241,477,98,304,182,52,2,40,179,58,4,1738,13.6,NA,NA,33.4,12.6,46
Matt Hendricks,2009,2019,C,607,54,62,116,-41,722,49,1,4,7,57,2,3,720,7.5,7005,11:32:00,-1.1,6.2,5.2
Darby Hendrickson,1995,2004,C,518,65,64,129,-109,370,54,6,5,4,49,12,3,668,9.7,5489,14:18:00,-0.7,4,3.3
John Hendrickson,1958,1962,D,5,0,0,0,0,4,0,0,0,0,0,0,0,0,NA,NA,NA,-0.1,0.3,0.2
Jordan Hendry,2008,2013,D,131,4,9,13,2,40,4,0,0,1,9,0,0,110,3.6,1720,13:08:00,-0.2,3.4,3.3
Samuel Henley,2017,2017,C,1,1,0,1,1,2,1,0,0,0,0,0,0,1,100,5,05:18:00,0.2,0,0.3
Josh Hennessy,2007,2012,C,23,1,0,1,-1,6,1,0,0,0,0,0,0,12,8.3,133,05:47:00,-0.2,0.1,-0.1
Lorne Henning,1973,1981,C,543,73,111,184,21,102,53,2,18,9,88,6,17,639,11.4,NA,NA,-2.1,7.7,5.6
Adam Henrique,2011,2026,C,1057,278,294,572,-22,320,196,65,17,44,202,74,18,1893,14.7,18186,17:12:00,38.8,22.7,61.5
Alex Henry,2003,2009,D,177,2,9,11,-7,269,2,0,0,0,9,0,0,86,2.3,1950,11:01:00,-2.5,3.1,0.6
Burke Henry,2003,2004,D,39,2,6,8,-13,33,2,0,0,0,6,0,0,56,3.6,689,17:39:00,0.3,0.5,0.8
Camille Henry,1954,1970,C,727,279,249,528,-39,82,152,127,0,33,146,103,0,868,20.9,NA,NA,45.3,10,55.3
Dale Henry,1985,1990,LW,132,13,26,39,3,263,13,0,0,1,23,3,0,107,12.1,NA,NA,-1.3,1.6,0.4
T.J. Hensick,2008,2011,C,112,12,26,38,-16,18,7,5,0,1,17,9,0,193,6.2,1343,11:59:00,1.4,1,2.5
Jukka Hentunen,2002,2002,RW,38,4,5,9,-9,4,3,1,0,1,5,0,0,50,8,440,11:35:00,0.2,0.1,0.3
Aleksi Heponiemi,2021,2023,C,25,2,4,6,-6,6,2,0,0,1,3,1,0,28,7.1,280,11:12:00,0,0,0
Alan Hepple,1984,1986,D,3,0,0,0,-3,7,0,0,0,0,0,0,0,2,0,NA,NA,-0.1,0,-0.1
Ian Herbers,1994,2000,D,65,0,5,5,-12,79,0,0,0,0,5,0,0,30,0,651,15:09:00,-0.7,1.5,0.8
Jimmy Herbert,1925,1930,C/RW,206,83,34,117,NA,259,NA,NA,NA,17,NA,NA,NA,NA,NA,NA,NA,24,3.9,27.9
Art Herchenratter,1941,1941,LW,10,1,2,3,NA,2,1,0,0,0,2,0,0,NA,NA,NA,NA,-0.1,0.2,0.1
Fred Hergerts,1935,1936,C,20,2,4,6,NA,2,2,0,0,1,4,0,0,NA,NA,NA,NA,-0.1,0.2,0.1
Phil Hergesheimer,1940,1943,RW,125,21,41,62,NA,29,18,3,0,3,37,3,1,NA,NA,NA,NA,2.2,1.9,4.1
Wally Hergesheimer,1952,1959,RW,351,114,85,199,NA,106,92,22,0,19,63,21,1,NA,NA,NA,NA,19.1,3.6,22.8
Red Heron,1939,1942,C,106,21,19,40,NA,38,19,1,1,3,15,3,1,NA,NA,NA,NA,1.5,2,3.6
Yves Heroux,1987,1987,RW,1,0,0,0,0,0,0,0,0,0,0,0,0,0,NA,NA,NA,0,0,0
Chris Herperger,2000,2003,C,169,18,25,43,-9,75,17,0,1,3,22,1,2,185,9.7,2022,11:58:00,0.9,1.8,2.7
Matt Herr,1999,2003,C,58,4,5,9,-6,25,3,1,0,1,4,1,0,62,6.5,556,09:35:00,-0.2,0.4,0.3
Jason Herter,1996,1996,D,1,0,1,1,1,0,0,0,0,0,0,1,0,1,0,NA,NA,0.1,0.1,0.2
Tomáš Hertl,2014,2026,C,872,276,330,606,-93,315,192,78,6,43,245,81,4,2015,13.7,15531,17:49:00,45.9,16.1,62.1
Matt Hervey,1989,1993,D,35,0,5,5,-9,97,0,0,0,0,4,1,0,27,0,NA,NA,-0.3,1.3,1
Shaun Heshka,2010,2010,D,8,0,2,2,0,4,0,0,0,0,2,0,0,3,0,107,13:19:00,0.1,0.3,0.3
Bob Hess,1975,1984,D,329,27,95,122,-8,178,18,7,2,3,59,36,0,501,5.4,NA,NA,5.3,17.1,22.4
Jamie Heward,1996,2009,D,394,38,86,124,-50,221,16,22,0,6,38,45,3,619,6.1,6415,17:23:00,8.9,9.5,18.3
Obs Heximer,1930,1935,LW/C,84,13,7,20,NA,16,5,0,0,2,2,0,0,NA,NA,NA,NA,-0.2,1.6,1.5
Bryan Hextall,1937,1948,RW,449,187,180,367,NA,227,160,22,5,25,149,25,6,NA,NA,NA,NA,29.4,7,36.5
Bryan Hextall,1963,1976,C,549,99,161,260,-150,736,70,27,2,16,117,44,0,960,10.3,NA,NA,7.3,4.3,11.5
Dennis Hextall,1969,1980,LW,681,153,350,503,-135,1398,124,26,3,18,283,64,3,1102,13.9,NA,NA,26,7.1,33
Vic Heyliger,1938,1944,C,33,2,3,5,NA,2,1,1,0,1,3,0,0,NA,NA,NA,NA,-1.3,0.7,-0.7
Bill Hicke,1960,1972,RW,729,168,234,402,-81,389,127,41,0,23,180,54,0,1330,12.6,NA,NA,20.2,9.9,30.1
Ernie Hicke,1971,1978,LW,520,132,140,272,-142,407,94,38,0,18,101,39,0,1067,12.4,NA,NA,11.7,4.8,16.5
Joe Hicketts,2018,2020,D,22,0,5,5,-9,4,0,0,0,0,4,1,0,24,0,401,18:13:00,0,0.3,0.3
Greg Hickey,1978,1978,LW,1,0,0,0,-1,0,0,0,0,0,0,0,0,2,0,NA,NA,0,0,-0.1
Pat Hickey,1976,1985,LW,644,192,212,404,-91,351,151,36,5,15,159,47,6,1217,15.8,NA,NA,19.7,6.1,25.8
Thomas Hickey,2013,2022,D,456,22,95,117,37,190,22,0,0,6,86,4,4,496,4.4,8256,18:06:00,5.1,18.7,23.8
Alex Hicks,1996,2000,LW,258,25,54,79,8,247,25,0,0,6,52,1,1,296,8.4,1367,11:18:00,0.5,3.2,3.8
Doug Hicks,1975,1983,D,561,37,131,168,-76,442,21,12,4,2,94,32,5,683,5.4,NA,NA,4.1,24.6,28.7
Glenn Hicks,1980,1981,LW,108,6,12,18,-21,127,5,1,0,0,12,0,0,123,4.9,NA,NA,-2.7,1.1,-1.6
Henry Hicks,1929,1931,D,90,5,2,7,NA,69,NA,NA,NA,1,NA,NA,NA,NA,NA,NA,NA,0.1,7.9,8
Wayne Hicks,1961,1968,RW,115,13,23,36,-24,20,8,5,0,1,13,9,1,168,7.7,NA,NA,-0.8,1.1,0.3
Andre Hidi,1984,1985,LW,7,2,1,3,2,9,1,1,0,0,0,1,0,8,25,NA,NA,0.1,0.1,0.2
Uli Hiemer,1985,1987,D,143,19,54,73,-19,176,8,11,0,2,29,25,0,266,7.1,NA,NA,3.7,5.9,9.5
Chris Higgins,2004,2016,LW,711,165,168,333,-30,220,119,36,10,23,127,38,3,1704,9.7,11882,16:43:00,20.2,12.5,32.7
Matt Higgins,1998,2001,C,57,1,2,3,-11,6,1,0,0,0,2,0,0,25,4,402,07:04:00,-0.7,0.1,-0.6
Paul Higgins,1982,1983,RW,26,0,0,0,-4,152,0,0,0,0,0,0,0,2,0,NA,NA,-1,0.3,-0.8
Tim Higgins,1979,1989,RW,706,154,198,352,1,719,131,20,3,15,164,32,2,1059,14.5,NA,NA,8.2,9.7,17.9
Matthew Highmore,2018,2025,LW,187,14,21,35,-13,38,13,1,0,2,21,0,0,199,7,2117,11:19:00,-1,2,1.1
Andy Hilbert,2002,2010,C/LW,307,42,62,104,9,132,37,4,1,3,52,7,3,625,6.7,4001,13:02:00,3.6,4.7,8.4
Ike Hildebrand,1954,1955,RW,41,7,11,18,NA,16,6,1,0,1,11,0,0,NA,NA,NA,NA,1.1,0.4,1.6
Al Hill,1977,1988,C,221,40,55,95,31,227,39,1,0,5,49,4,2,262,15.3,NA,NA,1.1,3,4.1
Brian Hill,1980,1980,RW,19,1,1,2,-1,4,1,0,0,0,1,0,0,17,5.9,NA,NA,-0.6,0.2,-0.4
Mel Hill,1938,1946,RW,324,89,108,197,NA,136,82,7,0,15,96,11,1,NA,NA,NA,NA,9.7,6.5,16.2
Sean Hill,1993,2008,D,876,62,236,298,-46,1008,35,26,1,10,120,110,6,1546,4,12860,21:43:00,16.6,40.5,57.2
Jack Hillen,2008,2015,D,304,13,58,71,-8,157,12,1,0,2,50,5,3,324,4,5176,17:02:00,3.1,10.1,13.2
Dutch Hiller,1938,1946,LW,382,91,112,203,NA,163,76,14,1,14,105,6,1,NA,NA,NA,NA,7.5,7.4,14.8
Jim Hiller,1993,1994,RW,63,8,12,20,8,116,7,1,0,2,11,1,0,83,9.6,NA,NA,-0.4,0.8,0.5
Randy Hillier,1982,1992,D,543,16,110,126,-12,906,14,1,1,2,99,5,6,419,3.8,NA,NA,-0.8,24.3,23.5
Cameron Hillis,2022,2022,C,1,0,0,0,0,0,0,0,0,0,0,0,0,2,0,10,10:15:00,0,0,0
Blake Hillman,2018,2018,D,4,1,0,1,-1,0,0,0,1,0,0,0,0,5,20,72,18:02:00,0.1,0.1,0.2
Floyd Hillman,1957,1957,D,6,0,0,0,NA,10,0,0,0,0,0,0,0,NA,NA,NA,NA,-0.1,0.4,0.3
Larry Hillman,1955,1973,D,789,36,196,232,-15,565,23,13,0,3,123,69,4,1102,2.6,NA,NA,9.7,47.6,57.3
Wayne Hillman,1962,1973,D,691,18,86,104,-29,532,18,0,0,3,76,7,3,602,3,NA,NA,-2.2,39.6,37.3
John Hilworth,1978,1980,D,57,1,1,2,-14,89,1,0,0,0,1,0,0,32,3.1,NA,NA,-1,2.5,1.5
Normie Himes,1927,1935,C,402,107,112,219,NA,125,12,1,1,19,19,8,2,NA,NA,79,NA,25.2,6.2,31.3
Dave Hindmarch,1981,1984,RW,99,21,17,38,-14,25,21,0,0,1,17,0,0,146,14.4,NA,NA,0.3,0.9,1.2
Tyson Hinds,2026,2026,D,5,0,0,0,-1,2,0,0,0,0,0,0,0,8,0,80,16:00:00,-0.1,0.1,0
Vinnie Hinostroza,2016,2026,C,476,64,114,178,-27,142,56,8,0,12,103,9,2,753,8.5,6165,12:57:00,7.5,6.7,14.2
Dan Hinote,2000,2009,RW,503,38,52,90,-16,383,33,1,4,10,43,5,4,449,8.5,5589,11:07:00,-2.5,5.6,3.1
André Hinse,1968,1968,LW,4,0,0,0,-2,0,0,0,0,0,0,0,0,1,0,NA,NA,-0.2,0,-0.2
Dan Hinton,1977,1977,LW,14,0,0,0,-5,16,0,0,0,0,0,0,0,11,0,NA,NA,-0.6,0.1,-0.5
Roope Hintz,2019,2026,LW,521,190,231,421,111,172,127,51,12,35,138,90,3,1176,16.2,8754,16:48:00,35.4,14.7,50.1
Akito Hirose,2023,2024,D,10,0,3,3,0,4,0,0,0,0,1,2,0,4,0,159,15:51:00,0.1,0.3,0.4
Taro Hirose,2019,2023,LW,60,4,16,20,-17,14,3,1,0,1,9,7,0,58,6.9,757,12:37:00,0.3,0.4,0.7
Tom Hirsch,1984,1988,D,31,1,7,8,-15,30,0,0,1,0,5,2,0,38,2.6,NA,NA,0,0.7,0.7
Bert Hirschfeld,1950,1951,LW,33,1,4,5,NA,2,1,0,0,0,4,0,0,NA,NA,NA,NA,-0.9,0.6,-0.4
Nico Hischier,2018,2026,C,609,199,289,488,15,154,142,51,6,30,202,80,7,1496,13.3,11551,18:58:00,36.4,15,51.4
Joey Hishon,2015,2015,C,13,1,1,2,-1,0,1,0,0,1,1,0,0,19,5.3,131,10:07:00,0,0.1,0.1
Jamie Hislop,1980,1984,RW,345,75,103,178,-23,86,65,6,4,5,99,2,2,452,16.6,NA,NA,4.1,4,8.1
Lionel Hitchman,1923,1934,D,417,27,38,65,NA,557,1,0,0,4,0,0,0,NA,NA,NA,NA,2.3,38.4,40.7
Niklas Hjalmarsson,2008,2021,D,821,25,147,172,106,332,24,0,1,3,131,3,13,723,3.5,16565,20:11:00,1.4,43.4,44.8
Jan Hlaváč,2000,2008,LW,436,90,134,224,-4,138,70,20,0,14,107,26,1,861,10.5,6601,15:08:00,14.8,6.5,21.3
Ivan Hlinka,1982,1983,C,137,42,81,123,18,28,27,15,0,2,51,30,0,300,14,NA,NA,5.9,2.6,8.5
Jaroslav Hlinka,2008,2008,C,63,8,20,28,6,16,8,0,0,1,19,1,0,90,8.9,877,13:56:00,1.3,1.2,2.5
Todd Hlushko,1994,1998,C,79,8,13,21,0,84,8,0,0,0,12,0,1,94,8.5,128,09:51:00,-0.3,1.2,0.9
Shane Hnidy,2001,2011,D,550,16,55,71,14,633,13,1,2,3,52,2,1,453,3.5,7629,13:52:00,0.6,16.1,16.7
Joshua Ho-Sang,2017,2019,C/RW,53,7,17,24,-4,20,6,1,0,0,15,2,0,50,14,805,15:11:00,1.1,0.6,1.7
Justin Hocking,1994,1994,D,1,0,0,0,0,0,0,0,0,0,0,0,0,0,NA,NA,NA,0,0,0
Ken Hodge,1965,1978,RW,880,328,472,800,260,777,237,88,3,57,359,109,4,2128,15.4,NA,NA,59.5,16.3,75.8
Ken Hodge,1989,1993,C/RW,142,39,48,87,-2,32,21,15,3,8,34,13,1,237,16.5,NA,NA,4.6,1.8,6.4
Justin Hodgman,2015,2015,C,5,1,0,1,-2,2,0,1,0,0,0,0,0,3,33.3,57,11:24:00,0.1,0,0.1
Cody Hodgson,2011,2016,C,328,64,78,142,-54,68,44,19,1,6,56,21,1,651,9.8,4819,14:42:00,9.6,3.6,13.2
Dan Hodgson,1986,1989,C,114,29,45,74,-9,64,22,7,0,2,25,20,0,141,20.6,NA,NA,3.1,1.4,4.5
Hayden Hodgson,2022,2026,RW,18,1,2,3,-4,27,1,0,0,0,2,0,0,15,6.7,158,08:48:00,0,0,0
Rick Hodgson,1980,1980,D,6,0,0,0,-5,6,0,0,0,0,0,0,0,1,0,NA,NA,-0.1,-0.1,-0.2
Ted Hodgson,1967,1967,RW,4,0,0,0,0,0,0,0,0,0,0,0,0,1,0,NA,NA,-0.2,0,-0.1
Cec Hoekstra,1960,1960,C,4,0,0,0,0,0,0,0,0,0,0,0,0,5,0,NA,NA,-0.2,0.1,-0.1
Ed Hoekstra,1968,1968,C,70,15,21,36,5,6,10,5,0,4,18,2,1,126,11.9,NA,NA,1.7,1.4,3.1
Phil Hoene,1973,1975,LW,37,2,4,6,-4,22,1,0,1,1,3,1,0,23,8.7,NA,NA,-0.9,0.5,-0.4
Val Hoffinger,1928,1929,D,28,0,1,1,NA,28,NA,NA,NA,0,NA,NA,NA,NA,NA,NA,NA,-0.8,0.4,-0.4
Mike Hoffman,1983,1986,LW,9,1,3,4,-3,2,1,0,0,0,3,0,0,9,11.1,NA,NA,0,0,0
Mike Hoffman,2012,2024,C/LW,745,228,259,487,-72,267,153,75,0,39,166,93,0,1942,11.7,12211,16:23:00,41,10.9,51.8
Bob Hoffmeyer,1978,1985,D,198,14,52,66,-23,325,9,5,0,0,42,7,3,265,5.3,NA,NA,1.5,9.3,10.8
Jim Hofford,1986,1989,D,18,0,0,0,0,47,0,0,0,0,0,0,0,11,0,NA,NA,-0.4,0.9,0.5
Gregory Hofmann,2022,2022,C,24,2,5,7,6,8,2,0,0,2,5,0,0,33,6.1,300,12:30:00,0,0.5,0.6
Bill Hogaboam,1973,1980,C,332,80,109,189,-87,100,57,20,3,3,86,22,1,572,14,NA,NA,7.9,3,11
Dale Hoganson,1970,1982,D,343,13,77,90,-106,186,12,1,0,0,54,22,1,343,3.8,NA,NA,1.1,11,12.2
Linus Högberg,2022,2022,D,5,0,2,2,0,2,0,0,0,0,2,0,0,3,0,85,17:04:00,0.1,0.2,0.3
Jeff Hoggan,2006,2010,RW,107,2,9,11,-26,76,2,0,0,0,9,0,0,125,1.6,866,08:06:00,-1.2,0.2,-1.1
Nils Höglander,2021,2026,LW,330,60,60,120,11,135,58,2,0,8,57,3,0,517,11.6,4218,12:47:00,6.1,5.4,11.5
Jonas Höglund,1997,2003,LW,545,117,145,262,-4,112,90,25,2,21,100,44,1,1264,9.3,5811,14:34:00,17.5,7.7,25.2
Benoît Hogue,1988,2002,C,863,222,321,543,34,877,170,42,10,34,240,71,10,1482,15,3424,13:55:00,31.9,12.4,44.3
Miloš Holaň,1994,1996,D,49,5,11,16,-12,42,3,2,0,1,5,5,1,166,3,NA,NA,0.8,1.4,2.2
Terry Holbrook,1973,1974,RW,43,3,6,9,-7,4,2,1,0,1,6,0,0,37,8.1,NA,NA,-0.9,0.4,-0.5
Josh Holden,1999,2004,C,60,5,9,14,-10,16,4,1,0,0,9,0,0,70,7.1,632,10:32:00,0.3,0.3,0.6
Nick Holden,2011,2023,D,654,52,126,178,16,174,44,8,0,7,106,14,6,779,6.7,12618,19:18:00,8.9,27.7,36.6
Bobby Holík,1991,2009,C,1314,326,421,747,115,1423,251,74,1,58,311,108,2,3345,9.7,13814,16:31:00,47.8,24.3,72.1
Justin Holl,2018,2026,D,404,14,83,97,65,194,13,0,1,5,80,0,3,339,4.1,7379,18:16:00,1.9,18.7,20.6
Jason Holland,1997,2004,D,81,4,5,9,1,36,4,0,0,1,3,1,1,84,4.8,1297,16:51:00,-0.1,3.1,2.9
Jerry Holland,1975,1976,LW,37,8,4,12,-4,6,6,2,0,1,3,1,0,51,15.7,NA,NA,0,0.5,0.5
Patrick Holland,2014,2014,RW,5,0,0,0,0,0,0,0,0,0,0,0,0,2,0,38,07:38:00,-0.1,0,-0.1
Peter Holland,2012,2018,C,266,36,49,85,-38,112,26,9,1,5,39,8,2,410,8.8,3513,13:12:00,3.8,2.4,6.2
Flash Hollett,1934,1946,D,560,132,181,313,NA,358,116,14,2,20,140,35,6,NA,NA,NA,NA,33,45.1,78.1
Terry Hollinger,1994,1995,D,7,0,0,0,0,2,0,0,0,0,0,0,0,1,0,NA,NA,-0.1,0.2,0.1
Gord Hollingworth,1955,1958,D,163,4,14,18,NA,201,3,1,0,0,14,0,0,NA,NA,NA,NA,-0.9,8.2,7.3
Bruce Holloway,1985,1985,D,2,0,0,0,-1,0,0,0,0,0,0,0,0,0,NA,NA,NA,0,0,0
Bud Holloway,2016,2016,LW,1,0,0,0,0,0,0,0,0,0,0,0,0,1,0,7,07:19:00,0,0,0
Dylan Holloway,2023,2026,C,224,57,73,130,31,86,46,11,0,11,62,11,0,438,13,3276,14:38:00,9.1,4.8,13.9
Mac Hollowell,2023,2023,D,6,0,2,2,3,2,0,0,0,0,2,0,0,4,0,78,12:56:00,0.1,0.4,0.5
Ryan Hollweg,2006,2011,C,228,5,9,14,-34,349,5,0,0,0,9,0,0,166,3,1781,07:49:00,-3.2,0.8,-2.5
Philip Holm,2018,2018,D,1,0,0,0,-2,0,0,0,0,0,0,0,0,0,NA,15,15:12:00,0,-0.1,-0.1
Pontus Holmberg,2023,2026,RW,229,30,41,71,16,94,28,1,1,5,40,1,0,239,12.6,2806,12:15:00,2.1,3.4,5.5
Bill Holmes,1926,1930,C,52,6,4,10,NA,37,NA,NA,NA,0,NA,NA,NA,NA,NA,NA,NA,-1.1,0.7,-0.5
Chuck Holmes,1959,1962,RW,23,1,3,4,0,10,1,0,0,0,3,0,0,10,10,NA,NA,-0.6,0.3,-0.3
Lou Holmes,1932,1933,C/LW,59,2,4,6,NA,8,NA,NA,NA,0,NA,NA,NA,NA,NA,NA,NA,-2.4,1.2,-1.2
Warren Holmes,1982,1984,C,45,8,18,26,-10,7,6,2,0,0,13,5,0,75,10.7,NA,NA,0.6,0.3,0.9
Paul Holmgren,1976,1985,RW,527,144,179,323,106,1684,116,28,0,17,144,34,1,898,16,NA,NA,13.8,7.8,21.6
Michael Holmqvist,2004,2007,C,156,18,17,35,-25,72,15,3,0,1,15,1,1,204,8.8,2019,12:57:00,-0.4,1.3,0.9
Ben Holmstrom,2011,2012,C,7,0,0,0,-1,7,0,0,0,0,0,0,0,3,0,52,07:24:00,-0.1,0,-0.1
Simon Holmström,2023,2026,RW,279,60,60,120,7,38,49,3,8,13,46,7,7,307,19.5,4140,14:50:00,6.4,5.4,11.8
Tomas Holmström,1997,2012,LW,1026,243,287,530,28,769,121,122,0,39,180,107,0,1489,16.3,13042,13:19:00,41.8,15.1,57
John Holota,1943,1946,C,15,2,0,2,NA,0,2,0,0,0,0,0,0,NA,NA,NA,NA,-0.5,0.4,-0.1
Greg Holst,1976,1978,C,11,0,0,0,-6,0,0,0,0,0,0,0,0,9,0,NA,NA,-0.5,0,-0.5
Gary Holt,1974,1978,LW,102,13,11,24,-17,133,12,1,0,1,9,2,0,128,10.2,NA,NA,-1.2,1.5,0.2
Randy Holt,1975,1984,D,395,4,37,41,-74,1438,4,0,0,0,34,2,1,175,2.3,NA,NA,-4.9,17.2,12.3
Alexander Holtz,2022,2026,RW,191,26,29,55,-30,44,22,4,0,3,26,3,0,254,10.2,2195,11:30:00,1.9,1.5,3.4
Albert Holway,1924,1929,D,116,7,2,9,NA,52,NA,NA,NA,2,NA,NA,NA,NA,NA,NA,NA,-0.9,8.1,7.2
Korbinian Holzer,2011,2020,D,206,6,21,27,-13,139,6,0,0,1,20,0,1,144,4.2,3200,15:32:00,-0.3,6.2,5.8
Brian Holzinger,1995,2004,C,547,93,145,238,-62,339,65,21,7,15,105,34,6,805,11.6,6423,15:54:00,10.9,5.7,16.7
Jonas Holøs,2011,2011,D,39,0,6,6,-3,10,0,0,0,0,4,1,1,36,0,704,18:03:00,-0.2,1,0.9
Ron Homenuke,1973,1973,RW,1,0,0,0,-3,0,0,0,0,0,0,0,0,1,0,NA,NA,0,-0.1,-0.1
Julius Honka,2017,2019,D,87,2,11,13,-7,28,2,0,0,1,9,2,0,114,1.8,1214,13:57:00,0.1,2.2,2.3
Samuel Honzek,2025,2026,LW,23,2,2,4,0,4,2,0,0,0,2,0,0,28,7.1,284,12:21:00,-0.2,0.4,0.2
Ron Hoover,1990,1992,C,18,4,0,4,-2,31,4,0,0,1,0,0,0,20,20,NA,NA,0,0.2,0.1
Dean Hopkins,1980,1989,RW,223,23,51,74,-34,306,20,3,0,3,48,3,0,228,10.1,NA,NA,-2.1,1.8,-0.3
Larry Hopkins,1978,1983,LW,60,13,16,29,9,26,13,0,0,4,16,0,0,71,18.3,NA,NA,0.4,1.1,1.6
Tony Horacek,1990,1995,LW,154,10,19,29,2,316,10,0,0,2,19,0,0,106,9.4,NA,NA,-2.9,2.2,-0.8
Roman Horák,2012,2014,C,84,6,13,19,-3,16,6,0,0,1,12,0,1,83,7.2,941,11:12:00,0.2,1,1.2
Miloslav Hořava,1989,1991,D,80,5,17,22,10,38,4,1,0,1,9,8,0,84,6,NA,NA,0.4,5,5.4
Doug Horbul,1975,1975,LW,4,1,0,1,-3,2,1,0,0,0,0,0,0,5,20,NA,NA,0,0,0
Shawn Horcoff,2001,2016,C,1008,186,325,511,-27,624,130,49,7,28,222,94,9,1523,12.2,16975,16:50:00,26.4,17.9,44.3
Darcy Hordichuk,2001,2013,LW,542,20,21,41,-25,1140,20,0,0,3,20,1,0,246,8.1,3024,05:35:00,-2.2,2.2,0
Mike Hordy,1979,1980,D,11,0,0,0,-1,7,0,0,0,0,0,0,0,10,0,NA,NA,-0.2,0.5,0.3
Pete Horeck,1945,1952,LW,426,106,118,224,NA,340,87,18,1,10,94,22,2,NA,NA,NA,NA,11.5,5.8,17.3
George Horne,1926,1929,RW,54,9,3,12,NA,34,NA,NA,NA,2,NA,NA,NA,NA,NA,NA,NA,1.4,1.2,2.6
Red Horner,1929,1940,D,490,42,110,152,NA,1288,21,6,2,5,66,8,1,NA,NA,3,NA,13.7,37.6,51.2
Patric Hörnqvist,2009,2023,RW,901,264,279,543,74,466,169,95,0,44,205,74,0,2821,9.4,14155,15:43:00,47.1,17.8,64.9
Larry Hornung,1971,1972,D,47,2,9,11,-1,10,2,0,0,1,5,4,0,61,3.3,NA,NA,0.2,2.4,2.6
Nathan Horton,2004,2014,RW,627,203,218,421,54,567,147,51,5,24,174,44,0,1402,14.5,10822,17:16:00,36.5,13,49.5
Tim Horton,1950,1974,D,1445,115,403,518,191,1611,89,23,3,21,309,75,19,1978,4.2,NA,NA,33.7,97.9,131.7
Bo Horvat,2015,2026,C,881,300,318,618,-66,301,196,88,16,46,241,74,3,2240,13.4,16760,19:01:00,47,17.5,64.5
Bronco Horvath,1956,1968,C,434,141,185,326,-37,313,93,48,0,18,135,50,0,600,13.2,NA,NA,24.3,5.5,29.8
Ed Hospodar,1980,1988,D,450,17,51,68,-45,1314,16,0,1,1,47,3,1,324,5.2,NA,NA,-3.2,19.9,16.7
Marcel Hossa,2002,2008,LW,237,31,30,61,-6,106,23,8,0,3,26,3,1,344,9,2983,12:35:00,1,3.3,4.3
Marián Hossa,1998,2017,RW,1309,525,609,1134,245,628,348,143,34,85,366,231,12,4229,12.4,24443,18:40:00,110.5,33.6,144.2
Martin Hosták,1991,1992,C,55,3,11,14,0,24,2,1,0,0,11,0,0,72,4.2,NA,NA,-0.8,0.8,0
Greg Hotham,1980,1985,D,230,15,74,89,-48,139,10,5,0,0,41,33,0,297,5.1,NA,NA,2.7,8.9,11.6
Paul Houck,1986,1988,RW,16,1,2,3,-1,2,1,0,0,0,2,0,0,14,7.1,NA,NA,-0.3,0.2,-0.2
Doug Houda,1986,2003,D,561,19,63,82,-50,1104,17,1,1,1,59,3,1,366,5.2,42,08:29:00,-3.1,22.6,19.5
Claude Houde,1975,1976,D,59,3,6,9,-44,40,1,2,0,1,5,1,0,57,5.3,NA,NA,-0.3,1.7,1.5
Éric Houde,1997,1999,C,30,2,3,5,-4,4,2,0,0,2,3,0,0,9,22.2,118,06:57:00,-0.3,0.2,-0.1
Mike Hough,1987,1999,LW,707,100,156,256,-52,675,75,14,11,14,137,15,4,886,11.3,922,10:51:00,1.9,8.8,10.7
Bill Houlder,1988,2003,D,846,59,191,250,31,412,38,20,1,15,117,67,7,1059,5.6,10144,21:24:00,11.2,46.8,57.9
Réjean Houle,1970,1983,RW,634,161,247,408,179,395,132,27,2,22,192,51,4,1101,14.6,NA,NA,19.4,11.2,30.6
Phil Housley,1983,2003,D,1495,338,894,1232,-53,822,202,129,7,49,408,483,3,3808,8.9,8791,20:32:00,96.8,73.9,170.7
Ken Houston,1976,1984,RW,570,161,167,328,-5,624,133,28,0,14,146,20,1,1064,15.1,NA,NA,13.9,7,20.9
Mikulas Hovorka,2026,2026,D,3,0,0,0,-3,0,0,0,0,0,0,0,0,0,NA,41,13:30:00,-0.1,-0.1,-0.2
Isaac Howard,2026,2026,LW,29,2,3,5,-6,12,2,0,0,0,3,0,0,36,5.6,299,10:19:00,-0.1,0.1,0
Jack Howard,1937,1937,D,2,0,0,0,NA,0,0,0,0,0,0,0,0,NA,NA,NA,NA,0,0.1,0.1
Garry Howatt,1973,1984,LW,720,112,156,268,40,1836,109,3,0,14,151,5,0,815,13.7,NA,NA,-0.7,10.7,10
Brett Howden,2019,2026,C,488,74,89,163,-18,246,70,1,3,10,78,6,5,529,14,6628,13:35:00,4.9,6.7,11.5
Quinton Howden,2013,2017,C,97,10,7,17,-11,30,9,0,1,0,7,0,0,104,9.6,1053,10:51:00,0.2,0.6,0.8
Gordie Howe,1947,1980,RW,1767,801,1049,1850,160,1685,566,211,24,121,684,353,12,3803,10.1,NA,NA,186.6,30.5,217.1
Mark Howe,1980,1995,LW/D,929,197,545,742,400,455,111,58,28,23,318,204,23,2132,9.2,NA,NA,47.9,64,111.9
Marty Howe,1980,1985,D,197,2,29,31,7,99,2,0,0,0,26,2,1,178,1.1,NA,NA,-1.7,11.3,9.6
Syd Howe,1930,1946,C/LW,700,237,292,529,NA,214,183,27,5,27,227,41,0,NA,NA,NA,NA,44.2,11.5,55.7
Vic Howe,1951,1955,RW,33,3,4,7,NA,10,3,0,0,0,4,0,0,NA,NA,NA,NA,-0.4,0.3,-0.1
Harry Howell,1953,1973,D,1411,94,324,418,-152,1298,77,16,1,15,225,94,5,2167,3.2,NA,NA,21.9,65.7,87.6
Ron Howell,1955,1956,D/LW,3,0,0,0,NA,0,0,0,0,0,0,0,0,NA,NA,NA,NA,-0.1,0,-0.1
Don Howse,1980,1980,LW,33,2,5,7,-16,6,2,0,0,0,4,1,0,46,4.3,NA,NA,-0.7,-0.1,-0.7
Scott Howson,1985,1986,C,18,5,3,8,5,4,4,1,0,0,3,0,0,14,35.7,NA,NA,0.2,0.3,0.5
Dave Hoyda,1978,1981,LW,132,6,17,23,-7,299,6,0,0,0,17,0,0,56,10.7,NA,NA,-3.1,1.4,-1.7
Raman Hrabarenka,2015,2015,D,1,0,0,0,1,0,0,0,0,0,0,0,0,0,NA,12,11:55:00,0,0.1,0.1
Jan Hrdina,1999,2006,C,513,101,196,297,13,341,65,35,1,15,143,48,5,619,16.3,9098,17:44:00,16.2,9.9,26.1
Jiří Hrdina,1988,1992,C,250,45,85,130,34,92,37,7,1,6,64,21,0,373,12.1,NA,NA,3.5,3.3,6.8
Dave Hrechkosy,1974,1977,LW,140,42,24,66,-28,41,27,13,2,7,20,4,0,285,14.7,NA,NA,2.7,1.7,4.4
Marek Hrivík,2016,2018,LW,24,0,3,3,1,2,0,0,0,0,2,1,0,20,0,246,10:15:00,-0.4,0.3,-0.1
Tony Hrkac,1988,2003,C,758,132,239,371,-66,173,95,34,3,13,143,91,5,945,14,5241,13:56:00,16.6,9.1,25.7
Filip Hronek,2019,2026,D,532,48,239,287,-79,273,34,14,0,2,162,74,3,936,5.1,12267,23:03:00,17.8,23.3,41.1
Justin Hryckowian,2025,2026,F,85,13,16,29,1,43,11,2,0,1,14,2,0,84,15.5,1099,12:56:00,1,1.4,2.4
Jim Hrycuik,1975,1975,C,21,5,5,10,-12,12,4,1,0,0,2,2,1,29,17.2,NA,NA,0.3,0.1,0.4
Steve Hrymnak,1952,1952,D,18,2,1,3,NA,4,2,0,0,0,1,0,0,NA,NA,NA,NA,0.2,0.5,0.7
Tim Hrynewich,1983,1984,LW,55,6,8,14,-16,82,6,0,0,2,8,0,0,46,13,NA,NA,-0.7,0.5,-0.3
Bill Huard,1993,2000,LW,223,16,18,34,-16,594,16,0,0,0,18,0,0,127,12.6,210,06:11:00,-4,2.7,-1.3
Rolly Huard,1931,1931,C,1,1,0,1,NA,0,NA,NA,NA,0,NA,NA,NA,NA,NA,NA,NA,0.2,0,0.2
Petr Hubáček,2001,2001,C,6,1,0,1,-1,2,1,0,0,0,0,0,0,5,20,68,11:20:00,0,0,0
Willie Huber,1979,1988,D,655,104,217,321,-199,950,67,33,4,10,134,77,6,1587,6.6,NA,NA,17.5,24.4,41.9
Jonathan Huberdeau,2013,2026,LW,962,263,544,807,-8,501,191,65,7,37,352,189,3,2080,12.6,17366,18:03:00,61.9,18.8,80.7
Greg Hubick,1976,1980,D,77,6,9,15,-1,10,6,0,0,1,9,0,0,58,10.3,NA,NA,0.1,3.4,3.5
Fran Huck,1970,1973,C,94,24,30,54,4,38,20,4,0,3,24,6,0,135,17.8,NA,NA,2.6,1.6,4.1
Fred Hucul,1951,1968,D,162,11,30,41,-3,113,6,4,1,1,20,10,0,85,2.4,NA,NA,2.6,7.1,9.7
Charlie Huddy,1981,1997,D,1017,99,354,453,235,785,65,31,3,8,238,103,13,1810,5.5,NA,NA,19.6,49.6,69.2
Jiří Hudler,2004,2017,RW/C,708,164,264,428,40,243,129,35,0,20,180,84,0,1095,15,10394,14:41:00,35.2,12.5,47.7
Charles Hudon,2016,2023,LW,134,14,27,41,-29,58,11,3,0,2,20,6,1,275,5.1,1722,12:51:00,1,0.9,1.9
Dave Hudson,1973,1978,C,409,59,124,183,-103,89,49,10,0,3,96,25,3,558,10.6,NA,NA,2.3,5,7.3
Lex Hudson,1979,1979,D,2,0,0,0,0,0,0,0,0,0,0,0,0,1,0,NA,NA,0,0.1,0.1
Mike Hudson,1989,1997,C/LW,416,49,87,136,-36,414,45,2,2,8,79,6,2,430,11.4,NA,NA,-1.3,4.4,3.1
Ron Hudson,1938,1940,C,33,5,2,7,NA,2,5,0,0,0,2,0,0,NA,NA,NA,NA,-0.4,0.5,0.1
Kerry Huffman,1987,1996,D,401,37,108,145,-70,361,19,17,1,6,51,56,1,674,5.5,NA,NA,6.1,15.3,21.3
Al Huggins,1931,1931,LW,20,1,1,2,NA,0,NA,NA,NA,0,NA,NA,NA,NA,NA,NA,NA,-0.7,0.3,-0.3
Albert Hughes,1931,1932,C/LW,60,6,8,14,NA,22,NA,NA,NA,2,NA,NA,NA,NA,NA,NA,NA,-0.7,1.3,0.6
Brent Hughes,1968,1975,D,436,15,117,132,-125,440,13,2,0,0,74,39,4,592,2.5,NA,NA,4.3,18.5,22.8
Brent Hughes,1989,1997,LW,357,41,39,80,-11,831,39,1,1,3,39,0,0,386,10.6,NA,NA,-3.5,4.7,1.2
Cameron Hughes,2020,2026,C,5,1,0,1,0,0,1,0,0,0,0,0,0,5,20,48,09:35:00,0.1,0.1,0.1
Frank Hughes,1972,1972,LW,5,0,0,0,-2,0,0,0,0,0,0,0,0,1,0,NA,NA,-0.2,0,-0.2
Howie Hughes,1968,1970,RW,168,25,32,57,-7,30,18,6,1,5,26,5,1,298,8.4,NA,NA,0.1,2.4,2.5
Jack Hughes,1981,1982,D,46,2,5,7,-29,104,1,1,0,0,5,0,0,21,9.5,NA,NA,-0.3,1.5,1.2
Jack Hughes,2020,2026,C,429,168,260,428,-35,72,127,39,2,27,155,103,2,1498,11.2,8448,19:42:00,35.3,9,44.3
James Hughes,1930,1930,D,40,0,1,1,NA,60,NA,NA,NA,0,NA,NA,NA,NA,NA,NA,NA,-0.9,3.3,2.4
John Hughes,1980,1981,D,70,2,14,16,-6,211,2,0,0,0,14,0,0,58,3.4,NA,NA,-0.1,3.3,3.2
Luke Hughes,2023,2026,D,223,23,105,128,-38,76,17,6,0,4,57,48,0,408,5.6,4860,21:48:00,9,9.1,18
Pat Hughes,1978,1987,RW,573,130,128,258,-24,646,104,15,11,13,113,8,7,960,13.5,NA,NA,4.9,4.4,9.3
Quinn Hughes,2019,2026,D,507,66,419,485,27,207,50,16,0,9,220,196,3,1112,5.9,12603,24:51:00,38.4,29,67.4
Ryan Hughes,1996,1996,C,3,0,0,0,0,0,0,0,0,0,0,0,0,2,0,NA,NA,-0.1,0,-0.1
Joe Hulbig,1997,2001,LW,55,4,4,8,-12,16,4,0,0,1,3,1,0,29,13.8,367,07:30:00,-0.3,0.1,-0.2
Bobby Hull,1958,1980,LW,1063,610,560,1170,249,634,437,154,19,98,380,170,10,4577,12.7,NA,NA,116,20.3,136.3
Brett Hull,1987,2006,RW,1269,741,650,1391,23,458,456,265,20,110,371,271,8,4876,15.2,9648,18:04:00,134.3,20.3,154.6
Dennis Hull,1965,1978,LW,959,303,351,654,22,259,245,51,7,44,261,87,3,2602,11.6,NA,NA,41.3,14.5,55.7
Jody Hull,1989,2004,RW,831,124,137,261,-10,156,101,15,8,25,115,14,8,1017,12.2,3658,12:00:00,3.4,11.8,15.2
Cale Hulse,1996,2006,D,619,16,79,95,-65,1000,12,2,2,2,70,8,1,702,2.3,10049,18:26:00,-0.5,21.8,21.3
Ivan Huml,2002,2004,LW,49,6,12,18,2,36,6,0,0,2,8,4,0,88,6.8,604,12:19:00,0.9,0.6,1.5
Brad Hunt,2014,2023,D,288,26,60,86,-32,52,15,11,0,2,36,24,0,435,6,4231,14:41:00,6.2,6.5,12.7
Daemon Hunt,2024,2026,D,45,0,7,7,-4,6,0,0,0,0,7,0,0,28,0,544,12:05:00,0,0.9,0.9
Dryden Hunt,2018,2026,LW,238,18,36,54,-34,123,18,0,0,3,36,0,0,296,6.1,2620,11:01:00,-0.2,1.9,1.7
Fred Hunt,1941,1945,RW,59,15,14,29,NA,6,15,0,0,0,12,2,0,NA,NA,NA,NA,0.8,0.4,1.2
Jamie Hunt,2007,2007,D,1,0,0,0,-1,0,0,0,0,0,0,0,0,0,NA,6,06:01:00,0,-0.1,-0.1
Dale Hunter,1981,1999,C,1407,323,697,1020,101,3565,221,92,10,42,527,153,17,2047,15.8,1519,10:33:00,47.3,21.1,68.4
Dave Hunter,1980,1989,LW,746,133,190,323,112,918,122,2,9,15,175,4,11,1103,12.1,NA,NA,3,8.3,11.3
Mark Hunter,1982,1993,RW,628,213,171,384,-16,1426,140,71,2,19,118,53,0,1133,18.8,NA,NA,18.7,7.5,26.3
Tim Hunter,1982,1997,RW,815,62,76,138,-5,3146,58,3,1,8,73,3,0,608,10.2,NA,NA,-15.4,10.2,-5.1
Trent Hunter,2003,2012,RW,497,101,135,236,-5,209,76,24,1,17,99,32,4,1211,8.3,7916,15:56:00,13.4,8.5,21.9
Matt Hunwick,2008,2019,D,535,25,94,119,-19,207,22,1,2,5,78,16,0,603,4.1,9767,18:15:00,3.8,18.8,22.6
Larry Huras,1977,1977,D,2,0,0,0,-1,0,0,0,0,0,0,0,0,0,NA,NA,NA,0,0,0
Bob Hurlburt,1975,1975,LW,1,0,0,0,0,2,0,0,0,0,0,0,0,0,NA,NA,NA,0,0,0
Mike Hurlbut,1993,2000,D,29,1,8,9,5,20,0,1,0,0,5,3,0,33,3,66,13:07:00,0.2,1.6,1.8
Paul Hurley,1969,1969,D,1,0,1,1,1,0,0,0,0,0,1,0,0,5,0,NA,NA,0.1,0.1,0.2
Ron Hurst,1956,1957,RW,64,9,7,16,NA,70,6,3,0,1,4,3,0,NA,NA,NA,NA,-0.2,0.9,0.7
Jamie Huscroft,1989,2000,D,352,5,33,38,-8,1065,5,0,0,1,33,0,0,228,2.2,427,09:42:00,-2.9,16.7,13.9
Kristian Huselius,2002,2012,LW,662,190,261,451,-16,256,128,58,4,31,148,109,4,1533,12.4,11231,16:58:00,36.5,11.8,48.3
Ryan Huska,1998,1998,LW,1,0,0,0,0,0,0,0,0,0,0,0,0,0,NA,6,05:51:00,0,0,0
Kent Huskins,2007,2013,D,318,13,55,68,46,173,12,1,0,2,52,3,0,187,7,5256,16:32:00,2.6,15.4,18
Matt Hussey,2004,2007,C,21,2,2,4,-6,2,0,2,0,0,2,0,0,31,6.5,203,09:39:00,0.1,0,0
Ron Huston,1974,1975,C,79,15,31,46,-27,8,15,0,0,3,23,8,0,139,10.8,NA,NA,1.6,0.7,2.3
Andrew Hutchinson,2004,2011,D,140,12,27,39,-13,70,6,6,0,1,12,15,0,162,7.4,1826,13:03:00,3.2,2.7,5.9
Ron Hutchinson,1961,1961,C,9,0,0,0,-2,0,0,0,0,0,0,0,0,13,0,NA,NA,-0.4,0.1,-0.3
Dave Hutchison,1975,1984,D,584,19,97,116,64,1550,17,1,1,3,94,2,1,655,2.9,NA,NA,-1.8,35.5,33.7
Cole Hutson,2026,2026,D,14,3,7,10,-3,8,2,1,0,0,2,5,0,22,13.6,244,17:27:00,1,0.3,1.2
Lane Hutson,2024,2026,D,166,18,128,146,32,68,15,3,0,3,85,43,0,218,8.3,3859,23:15:00,11.4,10.4,21.8
Quinn Hutson,2025,2026,F,6,1,0,1,-1,2,1,0,0,1,0,0,0,4,25,59,09:48:00,0,0,0.1
Ben Hutton,2016,2026,D,575,30,109,139,-61,210,27,3,0,4,80,27,2,898,3.3,10507,18:16:00,4.5,20,24.5
Bill Hutton,1930,1931,D/RW,64,3,1,4,NA,6,NA,NA,NA,0,NA,NA,NA,NA,NA,NA,NA,-2.7,1,-1.7
Grant Hutton,2022,2025,D,31,1,2,3,1,8,1,0,0,0,2,0,0,32,3.1,420,13:32:00,-0.1,1.1,0.9
Tomáš Hyka,2018,2019,RW,27,2,5,7,0,2,2,0,0,0,2,3,0,37,5.4,321,11:52:00,0,0.4,0.4
Harry Hyland,1918,1918,RW,17,14,2,16,NA,65,NA,NA,NA,2,NA,NA,NA,NA,NA,NA,NA,1.2,0.4,1.6
Zach Hyman,2016,2026,LW,710,261,233,494,133,384,196,57,8,37,193,36,4,1853,14.1,13227,18:38:00,38.1,17.9,56
Dave Hynes,1974,1975,LW,22,4,0,4,3,2,4,0,0,0,0,0,0,16,25,NA,NA,-0.3,0.3,0
Gord Hynes,1992,1993,D,52,3,9,12,5,22,3,0,0,0,8,1,0,55,5.5,NA,NA,0.1,2.6,2.6
Arttu Hyry,2025,2026,F,25,3,3,6,1,2,2,0,1,0,3,0,0,29,10.3,281,11:14:00,0.1,0.4,0.5
Hannes Hyvönen,2002,2003,RW,42,4,5,9,-13,22,4,0,0,0,4,1,0,52,7.7,395,09:25:00,0.4,-0.1,0.2
Alex Iafallo,2018,2026,C,663,124,167,291,42,115,91,32,1,22,137,27,3,1228,10.1,10931,16:29:00,10.9,15.3,26.1
Al Iafrate,1985,1998,D,799,152,311,463,-72,1301,98,46,8,22,185,118,8,1718,8.8,363,17:16:00,31,33.4,64.3
Mike Iggulden,2008,2009,RW,12,1,4,5,-4,4,1,0,0,0,4,0,0,17,5.9,140,11:40:00,0.2,0,0.2
Jarome Iginla,1997,2017,RW,1554,625,675,1300,30,1040,415,197,13,101,435,231,9,4759,13.1,28774,19:33:00,122.9,35,157.9
Viktors Ignatjevs,1999,1999,D,11,0,1,1,-3,6,0,0,0,0,0,1,0,15,0,135,12:14:00,0,0,0
Miroslav Ihnačák,1986,1989,LW,56,8,9,17,-4,39,7,1,0,0,9,0,0,91,8.8,NA,NA,-0.3,0.6,0.3
Peter Ihnačák,1983,1990,C,417,102,165,267,-41,175,74,28,0,5,130,34,1,658,15.5,NA,NA,10.7,4.6,15.3
Bokondji Imama,2022,2026,LW,33,2,0,2,-1,52,2,0,0,1,0,0,0,16,12.5,195,05:54:00,-0.2,0.2,0
Brent Imlach,1966,1967,F,3,0,0,0,0,0,0,0,0,0,0,0,0,1,0,NA,NA,-0.1,0,-0.1
Jarkko Immonen,2006,2007,C,20,3,5,8,-3,4,2,1,0,1,3,2,0,22,13.6,207,10:20:00,0.5,0.1,0.6
Earl Ingarfield,1959,1971,C,746,179,226,405,-161,225,141,33,5,22,183,41,2,1495,11.9,NA,NA,20.2,8.8,29
Earl Ingarfield,1980,1981,C,39,4,4,8,2,22,4,0,0,0,4,0,0,44,9.1,NA,NA,-0.7,0.6,-0.1
Billy Inglis,1968,1971,C,36,1,3,4,-12,4,1,0,0,0,2,1,0,44,2.3,NA,NA,-1.1,0.2,-1
Jack Ingoldsby,1943,1944,RW/D,29,5,1,6,NA,15,5,0,0,1,1,0,0,NA,NA,NA,NA,-0.2,2.1,1.9
Frank Ingram,1930,1932,RW,99,24,16,40,NA,69,NA,NA,NA,6,NA,NA,NA,NA,NA,NA,NA,2.6,2.2,4.9
John Ingram,1925,1925,C,1,0,0,0,NA,0,NA,NA,NA,0,NA,NA,NA,NA,NA,NA,NA,-0.1,0,-0.1
Ron Ingram,1957,1965,D,114,5,15,20,-20,81,5,0,0,0,13,2,0,84,4.8,NA,NA,0.3,5,5.3
Jere Innala,2025,2025,F,17,0,0,0,-3,2,0,0,0,0,0,0,0,8,0,122,07:09:00,-0.3,0,-0.3
Ralph Intranuovo,1995,1997,C,22,2,4,6,-3,4,2,0,0,1,3,1,0,26,7.7,NA,NA,-0.1,0.2,0.1
Vincent Iorio,2023,2026,D,36,0,4,4,-3,12,0,0,0,0,4,0,0,24,0,527,14:38:00,-0.3,1,0.7
Danny Irmen,2010,2010,C,2,0,0,0,-1,0,0,0,0,0,0,0,0,0,NA,9,04:38:00,0,0,-0.1
Dick Irvin,1927,1929,C,95,29,23,52,NA,84,NA,NA,NA,2,NA,NA,NA,NA,NA,NA,NA,10.4,0.8,11.2
Ted Irvine,1964,1977,LW,724,154,177,331,-64,657,135,18,1,26,160,16,1,1441,10.7,NA,NA,11.1,7.7,18.8
Brayden Irwin,2010,2010,RW,2,0,0,0,0,2,0,0,0,0,0,0,0,3,0,20,10:06:00,-0.1,0,0
Ivan Irwin,1953,1958,D,155,2,27,29,NA,214,2,0,0,1,27,0,0,NA,NA,NA,NA,0.3,6.9,7.2
Matt Irwin,2013,2023,D,461,25,68,93,-9,211,19,6,0,2,58,9,2,725,3.4,7118,15:26:00,4,14.8,18.8
Ulf Isaksson,1983,1983,LW,50,7,15,22,1,10,7,0,0,1,12,3,0,71,9.9,NA,NA,0.1,0.7,0.8
Brad Isbister,1998,2008,LW,541,106,116,222,-43,615,79,26,1,16,95,21,0,987,10.7,7724,14:17:00,13,6.3,19.4
Ruslan Iskhakov,2024,2024,C,1,0,1,1,0,0,0,0,0,0,0,1,0,2,0,14,14:11:00,0.1,0,0.1
Kim Issel,1989,1989,RW,4,0,0,0,-1,0,0,0,0,0,0,0,0,1,0,NA,NA,-0.2,0,-0.1
Ivan Ivan,2025,2026,F,49,5,4,9,-8,10,3,2,0,0,3,1,0,38,13.2,469,09:34:00,0.1,0.2,0.3
Raitis Ivanāns,2006,2012,LW,282,12,6,18,-41,569,12,0,0,2,6,0,0,128,9.4,1823,06:28:00,-2.1,0.5,-1.6
Juha Jaaska,2025,2025,F,18,0,4,4,0,9,0,0,0,0,3,0,1,11,0,161,08:56:00,0,0.2,0.1
Greg Jacina,2006,2007,LW,14,0,1,1,-2,6,0,0,0,0,1,0,0,12,0,85,06:04:00,-0.1,0,-0.1
Barret Jackman,2002,2016,D,876,29,157,186,54,1102,24,3,2,6,145,5,7,881,3.3,17375,19:50:00,2.6,44.3,46.9
Ric Jackman,2000,2007,D,231,19,58,77,-54,166,7,12,0,4,28,28,2,312,6.1,3597,15:34:00,5.9,2.9,8.8
Tim Jackman,2004,2016,RW,483,32,43,75,-66,806,30,1,1,2,40,3,0,589,5.4,4386,09:05:00,-0.7,2.2,1.4
Art Jackson,1935,1945,C,470,123,179,302,NA,144,103,14,6,14,163,15,1,NA,NA,NA,NA,16,8.5,24.5
Busher Jackson,1930,1944,LW,634,241,234,475,NA,450,131,25,0,38,145,23,5,NA,NA,NA,NA,50.6,10.8,61.4
Dane Jackson,1994,1998,RW,45,12,6,18,7,58,12,0,0,2,5,1,0,49,24.5,71,08:51:00,0.9,0.8,1.7
Don Jackson,1978,1987,D,315,16,52,68,78,640,14,0,2,3,48,1,3,252,6.3,NA,NA,-0.5,13.4,12.9
Harold Jackson,1937,1947,D,219,17,35,52,NA,208,15,1,1,4,35,0,0,NA,NA,NA,NA,1,16.2,17.2
Jack Jackson,1947,1947,D,48,2,5,7,NA,38,2,0,0,0,4,1,0,NA,NA,NA,NA,-0.1,0.8,0.7
Jeff Jackson,1985,1992,LW,263,38,48,86,-41,313,32,2,4,6,46,0,2,296,12.8,NA,NA,-1,2.9,1.9
Jim Jackson,1983,1988,LW,112,17,30,47,10,20,13,2,2,3,26,1,3,172,9.9,NA,NA,0.2,1.6,1.8
Lloyd Jackson,1937,1937,C,11,1,2,3,NA,0,1,0,0,1,1,1,0,NA,NA,NA,NA,-0.2,0.1,-0.1
Scott Jackson,2010,2010,D,1,0,0,0,0,0,0,0,0,0,0,0,0,0,NA,14,13:44:00,0,0,0
Stan Jackson,1922,1927,LW,86,9,9,18,NA,84,NA,NA,NA,1,NA,NA,NA,NA,NA,NA,NA,-2.2,1.1,-1.1
Walter Jackson,1933,1936,LW,84,16,11,27,NA,18,4,2,0,3,8,1,0,NA,NA,NA,NA,1.3,1.2,2.5
Joshua Jacobs,2019,2020,D,3,0,0,0,0,2,0,0,0,0,0,0,0,4,0,48,16:02:00,-0.1,0.1,0.1
Paul Jacobs,1919,1919,D,1,0,0,0,NA,0,NA,NA,NA,0,NA,NA,NA,NA,NA,NA,NA,0,0.1,0
Tim Jacobs,1976,1976,D,46,0,10,10,-3,35,0,0,0,0,7,3,0,46,0,NA,NA,-0.1,2.9,2.8
Jean-François Jacques,2006,2012,LW,166,9,8,17,-36,197,9,0,0,0,8,0,0,120,7.5,1396,08:25:00,-1.2,0.2,-1
Jason Jaffray,2008,2012,LW,49,4,7,11,0,40,3,1,0,3,7,0,0,40,10,471,09:36:00,0.3,0.5,0.8
Jaromír Jágr,1991,2018,RW,1733,766,1155,1921,322,1167,538,217,11,135,758,393,4,5637,13.6,24972,20:19:00,174.9,42.2,217.1
John Jakopin,1998,2003,D,113,1,6,7,-8,145,1,0,0,0,6,0,0,31,3.2,1294,11:27:00,-0.5,2.2,1.7
Risto Jalo,1986,1986,C,3,0,3,3,2,0,0,0,0,0,3,0,0,3,0,NA,NA,0.1,0.1,0.1
Kari Jalonen,1983,1984,C,37,9,6,15,5,4,9,0,0,1,6,0,0,36,25,NA,NA,0.3,0.6,0.9
Connor James,2006,2009,RW,16,1,0,1,-3,2,0,1,0,0,0,0,0,10,10,119,07:28:00,-0.1,0,-0.1
Dominic James,2026,2026,C,43,7,8,15,4,8,7,0,0,0,8,0,0,56,12.5,526,12:14:00,0.7,0.7,1.3
Gerry James,1955,1960,RW,149,14,26,40,11,251,14,0,0,1,21,4,1,33,12.1,NA,NA,-1.3,2.2,0.9
Val James,1982,1987,LW,11,0,0,0,-1,30,0,0,0,0,0,0,0,5,0,NA,NA,-0.4,0.1,-0.3
Jim Jamieson,1944,1944,D,1,0,1,1,NA,0,0,0,0,0,1,0,0,NA,NA,NA,NA,0,0,0.1
Dan Jancevski,2006,2009,D,9,0,0,0,0,2,0,0,0,0,0,0,0,7,0,88,09:45:00,-0.1,0.2,0.1
Doug Janik,2003,2012,D,190,3,16,19,-19,154,3,0,0,0,16,0,0,96,3.1,2287,12:02:00,-0.3,3.4,3.1
Lou Jankowski,1951,1955,C/RW,131,19,18,37,NA,15,14,5,0,1,15,2,1,NA,NA,NA,NA,0.6,1,1.5
Mark Jankowski,2017,2026,C,482,79,66,145,14,144,66,2,11,13,59,4,3,538,14.7,5878,12:12:00,6,7.3,13.3
Mattias Janmark,2016,2026,C,680,83,138,221,-24,227,64,9,10,9,120,10,8,840,9.9,9849,14:29:00,3.7,10.3,14
Craig Janney,1988,1999,C,760,188,563,751,-13,170,121,66,1,32,335,228,0,1057,17.8,1848,14:54:00,48.6,9.7,58.4
Cam Janssen,2006,2014,RW,336,6,8,14,-26,774,6,0,0,0,8,0,0,105,5.7,1610,04:47:00,-2.5,1.1,-1.4
Mark Janssens,1988,2001,C,711,40,73,113,-137,1422,40,0,0,3,70,3,0,470,8.5,1049,08:28:00,-12.5,4.6,-7.9
Ludvig Jansson,2026,2026,D,3,0,0,0,0,0,0,0,0,0,0,0,0,3,0,51,16:59:00,-0.1,0.1,0.1
Marko Jantunen,1997,1997,C,3,0,0,0,-1,0,0,0,0,0,0,0,0,7,0,NA,NA,-0.1,0,-0.1
Ryan Jardine,2002,2002,LW,8,0,2,2,0,2,0,0,0,0,2,0,0,6,0,71,08:55:00,0,0.1,0.1
Calle Järnkrok,2014,2026,C,774,143,173,316,56,163,116,17,10,19,139,28,6,1158,12.3,11659,15:04:00,15.2,14.9,30.1
Christián Jaroš,2018,2022,D,94,1,13,14,-24,37,1,0,0,0,10,2,1,82,1.2,1228,13:04:00,0,0.8,0.8
Cole Jarrett,2006,2006,W,1,0,0,0,1,0,0,0,0,0,0,0,0,1,0,14,13:48:00,0,0.1,0.1
Doug Jarrett,1965,1977,D,775,38,182,220,136,631,29,7,2,10,167,9,6,1174,3.2,NA,NA,7.7,50.2,57.9
Gary Jarrett,1961,1972,LW,341,72,92,164,-62,131,62,10,0,9,72,20,0,880,8.2,NA,NA,6.9,3.7,10.7
Pierre Jarry,1972,1978,LW,344,88,117,205,-50,142,76,12,0,6,85,32,0,794,11.1,NA,NA,9.8,4,13.8
Hannu Järvenpää,1987,1989,RW,114,11,26,37,-18,81,9,2,0,0,23,3,0,115,9.6,NA,NA,-0.9,1.1,0.2
Martti Järventie,2002,2002,D,1,0,0,0,2,0,0,0,0,0,0,0,0,0,NA,13,12:57:00,0,0.2,0.2
Roby Jarventie,2024,2026,LW,10,0,1,1,-6,4,0,0,0,0,1,0,0,7,0,77,07:40:00,-0.1,-0.1,-0.2
Iiro Järvi,1989,1990,RW,116,18,43,61,-24,58,16,2,0,2,34,8,1,161,11.2,NA,NA,1.2,1.2,2.4
Doug Jarvis,1976,1988,C,964,139,264,403,125,263,119,4,16,16,228,19,17,1291,10.8,NA,NA,1.6,14.2,15.9
James Jarvis,1930,1937,LW,112,17,15,32,NA,64,1,0,0,0,0,0,0,NA,NA,NA,NA,0,0.5,0.4
Seth Jarvis,2022,2026,C/RW,375,128,151,279,62,83,89,27,12,22,102,44,5,901,14.2,6544,17:27:00,21.7,10.2,31.9
Wes Jarvis,1980,1988,C,237,31,55,86,-24,98,28,1,2,0,51,2,2,204,15.2,NA,NA,-1.1,2.8,1.7
Dmitrij Jaškin,2013,2022,RW,315,27,43,70,6,92,24,3,0,5,42,1,0,470,5.7,3790,12:02:00,-0.1,4.7,4.6
Jason Jaspers,2002,2004,C,9,0,1,1,-3,6,0,0,0,0,1,0,0,4,0,81,09:01:00,-0.1,0,-0.2
Arto Javanainen,1985,1985,RW,14,4,1,5,2,2,4,0,0,0,1,0,0,20,20,NA,NA,0.1,0.3,0.4
Bob Jay,1994,1994,D,3,0,1,1,-2,0,0,0,0,0,1,0,0,2,0,NA,NA,0,0,0
Tanner Jeannot,2021,2026,F,371,55,60,115,-13,469,50,3,2,8,55,3,2,447,12.3,4933,13:18:00,2.7,5.2,7.9
Dustin Jeffrey,2009,2016,C,131,18,15,33,4,12,16,1,1,1,15,0,0,151,11.9,1480,11:18:00,1.5,1.6,3.1
Larry Jeffrey,1962,1969,LW,368,39,62,101,-40,293,35,3,1,7,50,8,4,488,8,NA,NA,-3.7,5.1,1.4
Tomáš Jelínek,1993,1993,RW,49,7,6,13,-21,52,7,0,0,0,3,3,0,60,11.7,NA,NA,-0.4,0.3,0
Jan Jeník,2021,2025,RW,24,4,2,6,-5,20,4,0,0,1,2,0,0,27,14.8,232,09:40:00,0.3,0.1,0.4
Dean Jenkins,1984,1984,RW,5,0,0,0,-1,2,0,0,0,0,0,0,0,3,0,NA,NA,-0.2,0,-0.2
Roger Jenkins,1931,1939,RW/D,324,15,41,56,NA,251,9,2,1,3,28,1,0,0,NA,30,NA,-5.7,8.4,2.4
Boone Jenner,2014,2026,C,808,212,209,421,-61,458,161,44,7,31,178,29,2,1992,10.6,14089,17:26:00,26.3,13.7,40
Bill Jennings,1941,1945,RW,108,32,34,66,NA,45,28,4,0,5,28,6,0,NA,NA,NA,NA,2.3,2,4.3
Grant Jennings,1989,1996,D,389,14,43,57,-6,804,11,0,3,3,42,0,1,264,5.3,NA,NA,-2.6,17.7,15.1
Chris Jensen,1986,1992,RW,73,9,12,21,-8,27,8,0,1,3,11,1,0,123,7.3,NA,NA,-0.6,0.7,0.1
David Jensen,1984,1986,D,18,0,2,2,-5,11,0,0,0,0,2,0,0,9,0,NA,NA,-0.2,0.6,0.4
David Jensen,1985,1988,C,69,9,13,22,-10,22,7,2,0,0,11,2,0,65,13.8,NA,NA,-0.4,0.7,0.3
Joe Jensen,2008,2008,C,6,1,0,1,1,2,1,0,0,1,0,0,0,6,16.7,39,06:30:00,0.1,0.1,0.2
Nick Jensen,2017,2026,D,694,26,146,172,33,164,26,0,0,1,141,2,3,762,3.4,12966,18:41:00,3.9,30.5,34.4
Nicklas Jensen,2013,2017,LW,31,3,3,6,-5,10,3,0,0,1,2,1,0,45,6.7,406,13:06:00,-0.1,0.3,0.2
Steve Jensen,1976,1982,LW,438,113,107,220,-125,318,89,19,5,14,90,14,3,799,14.1,NA,NA,7.6,2.8,10.5
Jakub Jeřábek,2018,2019,D,37,2,6,8,-5,8,2,0,0,0,6,0,0,34,5.9,595,16:06:00,0.3,0.9,1.2
Ed Jeremiah,1932,1932,RW/D,15,0,1,1,NA,0,NA,NA,NA,0,NA,NA,NA,NA,NA,NA,NA,-0.2,0.8,0.6
Paul Jerrard,1989,1989,D,5,0,0,0,1,4,0,0,0,0,0,0,0,8,0,NA,NA,-0.2,0.1,-0.1
Frank Jerwa,1932,1935,LW/D,81,11,16,27,NA,51,4,0,0,0,7,0,0,NA,NA,NA,NA,0.7,1.6,2.3
Joe Jerwa,1931,1939,D,234,29,58,87,NA,311,23,1,1,5,50,0,1,NA,NA,NA,NA,9.9,14,23.9
Hugh Jessiman,2011,2011,RW,2,0,0,0,-1,5,0,0,0,0,0,0,0,2,0,15,07:21:00,0,0,-0.1
Jeff Jillson,2002,2006,D,140,9,32,41,-9,96,5,4,0,3,12,20,0,185,4.9,2239,15:59:00,3.1,3.6,6.7
David Jiříček,2023,2026,D,85,2,11,13,-8,46,2,0,0,1,11,0,0,68,2.9,1158,13:37:00,0,1.8,1.8
Jaroslav Jirik,1970,1970,LW,3,0,0,0,1,0,0,0,0,0,0,0,0,4,0,NA,NA,-0.1,0.1,-0.1
Rosario Joanette,1945,1945,C,2,0,1,1,NA,4,0,0,0,0,1,0,0,NA,NA,NA,NA,0,0.1,0
Rick Jodzio,1978,1978,LW,70,2,8,10,-14,71,2,0,0,1,8,0,0,48,4.2,NA,NA,-1.9,0.7,-1.2
Jesse Joensuu,2009,2015,LW,129,13,11,24,-25,77,11,1,1,3,10,1,0,137,9.5,1369,10:37:00,0.2,0.5,0.7
Glenn Johannesen,1986,1986,LW,2,0,0,0,-1,0,0,0,0,0,0,0,0,2,0,NA,NA,0,0,0
John Johannson,1984,1984,C,5,0,0,0,-2,0,0,0,0,0,0,0,0,4,0,NA,NA,-0.2,0,-0.2
Bill Johansen,1950,1950,C/RW,1,0,0,0,NA,0,0,0,0,0,0,0,0,NA,NA,NA,NA,0,0,0
Lucas Johansen,2022,2024,D,9,0,2,2,2,4,0,0,0,0,2,0,0,7,0,123,13:41:00,0,0.5,0.5
Ryan Johansen,2012,2024,C,905,202,376,578,-11,546,145,52,5,37,241,131,4,1676,12.1,15531,17:10:00,39.6,16.4,56
Trevor Johansen,1978,1982,D,286,11,46,57,-73,282,10,1,0,0,45,0,1,256,4.3,NA,NA,-0.8,12.2,11.3
Albert Johansson,2025,2026,D,142,6,14,20,-27,46,5,0,1,3,13,0,1,109,5.5,2290,16:08:00,-0.2,3.7,3.4
Andreas Johansson,1996,2004,C,377,81,88,169,-8,190,54,25,2,8,55,30,3,656,12.3,4912,14:48:00,10.9,5.4,16.2
Björn Johansson,1977,1978,D,15,1,1,2,-13,10,1,0,0,0,1,0,0,9,11.1,NA,NA,-0.1,0.1,0
Calle Johansson,1988,2004,D,1109,119,416,535,57,519,62,53,4,17,206,200,10,1922,6.2,9308,23:20:00,32.7,62.4,95.1
Jonas Johansson,2006,2006,RW,1,0,0,0,0,2,0,0,0,0,0,0,0,0,NA,4,04:14:00,0,0,0
Magnus Johansson,2008,2008,D,45,0,14,14,-5,18,0,0,0,0,11,3,0,37,0,709,15:45:00,0.7,1,1.7
Marcus Johansson,2011,2026,C/W,1058,200,366,566,-54,166,151,45,4,39,252,112,2,1615,12.4,17300,16:21:00,32.5,17.9,50.4
Mathias Johansson,2003,2003,C,58,5,10,15,-14,16,3,2,0,0,8,2,0,70,7.1,787,13:34:00,-0.1,0.4,0.4
Roger Johansson,1990,1995,D,161,9,34,43,32,163,8,1,0,0,29,4,1,175,5.1,NA,NA,0.6,9.3,10
Don Johns,1961,1968,D,153,2,21,23,-16,74,1,0,1,0,21,0,0,114,1.8,NA,NA,-0.4,5.6,5.1
Stephen Johns,2016,2020,D,167,15,18,33,-6,93,15,0,0,3,16,1,1,255,5.9,2979,17:50:00,1.4,5.5,6.9
Aaron Johnson,2004,2013,D,291,17,45,62,1,227,14,3,0,3,40,5,0,263,6.5,4249,14:36:00,3.5,9.7,13.3
Adam Johnson,2019,2020,C,13,1,3,4,1,2,1,0,0,0,3,0,0,8,12.5,79,06:03:00,0.3,0.1,0.4
Allan Johnson,1957,1963,RW/C,105,21,28,49,-19,28,20,1,0,1,26,2,0,212,9.9,NA,NA,1.7,1.4,3.1
Brian Johnson,1984,1984,RW,3,0,0,0,-3,5,0,0,0,0,0,0,0,4,0,NA,NA,-0.1,0,-0.2
Ching Johnson,1927,1938,D,436,38,48,86,NA,836,7,1,1,10,8,2,2,NA,NA,NA,NA,8.6,34.3,42.9
Craig Johnson,1995,2004,LW,557,75,98,173,-33,260,56,18,1,8,91,6,1,773,9.7,6107,13:32:00,4.5,6.7,11.2
Danny Johnson,1970,1972,C,120,18,19,37,-20,24,17,1,0,3,19,0,0,114,15.8,NA,NA,-0.3,1,0.7
Earl Johnson,1954,1954,LW,1,0,0,0,NA,0,0,0,0,0,0,0,0,NA,NA,NA,NA,0,0,0
Erik Johnson,2008,2025,D,1023,95,253,348,-10,555,69,22,4,20,177,69,7,1964,4.8,21116,20:38:00,21.8,42.6,64.4
Greg Johnson,1994,2006,C,785,145,224,369,-72,345,111,22,12,19,171,43,10,1090,13.3,9191,18:19:00,15.1,11.6,26.7
Jack Johnson,2007,2025,D,1228,77,265,342,-127,639,47,29,1,11,166,92,7,1679,4.6,25681,20:55:00,14.2,44.5,58.7
Jim Johnson,1965,1972,C,302,75,111,186,-41,73,55,13,7,9,92,15,4,594,12.6,NA,NA,10.6,4,14.5
Jim Johnson,1986,1998,D,829,29,166,195,14,1197,26,3,0,2,133,27,6,840,3.5,247,15:26:00,0.3,42.2,42.5
Justin Johnson,2014,2014,RW,2,0,0,0,-1,7,0,0,0,0,0,0,0,0,NA,13,06:29:00,0,0,-0.1
Kent Johnson,2022,2026,C,274,53,85,138,-25,62,42,10,1,8,62,21,2,430,12.3,4010,14:38:00,7.6,3.5,11.2
Luke Johnson,2019,2021,C,32,1,1,2,-16,13,1,0,0,0,0,1,0,31,3.2,338,10:34:00,-0.6,-0.3,-1
Mark Johnson,1980,1990,C,669,203,305,508,-116,269,132,60,11,19,184,119,2,1404,14.5,NA,NA,24.2,6.3,30.5
Matt Johnson,1995,2004,LW,473,23,20,43,-51,1523,23,0,0,3,20,0,0,200,11.5,2886,07:07:00,-4.9,2.9,-2
Mike Johnson,1997,2008,RW,661,129,246,375,34,315,81,37,11,13,188,54,4,1140,11.3,10951,16:54:00,22,12.3,34.2
Nick Johnson,2010,2014,RW,113,14,23,37,-8,52,13,1,0,2,22,1,0,196,7.1,1497,13:15:00,1.5,1.6,3.1
Norm Johnson,1958,1959,C,61,5,20,25,NA,41,5,0,0,0,20,0,0,NA,NA,NA,NA,0.1,0.8,0.9
Reese Johnson,2021,2025,F,144,7,10,17,-50,103,7,0,0,1,10,0,0,134,5.2,1548,10:45:00,-2,0.5,-1.5
Ryan Johnson,1998,2011,C,701,38,84,122,-87,250,31,2,5,5,79,1,4,512,7.4,8430,12:02:00,-7.2,6.2,-0.9
Ryan Johnson,2024,2026,D,47,0,7,7,1,18,0,0,0,0,7,0,0,38,0,649,13:48:00,-0.1,1.4,1.3
Terry Johnson,1980,1987,D,285,3,24,27,-3,580,3,0,0,0,22,1,1,123,2.4,NA,NA,-3.7,13.7,10
Tom Johnson,1948,1965,D,978,51,213,264,56,960,39,9,3,10,162,42,9,448,2.9,NA,NA,12.7,68.9,81.6
Tyler Johnson,2013,2025,C,747,193,240,433,19,250,143,42,8,31,165,74,1,1504,12.8,12248,16:24:00,32.1,14.2,46.4
Virgil Johnson,1938,1945,D,76,1,11,12,NA,27,1,0,0,0,10,1,0,NA,NA,NA,NA,-0.9,5.6,4.7
Andreas Johnsson,2018,2023,LW,259,48,68,116,9,94,39,9,0,4,63,5,0,424,11.3,3672,14:11:00,6.2,4,10.2
Kim Johnsson,2000,2010,D,739,67,217,284,27,406,36,31,0,7,125,88,4,1172,5.7,16889,22:51:00,18.5,40.2,58.8
Bernie Johnston,1980,1981,C,57,12,24,36,5,16,12,0,0,0,24,0,0,88,13.6,NA,NA,1.3,0.8,2.1
George Johnston,1942,1947,RW,58,20,12,32,NA,2,16,3,1,3,11,1,0,NA,NA,NA,NA,1.3,0.8,2.1
Greg Johnston,1984,1992,RW,187,26,29,55,-6,124,25,0,1,7,27,1,1,259,10,NA,NA,-1.3,2.4,1.1
Jay Johnston,1981,1982,D,8,0,0,0,-2,13,0,0,0,0,0,0,0,3,0,NA,NA,-0.2,0.3,0.2
Joey Johnston,1969,1976,LW,332,85,106,191,-123,320,59,23,3,5,76,28,2,701,12.1,NA,NA,9.2,2.4,11.6
Larry Johnston,1968,1977,D,320,9,64,73,-113,580,8,1,0,2,55,6,3,273,3.3,NA,NA,0.5,11,11.5
Marshall Johnston,1968,1974,D,250,14,52,66,-72,58,9,4,1,0,30,21,1,262,5.3,NA,NA,1.9,10.2,12.1
Randy Johnston,1980,1980,D,4,0,0,0,-2,4,0,0,0,0,0,0,0,2,0,NA,NA,-0.1,0.1,0
Ross Johnston,2016,2026,LW,307,14,32,46,-17,579,14,0,0,1,32,0,0,149,9.4,2724,08:52:00,-1.6,2.5,0.8
Ryan Johnston,2016,2017,D,10,0,0,0,-2,4,0,0,0,0,0,0,0,4,0,118,11:48:00,-0.1,0.1,-0.1
Wyatt Johnston,2023,2026,C,327,134,129,263,18,104,84,44,6,14,89,40,0,784,17.1,5848,17:53:00,22.1,7.1,29.2
Eddie Johnstone,1976,1987,RW,426,122,136,258,9,375,101,16,5,12,108,21,7,715,17.1,NA,NA,10.3,5.8,16
Marc Johnstone,2024,2024,F,1,0,0,0,-1,0,0,0,0,0,0,0,0,0,NA,7,07:19:00,0,0,0
Ross Johnstone,1944,1945,D,42,5,4,9,NA,14,4,1,0,0,3,1,0,NA,NA,NA,NA,0,3.7,3.7
Mikko Jokela,2003,2003,D,1,0,0,0,0,0,0,0,0,0,0,0,0,3,0,5,05:09:00,0,0,0
Henri Jokiharju,2019,2026,D,448,21,91,112,-15,154,20,1,0,4,82,8,1,535,3.9,8533,19:03:00,2.8,16.2,19
Jussi Jokinen,2006,2018,C,951,191,372,563,7,377,124,63,4,27,235,136,1,1598,12,15000,15:46:00,39.6,17.6,57.2
Olli Jokinen,1998,2015,C,1231,321,429,750,-132,1071,211,97,13,54,276,151,2,3343,9.6,22345,18:09:00,52.6,19.2,71.7
Jyrki Jokipakka,2015,2017,D,150,3,25,28,-2,34,3,0,0,1,25,0,0,114,2.6,2336,15:35:00,0.5,4.1,4.6
Aurele Joliat,1923,1938,LW,655,269,194,463,NA,766,65,11,0,65,45,9,2,NA,NA,NA,NA,72.8,14.6,87.4
Rene Joliat,1925,1925,RW/D,1,0,0,0,NA,0,NA,NA,NA,0,NA,NA,NA,NA,NA,NA,NA,-0.1,0,0
Greg Joly,1975,1983,D,365,21,76,97,-165,250,12,7,2,3,50,25,1,464,4.5,NA,NA,2,11,13
Yvan Joly,1981,1983,RW,2,0,0,0,-1,0,0,0,0,0,0,0,0,1,0,NA,NA,-0.1,0,-0.1
Jean-François Jomphe,1996,1999,C,111,10,29,39,-1,102,7,2,1,0,25,3,1,139,7.2,145,09:04:00,0.3,1.3,1.6
Stan Jonathan,1976,1983,LW,411,91,110,201,68,751,89,2,0,10,103,6,1,484,18.8,NA,NA,5.8,6.5,12.3
Ben Jones,2022,2026,F,56,1,2,3,-13,12,1,0,0,0,2,0,0,51,2,481,08:36:00,-0.9,0.1,-0.8
Blair Jones,2007,2015,C,132,7,10,17,-18,65,6,0,1,1,9,1,0,147,4.8,1284,09:43:00,-1,0.7,-0.3
Bob Jones,1969,1969,LW,2,0,0,0,0,0,0,0,0,0,0,0,0,2,0,NA,NA,-0.1,0,-0.1
Brad Jones,1987,1992,LW,148,25,31,56,11,122,23,0,2,3,28,0,3,180,13.9,NA,NA,0.5,2.1,2.6
Buck Jones,1939,1943,D,50,2,3,5,NA,36,2,0,0,1,3,0,0,NA,NA,NA,NA,-0.6,3.6,3
Caleb Jones,2019,2026,D,255,14,42,56,-35,90,13,1,0,3,36,6,0,255,5.5,4149,16:16:00,1.8,7.3,9
Connor Jones,2017,2017,C,4,0,0,0,1,2,0,0,0,0,0,0,0,2,0,47,11:51:00,-0.1,0.1,0
David Jones,2008,2016,RW,462,104,87,191,-42,122,83,18,3,19,76,10,1,776,13.4,6914,14:58:00,13,5.9,18.9
Jim Jones,1972,1972,D,2,0,0,0,0,0,0,0,0,0,0,0,0,0,NA,NA,NA,-0.1,0,-0.1
Jimmy Jones,1978,1980,RW,148,13,18,31,3,68,11,0,2,1,17,1,0,123,10.6,NA,NA,-2.5,2.1,-0.5
Keith Jones,1993,2001,RW,491,117,141,258,53,765,86,30,1,22,109,32,0,849,13.8,2458,14:49:00,15.1,9.1,24.2
Matt Jones,2006,2008,D,106,1,10,11,-27,63,1,0,0,0,9,0,1,55,1.8,1577,14:53:00,-0.6,1.3,0.7
Max Jones,2019,2026,LW,305,35,34,69,-54,238,32,2,1,6,30,4,0,461,7.6,3832,12:34:00,-0.3,2.6,2.3
Randy Jones,2004,2012,D,365,20,85,105,-6,185,16,3,1,3,57,26,2,371,5.4,6307,17:17:00,6.1,12.4,18.5
Ron Jones,1972,1976,D,54,1,4,5,-26,33,0,1,0,0,2,2,0,34,2.9,NA,NA,-0.6,1.3,0.7
Ryan Jones,2009,2014,RW,334,54,46,100,-11,181,42,9,3,6,36,9,1,485,11.1,4249,12:43:00,4.7,4.6,9.3
Seth Jones,2014,2026,D,912,106,367,473,-142,326,73,32,1,21,226,134,7,1993,5.3,21666,23:45:00,33.1,39.8,73
Ty Jones,1999,2004,RW,14,0,0,0,-1,19,0,0,0,0,0,0,0,4,0,82,05:50:00,-0.2,0,-0.2
Zachary Jones,2021,2025,D,115,4,24,28,-10,38,4,0,0,2,22,2,0,128,3.1,1829,15:54:00,0.9,2.9,3.8
Hans Jonsson,2000,2003,D,242,10,38,48,-29,92,5,4,1,1,31,5,2,170,5.9,4357,18:00:00,1.3,6.1,7.4
Jörgen Jönsson,2000,2000,LW,81,12,19,31,-8,16,9,1,2,1,17,1,1,116,10.3,1263,15:35:00,1.1,1,2
Kenny Jönsson,1995,2004,D,686,63,204,267,-16,298,31,30,2,6,106,88,10,967,6.5,11978,23:57:00,18.2,32.2,50.4
Lars Jonsson,2007,2007,D,8,0,2,2,-4,6,0,0,0,0,0,2,0,4,0,99,12:25:00,0.1,-0.1,0
Tomas Jonsson,1982,1989,D,552,85,259,344,64,482,59,23,3,12,116,135,8,926,9.2,NA,NA,19.3,29.7,49
Axel Jonsson-Fjällby,2022,2024,LW,99,10,13,23,5,12,10,0,0,3,12,0,1,106,9.4,991,10:01:00,0.4,1.4,1.8
Josh Jooris,2015,2018,C,213,23,32,55,-9,87,19,4,0,4,28,1,3,294,7.8,2644,12:25:00,1.1,2.5,3.7
Michal Jordán,2013,2016,D,79,3,4,7,-14,18,1,2,0,0,4,0,0,82,3.7,1205,15:16:00,-0.4,2.2,1.8
Jacob Josefson,2011,2018,C,315,20,44,64,-21,84,13,3,4,4,29,14,1,335,6,4006,12:43:00,-1.9,5,3.1
Chris Joseph,1988,2001,D,510,39,112,151,-71,567,21,17,1,3,66,44,2,793,4.9,1771,16:33:00,6,15.7,21.8
Mathieu Joseph,2019,2026,RW,470,61,99,160,7,205,52,2,7,10,89,3,7,569,10.7,6102,12:59:00,4.9,7,11.8
Pierre-Olivier Joseph,2021,2026,D,225,9,37,46,-34,119,8,1,0,2,35,2,0,248,3.6,3399,15:06:00,1.2,4.6,5.8
Tony Joseph,1989,1989,RW,2,1,0,1,1,0,1,0,0,0,0,0,0,4,25,NA,NA,0.1,0.1,0.1
Dakota Joshua,2021,2026,C,296,50,46,96,-9,230,45,3,2,11,45,1,0,299,16.7,3591,12:08:00,4.1,3.7,7.8
Roman Josi,2012,2026,D,1030,203,576,779,44,429,133,69,1,38,351,216,9,3021,6.7,25617,24:52:00,70.1,58.5,128.6
Derek Joslin,2009,2013,D,116,4,12,16,-14,63,3,1,0,1,9,1,2,100,4,1488,12:50:00,0.5,2,2.4
Tyson Jost,2017,2026,C,563,69,96,165,-32,223,58,10,1,7,86,8,2,825,8.4,7241,12:52:00,3.2,6.6,9.8
Andrew Joudrey,2012,2012,C,1,0,0,0,0,0,0,0,0,0,0,0,0,1,0,9,09:16:00,0,0,0
Ed Jovanovski,1996,2014,D,1128,137,363,500,-86,1491,78,57,2,26,201,149,13,2193,6.2,22097,22:10:00,39.3,45.9,85.2
Eddie Joyal,1963,1972,C,465,128,134,262,-102,103,100,27,1,16,101,33,0,1105,11.6,NA,NA,16.2,4,20.2
Bob Joyce,1988,1993,LW,158,34,49,83,9,90,24,10,0,5,38,11,0,264,12.9,NA,NA,2.6,2.6,5.2
Duane Joyce,1994,1994,D,3,0,0,0,0,0,0,0,0,0,0,0,0,1,0,NA,NA,-0.1,0.1,0.1
Bing Juckes,1948,1950,LW,16,2,1,3,NA,6,1,1,0,1,1,0,0,NA,NA,NA,NA,-0.2,0.2,0
Patrik Juhlin,1995,1996,LW,56,7,6,13,-9,23,6,1,0,1,5,1,0,58,12.1,NA,NA,-0.4,0.4,0
Claude Julien,1985,1986,D,14,0,1,1,2,25,0,0,0,0,1,0,0,4,0,NA,NA,-0.2,0.9,0.7
Joé Juneau,1992,2004,C,828,156,416,572,-3,272,98,52,6,23,254,158,4,1524,10.2,8316,17:33:00,30.7,13.9,44.5
Steve Junker,1994,1994,LW,5,0,0,0,0,0,0,0,0,0,0,0,0,2,0,NA,NA,-0.2,0.1,-0.1
Jonas Junland,2009,2010,D,4,0,2,2,-3,2,0,0,0,0,1,1,0,7,0,64,16:00:00,0.1,-0.1,0
Olli Juolevi,2021,2022,D,41,2,1,3,-2,6,2,0,0,0,1,0,0,42,4.8,533,13:01:00,-0.1,0.9,0.8
Milan Jurčina,2006,2012,D,430,22,59,81,-28,280,15,6,1,3,51,7,1,540,4.1,7315,17:01:00,2.5,11.8,14.3
Tomáš Jurčo,2014,2021,RW,221,22,31,53,-10,64,19,3,0,1,29,2,0,309,7.1,2480,11:13:00,1.4,2.4,3.7
Timo Jutila,1985,1985,D,10,1,5,6,-5,13,0,1,0,0,2,3,0,28,3.6,NA,NA,0.3,0.4,0.7
Noah Juulsen,2018,2026,D,209,4,23,27,-10,74,4,0,0,0,23,0,0,153,2.6,3244,15:31:00,-0.9,6.2,5.3
Bill Juzda,1941,1952,D,398,14,54,68,NA,398,13,1,0,3,43,11,0,NA,NA,NA,NA,0.3,26.5,26.9
Bob Kabel,1960,1961,C,47,5,13,18,0,32,5,0,0,1,13,0,0,57,8.8,NA,NA,0.1,0.4,0.6
František Kaberle,2000,2009,D,523,29,164,193,-19,218,17,10,2,8,86,76,2,732,4,10449,19:59:00,12.1,18.1,30.2
Tomáš Kaberle,1999,2013,D,984,87,476,563,17,260,54,32,1,16,216,250,10,1466,5.9,22855,23:14:00,43.1,43.9,87
Mark Kachowski,1988,1990,LW,64,6,5,11,3,209,6,0,0,1,5,0,0,28,21.4,NA,NA,-1.2,0.8,-0.4
Ed Kachur,1957,1958,RW,96,10,14,24,NA,35,7,3,0,0,14,0,0,NA,NA,NA,NA,-1,1.2,0.2
Nazem Kadri,2010,2026,C,1062,323,437,760,-80,790,224,98,1,46,305,132,0,2987,10.8,18607,17:31:00,60.6,17,77.6
Trent Kaese,1989,1989,RW,1,0,0,0,0,0,0,0,0,0,0,0,0,5,0,NA,NA,0,0,0
Dominik Kahun,2019,2021,C,186,34,49,83,15,16,32,2,0,6,46,3,0,293,11.6,2520,13:33:00,4.8,3.1,7.9
Alexei Kaigorodov,2007,2007,C,6,0,1,1,1,0,0,0,0,0,1,0,0,3,0,29,04:53:00,0,0.1,0.1
Vern Kaiser,1951,1951,LW,50,7,5,12,NA,33,5,2,0,0,4,1,0,NA,NA,NA,NA,-0.3,0.7,0.5
Wyatt Kaiser,2023,2026,D,174,10,24,34,-21,74,10,0,0,1,24,0,0,171,5.8,3243,18:38:00,0.3,7.3,7.6
Kaapo Kakko,2020,2026,RW,442,84,117,201,17,118,72,12,0,13,91,26,0,659,12.7,6495,14:42:00,9.9,8,18
Walter Kalbfleisch,1934,1937,D,36,0,4,4,NA,32,0,0,0,0,4,0,0,NA,NA,NA,NA,-0.2,1.5,1.3
Alex Kaleta,1942,1951,LW,387,92,121,213,NA,202,79,11,2,9,96,24,1,NA,NA,NA,NA,11.2,4.5,15.7
Patrick Kaleta,2007,2015,RW,348,27,27,54,-18,542,24,0,3,5,26,0,1,324,8.3,3443,09:54:00,-1.1,3,1.9
Dmitri Kalinin,2000,2009,D,539,36,126,162,2,321,24,9,3,4,88,37,1,619,5.8,10478,19:26:00,9.3,22.7,32
Sergey Kalinin,2016,2017,C,121,10,9,19,-23,48,7,3,0,2,9,0,0,108,9.3,1590,13:08:00,-1.1,1.4,0.3
Jon Kalinski,2009,2010,LW,22,1,4,5,-4,0,1,0,0,1,4,0,0,16,6.3,161,07:19:00,0.2,0,0.2
Arthur Kaliyev,2021,2026,RW,204,38,38,76,-10,65,21,17,0,3,29,9,0,443,8.6,2461,12:04:00,4.3,2.6,6.8
Tomi Kallio,2001,2003,LW,140,24,31,55,-21,48,21,3,0,2,28,3,0,245,9.8,2105,15:02:00,2.6,1.3,3.9
Anders Kallur,1980,1985,RW,383,101,110,211,42,149,65,17,19,12,83,24,3,596,16.9,NA,NA,7.1,5.1,12.1
Petr Kalus,2007,2010,LW,11,4,1,5,0,6,3,1,0,0,1,0,0,8,50,117,10:38:00,0.6,0.1,0.7
Wyatt Kalynuk,2021,2022,D,26,4,5,9,-9,6,4,0,0,0,5,0,0,27,14.8,402,15:27:00,0.9,0.2,1.1
Vladislav Kamenev,2017,2020,LW,66,3,10,13,-7,20,1,1,1,1,8,2,0,56,5.4,596,09:01:00,0,0.3,0.3
Valeri Kamensky,1992,2002,LW,637,200,301,501,15,383,135,60,5,25,199,98,4,1346,14.9,5062,15:58:00,39.7,8,47.7
Kevin Kaminski,1989,1997,C,139,3,10,13,-8,528,3,0,0,1,9,1,0,56,5.4,NA,NA,-4,1.9,-2.1
Max Kaminsky,1934,1937,C,130,22,34,56,NA,38,19,3,0,3,30,3,1,NA,NA,NA,NA,3.2,2.3,5.6
Yan Kaminsky,1994,1995,RW,26,3,2,5,7,4,3,0,0,0,2,0,0,27,11.1,NA,NA,-0.3,0.5,0.2
David Kämpf,2018,2026,C,576,50,99,149,-29,126,46,0,4,5,93,0,6,640,7.8,8123,14:06:00,-3,7.4,4.4
Steven Kampfer,2011,2021,D,231,15,24,39,-1,110,13,2,0,2,16,8,0,281,5.3,3664,15:52:00,1.4,7.4,8.8
Bingo Kampman,1938,1942,D,189,14,30,44,NA,287,13,1,0,3,19,10,1,NA,NA,NA,NA,2,14.9,16.9
Tomáš Káňa,2010,2010,C,6,0,2,2,2,2,0,0,0,0,2,0,0,4,0,52,08:41:00,0.1,0.1,0.2
Boyd Kane,2004,2010,LW,31,0,3,3,-8,39,0,0,0,0,3,0,0,16,0,227,07:20:00,-0.3,-0.1,-0.4
Evander Kane,2010,2026,LW,1001,339,309,648,-70,1278,267,54,18,47,246,56,7,3419,9.9,18560,18:32:00,52.2,18.2,70.4
Francis Kane,1944,1944,D,2,0,0,0,NA,0,0,0,0,0,0,0,0,NA,NA,NA,NA,-0.1,0.2,0.1
Patrick Kane,2008,2026,RW,1368,508,892,1400,2,470,368,140,0,85,566,325,1,4400,11.5,27280,19:56:00,124.6,29.6,154.2
Petr Kanko,2006,2006,RW,10,1,0,1,1,0,1,0,0,0,0,0,0,7,14.3,47,04:42:00,0.1,0.1,0.1
Gord Kannegiesser,1968,1972,D,23,0,1,1,-4,15,0,0,0,0,0,1,0,16,0,NA,NA,-0.3,1.3,0.9
Sheldon Kannegiesser,1971,1978,D,366,14,67,81,24,292,11,3,0,1,45,20,2,352,4,NA,NA,0.4,22.2,22.6
Kasperi Kapanen,2016,2026,RW,567,98,141,239,-7,140,86,5,7,19,124,16,1,917,10.7,8137,14:21:00,10.8,8.2,19
Niko Kapanen,2002,2008,C,397,36,90,126,-25,160,21,12,3,11,66,24,0,401,9,5282,13:18:00,1.8,5.2,7.1
Oliver Kapanen,2025,2026,C,100,22,17,39,-1,24,20,1,1,2,14,1,2,147,15,1383,13:50:00,2.1,1.4,3.5
Sami Kapanen,1996,2008,RW,831,189,269,458,-30,175,135,46,8,35,167,98,4,1938,9.8,13611,18:07:00,27,15.4,42.4
Michael Kapla,2017,2017,D,5,0,0,0,-1,0,0,0,0,0,0,0,0,4,0,87,17:26:00,-0.1,0.1,0
Devin Kaplan,2025,2025,RW,1,0,0,0,-1,0,0,0,0,0,0,0,0,0,NA,12,12:12:00,0,0,-0.1
Kirill Kaprizov,2021,2026,LW,397,230,245,475,81,175,149,81,0,34,163,82,0,1397,16.5,8236,20:45:00,46.5,11.9,58.4
Ladislav Karabin,1994,1994,LW,9,0,0,0,0,2,0,0,0,0,0,0,0,3,0,NA,NA,-0.3,0.1,-0.3
Jere Karalahti,2000,2002,D,149,8,19,27,5,97,4,4,0,1,13,3,3,122,6.6,2538,17:02:00,0.9,5.4,6.3
Vitali Karamnov,1993,1995,LW,92,12,20,32,2,65,10,2,0,1,19,1,0,95,12.6,NA,NA,0.3,1.1,1.4
Paul Kariya,1995,2010,LW,989,402,587,989,31,399,246,139,17,53,330,251,6,3509,11.5,16590,20:58:00,86.2,23.1,109.3
Steve Kariya,2000,2002,LW,65,9,18,27,6,32,8,1,0,0,15,3,0,63,14.3,798,12:17:00,1.5,1,2.5
Kyösti Karjalainen,1992,1992,RW,28,1,8,9,4,12,1,0,0,0,8,0,0,20,5,NA,NA,-0.3,0.5,0.1
Al Karlander,1970,1973,C,212,36,56,92,28,70,31,5,0,9,49,7,0,242,14.9,NA,NA,2.1,3.9,6
Andreas Karlsson,2000,2008,C,264,16,35,51,-38,72,14,1,1,2,30,3,2,254,6.3,2968,11:15:00,-1.3,1.8,0.5
Erik Karlsson,2010,2026,D,1159,215,721,936,-115,508,165,48,2,38,433,283,5,3150,6.8,29115,25:07:00,86.3,52.2,138.5
Linus Karlsson,2024,2026,C,105,18,23,41,-21,48,15,3,0,2,20,3,0,146,12.3,1264,12:02:00,2.3,1,3.3
Melker Karlsson,2015,2020,C,396,60,52,112,-4,130,56,1,3,7,52,0,0,480,12.5,5152,13:01:00,3.8,6,9.9
William Karlsson,2015,2026,C,752,183,270,453,132,114,138,30,15,30,205,52,13,1455,12.6,12831,17:04:00,29.1,18.7,47.8
Fredrik Karlström,2022,2023,C,8,0,1,1,3,0,0,0,0,0,1,0,0,7,0,66,08:18:00,-0.1,0.2,0.1
Dave Karpa,1992,2003,D,557,18,80,98,-19,1374,13,4,1,3,66,11,3,481,3.7,5727,18:21:00,0,21.4,21.4
Valeri Karpov,1995,1997,RW,76,14,15,29,-7,32,14,0,0,1,11,4,0,94,14.9,NA,NA,0.8,0.7,1.5
Alexander Karpovtsev,1994,2006,D,596,34,154,188,47,430,14,18,2,6,91,59,4,643,5.3,7485,20:30:00,9.2,29,38.2
Martins Karsums,2009,2009,RW,24,1,5,6,-8,6,1,0,0,0,4,1,0,28,3.6,269,11:11:00,0,0,-0.1
Tye Kartye,2024,2026,F,203,23,29,52,-22,116,22,0,1,1,29,0,0,218,10.6,2272,11:11:00,1,2.2,3.2
Alexei Kasatonov,1990,1996,D,383,38,122,160,52,326,29,6,3,5,77,41,4,504,7.5,NA,NA,7.8,22.6,30.5
David Kaše,2020,2021,RW,7,1,0,1,1,0,1,0,0,1,0,0,0,5,20,70,09:57:00,0,0.1,0.1
Ondřej Kaše,2017,2023,RW,258,57,67,124,14,62,49,6,2,11,56,11,0,584,9.8,3659,14:11:00,8.3,4.7,13
Aleksanteri Kaskimaki,2026,2026,C,5,0,0,0,-6,0,0,0,0,0,0,0,0,6,0,52,10:24:00,-0.1,-0.2,-0.3
Lukáš Kašpar,2008,2009,RW,16,2,2,4,-2,8,2,0,0,1,1,1,0,19,10.5,156,09:43:00,0.2,0.1,0.3
Darius Kasparaitis,1993,2007,D,863,27,136,163,39,1379,23,2,2,2,120,7,9,784,3.4,10456,18:13:00,1.1,36.7,37.8
Marco Kasper,2023,2026,C,158,28,28,56,-17,67,25,3,0,5,24,3,1,275,10.2,2303,14:35:00,2,2.5,4.4
Steve Kasper,1981,1993,C,821,177,291,468,-57,554,129,26,22,21,245,29,17,1267,14,NA,NA,14.6,8.6,23.1
Matt Kassian,2011,2014,LW,76,4,1,5,-4,177,4,0,0,0,1,0,0,32,12.5,397,05:14:00,-0.1,0.3,0.2
Zack Kassian,2012,2023,RW,661,92,111,203,-55,913,85,6,1,11,106,3,2,798,11.5,8344,12:37:00,8,7.4,15.4
Ed Kastelic,1986,1992,W,220,11,10,21,-19,719,10,1,0,0,10,0,0,97,11.3,NA,NA,-6.1,2.8,-3.2
Mark Kastelic,2022,2026,C,287,31,30,61,-10,425,30,0,1,7,29,1,0,311,10,2901,10:07:00,1,3,4
Mike Kaszycki,1978,1983,C,226,42,80,122,16,108,36,6,0,6,65,13,2,260,16.2,NA,NA,3.6,2.8,6.4
Boris Katchouk,2022,2026,LW,179,15,21,36,-23,78,14,0,1,3,20,0,1,196,7.7,2000,11:10:00,-0.6,1.9,1.3
Mark Katic,2011,2011,D,11,0,1,1,-9,4,0,0,0,0,1,0,0,8,0,181,16:26:00,-0.1,-0.4,-0.5
Martin Kaut,2020,2023,RW,56,6,5,11,-4,10,4,2,0,1,5,0,0,60,10,559,09:58:00,0.1,0.5,0.6
Pat Kavanagh,2003,2006,RW,14,2,0,2,0,4,2,0,0,1,0,0,0,6,33.3,97,06:55:00,0.2,0.1,0.3
Ed Kea,1974,1983,D,583,30,145,175,90,508,27,3,0,2,132,9,4,696,4.3,NA,NA,4,35.8,39.7
Joey Keane,2021,2022,D,2,0,0,0,-1,2,0,0,0,0,0,0,0,2,0,33,16:36:00,0,0,0
Mike Keane,1989,2004,RW,1161,168,302,470,70,881,134,22,12,21,255,36,11,1438,11.7,6161,14:08:00,11.6,18.7,30.3
Bracken Kearns,2012,2017,C,35,3,3,6,-2,22,2,1,0,0,2,0,1,40,7.5,432,12:21:00,-0.2,0.4,0.2
Dennis Kearns,1972,1981,D,677,31,290,321,-155,386,19,11,1,3,156,132,2,899,3.4,NA,NA,14.6,28.6,43.2
Jack Keating,1939,1940,LW,12,3,0,3,NA,4,3,0,0,1,0,0,0,NA,NA,NA,NA,0.1,0.2,0.3
John Keating,1932,1933,LW,35,5,5,10,NA,19,NA,NA,NA,1,NA,NA,NA,NA,NA,NA,NA,0.1,0.4,0.5
Mike Keating,1978,1978,LW,1,0,0,0,-1,0,0,0,0,0,0,0,0,2,0,NA,NA,0,0,-0.1
Duke Keats,1927,1929,C,82,29,19,48,NA,114,NA,NA,NA,6,NA,NA,NA,NA,NA,NA,NA,10.2,0.8,11
Dan Keczmer,1991,2000,D,235,8,38,46,-10,212,6,2,0,1,22,16,0,272,2.9,1046,13:14:00,0.2,9.6,9.8
Sheldon Keefe,2001,2003,RW,125,12,12,24,-25,78,12,0,0,1,10,2,0,135,8.9,1278,10:14:00,0.3,0.6,0.9
Butch Keeling,1927,1938,LW,525,157,64,221,NA,341,65,8,0,30,26,1,0,NA,NA,NA,NA,23.8,10,33.7
Larry Keenan,1962,1972,LW,233,38,64,102,-11,28,27,11,0,7,42,22,0,409,9.3,NA,NA,2.8,3.6,6.4
Brady Keeper,2019,2021,D,2,0,0,0,1,0,0,0,0,0,0,0,0,1,0,22,11:04:00,0,0.1,0.1
Rick Kehoe,1972,1985,RW,906,371,396,767,-76,120,268,102,1,34,257,138,1,2631,14.1,NA,NA,51,10.7,61.7
Duncan Keith,2006,2022,D,1256,106,540,646,159,675,71,30,5,19,369,156,15,2526,4.2,30977,24:40:00,43.6,73.4,117
Matt Keith,2004,2008,RW,27,2,3,5,-8,14,1,1,0,0,3,0,0,30,6.7,314,11:37:00,-0.1,0.1,-0.1
Jarmo Kekäläinen,1990,1994,LW,55,5,8,13,-6,28,5,0,0,1,6,2,0,37,13.5,NA,NA,-0.7,0.6,0
Miloš Kelemen,2023,2024,F,24,1,1,2,-7,23,1,0,0,0,1,0,0,17,5.9,184,07:41:00,-0.2,-0.1,-0.3
Chris Kelleher,2002,2002,D,1,0,0,0,0,0,0,0,0,0,0,0,0,0,NA,6,06:07:00,0,0,0
Clayton Keller,2017,2026,C,682,222,372,594,-52,269,174,46,2,34,226,144,2,1790,12.4,12735,18:40:00,45.5,13.8,59.3
Ralph Keller,1963,1963,D,3,1,0,1,0,6,1,0,0,0,0,0,0,5,20,NA,NA,0.1,0.1,0.3
Ryan Keller,2010,2010,C,6,0,0,0,-1,0,0,0,0,0,0,0,0,5,0,37,06:13:00,-0.1,0,-0.1
Christer Kellgren,1982,1982,RW,5,0,0,0,-4,0,0,0,0,0,0,0,0,4,0,NA,NA,-0.2,0,-0.2
Joel Kellman,2020,2021,F,38,4,5,9,-2,10,4,0,0,1,4,0,1,44,9.1,434,11:25:00,0.1,0.5,0.6
Bob Kelly,1971,1982,LW,837,154,208,362,109,1454,140,14,0,28,192,16,0,1225,12.6,NA,NA,6.8,12.3,19.1
Bob Kelly,1974,1979,LW,425,87,109,196,-19,687,73,14,0,10,99,10,0,938,9.3,NA,NA,5.3,5.2,10.4
Chris Kelly,2004,2018,C/LW,845,123,168,291,40,417,108,4,11,19,149,3,16,1155,10.6,12270,14:31:00,10,14,24.1
Dave Kelly,1977,1977,RW,16,2,0,2,-8,4,2,0,0,1,0,0,0,18,11.1,NA,NA,-0.3,0.1,-0.3
John Paul Kelly,1980,1986,LW,400,54,70,124,-95,366,49,4,1,4,67,3,0,440,12.3,NA,NA,-3.5,2.8,-0.7
Parker Kelly,2021,2026,F,338,45,43,88,-5,186,41,0,4,5,40,0,3,394,11.4,4003,11:51:00,1.9,4.4,6.3
Pep Kelly,1935,1942,RW,289,74,53,127,NA,105,61,7,6,15,43,8,2,NA,NA,NA,NA,9.7,5,14.7
Pete Kelly,1935,1942,RW,180,21,38,59,NA,68,19,2,0,2,34,4,0,NA,NA,NA,NA,0.4,2.9,3.4
Red Kelly,1948,1967,D/C,1316,281,542,823,50,327,195,71,15,41,368,161,13,1387,9,NA,NA,76.1,70.2,146.3
Steve Kelly,1997,2008,C,149,9,12,21,-36,83,8,1,0,3,12,0,0,85,10.6,968,09:53:00,-1.5,0.4,-1.1
Joakim Kemell,2025,2026,RW,17,1,2,3,3,0,1,0,0,0,2,0,0,19,5.3,174,10:13:00,-0.1,0.3,0.3
Kevin Kemp,1981,1981,D,3,0,0,0,-1,4,0,0,0,0,0,0,0,5,0,NA,NA,-0.1,0.1,0
Philip Kemp,2024,2024,D,1,0,0,0,0,0,0,0,0,0,0,0,0,0,NA,2,02:03:00,0,0,0
Stan Kemp,1949,1949,D,1,0,0,0,NA,2,0,0,0,0,0,0,0,NA,NA,NA,NA,0,0.1,0
Adrian Kempe,2017,2026,LW,710,230,244,474,40,429,177,40,13,40,150,88,6,1748,13.2,12154,17:07:00,36,16.9,52.9
Mario Kempe,2018,2019,C,70,6,7,13,4,22,6,0,0,0,7,0,0,77,7.8,781,11:10:00,-0.2,1.3,1.1
Michal Kempný,2017,2022,D,247,15,48,63,55,146,15,0,0,3,48,0,0,343,4.4,4272,17:18:00,2.7,11.6,14.3
Joonas Kemppainen,2016,2016,LW,44,2,3,5,-6,4,1,0,1,0,3,0,0,35,5.7,552,12:32:00,-0.8,0.3,-0.4
Chris Kenady,1998,2000,RW,7,0,2,2,0,0,0,0,0,0,2,0,0,4,0,60,08:34:00,0,0.1,0
Bill Kendall,1934,1938,RW,138,16,11,27,NA,28,14,1,1,1,11,0,0,NA,NA,NA,NA,-1.9,2.9,1
Ronalds Ķēniņš,2015,2016,LW,38,4,8,12,-3,14,4,0,0,0,8,0,0,44,9.1,459,12:05:00,0.5,0.4,0.9
Dean Kennedy,1983,1995,D,717,26,110,136,-55,1118,26,0,0,8,115,2,3,528,4.9,NA,NA,-2.5,29.4,26.9
Forbes Kennedy,1957,1969,C,603,70,108,178,-62,888,59,5,6,8,95,6,7,461,10.8,NA,NA,-4,6.7,2.7
Mike Kennedy,1995,1999,C,145,16,36,52,-1,112,10,6,0,2,32,4,0,225,7.1,11,10:50:00,0.5,2,2.5
Sheldon Kennedy,1990,1997,RW,310,49,58,107,-15,233,42,2,5,5,54,3,1,400,12.3,NA,NA,0.9,2.8,3.7
Ted Kennedy,1943,1957,C,696,230,330,560,NA,432,173,51,6,35,236,87,7,NA,NA,NA,NA,46.2,13.2,59.4
Tim Kennedy,2009,2014,LW,162,15,24,39,-17,60,14,1,0,5,23,1,0,189,7.9,1996,12:19:00,0.1,1.7,1.8
Tyler Kennedy,2008,2016,C,527,89,126,215,6,239,78,11,0,18,103,23,0,1273,7,6945,13:11:00,13.6,7.6,21.2
Ernest Kenny,1931,1935,D,10,0,0,0,NA,8,0,0,0,0,0,0,0,NA,NA,NA,NA,-0.2,1,0.8
Dave Keon,1961,1982,C,1296,396,590,986,61,117,297,67,32,65,418,156,16,3946,10,NA,NA,66.9,19.6,86.5
Michael Keränen,2016,2016,F,1,0,0,0,-1,0,0,0,0,0,0,0,0,0,NA,6,06:09:00,0,0,-0.1
Alexander Kerch,1994,1994,LW,5,0,0,0,-8,2,0,0,0,0,0,0,0,4,0,NA,NA,-0.2,-0.2,-0.4
Nicolas Kerdiles,2017,2018,LW,3,0,0,0,1,0,0,0,0,0,0,0,0,0,NA,19,06:13:00,-0.1,0.1,0
Alexander Kerfoot,2018,2026,C,638,105,200,305,-9,223,85,14,6,9,153,41,6,834,12.6,9521,14:55:00,14.1,10,24.1
Rory Kerins,2025,2026,C,8,0,4,4,2,2,0,0,0,0,3,1,0,4,0,109,13:35:00,0.1,0.2,0.3
Tanner Kero,2016,2022,RW,134,11,24,35,9,16,11,0,0,2,22,2,0,146,7.5,1568,11:42:00,0.5,2.1,2.7
Alan Kerr,1985,1993,RW,391,72,94,166,5,826,58,13,1,9,81,13,0,637,11.3,NA,NA,2.6,4.8,7.4
Reg Kerr,1978,1984,LW,263,66,94,160,-18,169,53,10,3,9,87,7,0,454,14.5,NA,NA,5.6,3.1,8.8
Tim Kerr,1981,1993,C/RW,655,370,304,674,77,596,221,149,0,46,200,104,0,1985,18.6,NA,NA,49,9.2,58.2
Dan Kesa,1994,2000,RW,139,8,22,30,-24,66,6,1,1,2,18,2,2,106,7.5,1344,11:29:00,-0.8,0.7,0
Ryan Kesler,2004,2019,C,1001,258,315,573,10,920,164,82,12,38,213,93,9,2276,11.3,18853,18:50:00,37.3,21.8,59.1
Matthew Kessel,2023,2026,D,99,3,10,13,-3,32,3,0,0,1,10,0,0,68,4.4,1430,14:27:00,-0.2,3,2.8
Phil Kessel,2007,2023,RW,1286,413,579,992,-155,402,293,119,1,70,365,214,0,3849,10.7,22763,17:42:00,87.2,17.7,105
Rick Kessell,1970,1974,C,135,4,24,28,-15,8,3,1,0,0,18,4,2,101,4,NA,NA,-3.1,1.9,-1.2
Michael Kesselring,2023,2026,D,189,12,43,55,12,211,11,1,0,3,41,2,0,280,4.3,3071,16:15:00,2.7,7.2,10
Veli-Pekka Ketola,1982,1982,C,44,9,5,14,-17,4,5,4,0,1,3,2,0,42,21.4,NA,NA,-0.2,0.4,0.2
Kerry Ketter,1973,1973,D,41,0,2,2,-6,58,0,0,0,0,2,0,0,31,0,NA,NA,-0.6,2.4,1.8
Jujhar Khaira,2016,2024,LW,337,33,47,80,-55,229,29,1,3,6,43,2,2,363,9.1,4246,12:36:00,-0.4,3.2,2.7
Sergei Kharin,1991,1991,RW,7,2,3,5,2,2,2,0,0,0,3,0,0,13,15.4,NA,NA,0.3,0.2,0.5
Alexander Kharitonov,2001,2002,LW,71,7,15,22,-10,12,7,0,0,0,10,5,0,108,6.5,790,11:07:00,0.8,0.5,1.3
Alexander Khavanov,2001,2006,D,348,27,75,102,15,233,17,8,2,2,39,33,3,375,7.2,6744,19:23:00,6.3,15.7,22
Yuri Khmylev,1993,1997,LW,263,64,88,152,9,133,41,18,5,9,55,28,5,503,12.7,NA,NA,8,4,12.1
Alexander Khokhlachev,2014,2016,C,9,0,0,0,-4,2,0,0,0,0,0,0,0,7,0,91,10:07:00,-0.3,-0.1,-0.3
Dmitri Khristich,1991,2002,LW/C,811,259,337,596,104,422,159,95,5,32,247,85,5,1516,17.1,5861,16:59:00,44.4,16,60.3
Marat Khusnutdinov,2024,2026,C,168,21,28,49,-2,42,20,1,0,1,25,2,1,125,16.8,2233,13:17:00,0.7,2.4,3.1
Ian Kidd,1988,1989,D,20,4,7,11,-4,25,1,3,0,0,5,2,0,22,18.2,NA,NA,0.7,0.8,1.5
Matt Kiersted,2021,2026,D,45,2,6,8,-7,12,2,0,0,0,5,0,1,35,5.7,563,12:31:00,0.3,0.4,0.7
Udo Kiessling,1982,1982,D,1,0,0,0,0,2,0,0,0,0,0,0,0,1,0,NA,NA,0,0.1,0
Chad Kilger,1996,2008,LW,714,107,111,218,-44,363,94,8,5,12,101,8,2,835,12.8,7300,12:30:00,7.7,7.5,15.3
Alex Killorn,2013,2026,C/LW,1031,249,322,571,90,605,198,46,5,46,254,61,7,2006,12.4,17721,17:11:00,34.8,21.4,56.2
Brian Kilrea,1958,1968,C,26,3,5,8,-4,12,3,0,0,0,3,2,0,24,12.5,NA,NA,-0.1,0.2,0.1
Hec Kilrea,1926,1940,LW,633,166,130,296,NA,452,45,5,0,34,60,8,2,NA,NA,NA,NA,31.7,13.1,44.9
Ken Kilrea,1939,1944,LW,91,16,24,40,NA,8,16,0,0,2,23,1,0,NA,NA,NA,NA,0.9,1.6,2.5
Wally Kilrea,1930,1938,RW/C,325,35,58,93,NA,91,15,0,0,5,24,1,0,NA,NA,NA,NA,-0.2,4.4,4.2
Darin Kimble,1989,1995,RW,311,23,20,43,-30,1082,21,2,0,2,20,0,0,140,16.4,NA,NA,-6.9,3.4,-3.5
Benjamin Kindel,2026,2026,C,77,17,18,35,-5,18,12,4,1,4,11,6,1,151,11.3,1160,15:04:00,1.9,1,2.9
Jakub Kindl,2010,2017,D,331,16,58,74,14,181,13,3,0,3,42,16,0,459,3.5,5164,15:36:00,3.8,12.1,15.9
Bryce Kindopp,2022,2022,F,1,0,0,0,0,0,0,0,0,0,0,0,0,2,0,6,06:06:00,0,0,0
Orest Kindrachuk,1973,1982,C,508,118,261,379,125,648,90,19,9,15,198,59,4,991,11.9,NA,NA,19.3,8.7,28
D.J. King,2007,2012,C,118,4,7,11,-14,215,4,0,0,1,7,0,0,60,6.7,651,05:31:00,-0.3,0.2,-0.1
Derek King,1987,2000,LW,830,261,351,612,9,417,165,95,1,37,237,114,0,1786,14.6,2490,13:50:00,42.5,10.5,53.1
Dwight King,2011,2017,LW,365,53,56,109,3,98,51,0,2,8,51,4,1,501,10.6,5221,14:18:00,3.5,6.8,10.3
Frank King,1951,1951,C,10,1,0,1,NA,2,1,0,0,0,0,0,0,NA,NA,NA,NA,-0.2,0.1,-0.1
Jason King,2003,2008,C,59,12,11,23,-3,8,6,6,0,1,10,1,0,121,9.9,731,12:24:00,1.8,0.6,2.4
Kris King,1988,2001,LW,849,66,85,151,-52,2030,64,0,2,9,82,1,2,777,8.5,1957,09:44:00,-12.8,8.4,-4.4
Steven King,1993,1996,RW,67,17,8,25,-4,75,8,9,0,4,6,2,0,97,17.5,NA,NA,0.9,0.8,1.7
Wayne King,1974,1976,C,73,5,18,23,-13,34,3,2,0,0,17,1,0,78,6.4,NA,NA,-0.9,1,0.1
Geordie Kinnear,2000,2000,D,4,0,0,0,-1,13,0,0,0,0,0,0,0,2,0,74,18:27:00,-0.1,0.1,0
Geoff Kinrade,2009,2009,D,1,0,0,0,-1,0,0,0,0,0,0,0,0,1,0,18,17:32:00,0,0,-0.1
Brian Kinsella,1976,1977,C,10,0,1,1,-4,0,0,0,0,0,1,0,0,14,0,NA,NA,-0.3,0.1,-0.3
Ray Kinsella,1931,1931,LW,14,0,0,0,NA,0,NA,NA,NA,0,NA,NA,NA,NA,NA,NA,NA,-0.8,0.1,-0.7
Marko Kiprusoff,1996,2002,D,51,0,10,10,-3,12,0,0,0,0,8,2,0,53,0,378,14:01:00,0.1,1.6,1.8
Bobby Kirk,1938,1938,RW,39,4,8,12,NA,14,2,2,0,0,7,1,0,NA,NA,NA,NA,-0.1,0.9,0.7
Justin Kirkland,2023,2026,LW,50,3,7,10,4,13,3,0,0,1,7,0,0,26,11.5,465,09:18:00,0,0.8,0.8
Bob Kirkpatrick,1943,1943,C,49,12,12,24,NA,6,11,1,0,0,9,3,0,NA,NA,NA,NA,0.1,0.3,0.4
Mark Kirton,1980,1985,C,266,57,56,113,-70,121,48,6,3,5,50,4,2,395,14.4,NA,NA,1.4,2.2,3.5
Bogdan Kiselevich,2019,2019,D,32,0,8,8,-3,12,0,0,0,0,8,0,0,14,0,475,14:51:00,0.2,0.8,1
Kelly Kisio,1983,1995,C,761,229,429,658,-1,768,155,59,15,16,281,141,7,1347,17,NA,NA,36.4,10.4,46.8
Bill Kitchen,1982,1985,D,41,1,4,5,-12,40,1,0,0,0,3,0,1,27,3.7,NA,NA,-0.4,1.5,1.1
Hobie Kitchen,1926,1927,D,47,5,4,9,NA,58,NA,NA,NA,2,NA,NA,NA,NA,NA,NA,NA,0.7,4.2,4.9
Mike Kitchen,1977,1984,D,474,12,62,74,-139,370,11,0,1,1,58,3,1,323,3.7,NA,NA,-3.3,21.1,17.8
Joel Kiviranta,2020,2026,F,348,38,31,69,8,100,35,1,2,2,31,0,0,364,10.4,3873,11:08:00,-0.2,4.7,4.5
Patric Kjellberg,1993,2003,RW,394,64,96,160,-50,84,41,22,1,9,70,25,1,561,11.4,6681,17:16:00,4.6,6.6,11.2
Adam Klapka,2024,2026,F,115,13,16,29,-16,160,12,1,0,0,15,1,0,127,10.2,1169,10:10:00,1,1.1,2
Linus Klasen,2011,2011,LW,4,0,0,0,-3,0,0,0,0,0,0,0,0,4,0,52,12:53:00,-0.1,-0.1,-0.2
Ralph Klassen,1976,1984,C,497,52,93,145,-132,120,37,10,5,7,74,10,9,597,8.7,NA,NA,-5.1,4.3,-0.8
Trent Klatt,1992,2004,RW,782,143,200,343,44,307,96,41,6,23,155,41,4,1276,11.2,6973,14:33:00,17.6,12,29.6
Ken Klee,1995,2009,D,934,55,140,195,30,880,48,6,1,13,109,24,7,1053,5.2,14520,18:59:00,-0.3,34.2,33.9
Oscar Klefbom,2014,2020,D,378,34,122,156,-64,74,26,7,1,7,72,49,1,890,3.8,8626,22:49:00,9.6,13.6,23.2
Kevin Klein,2006,2017,D,627,38,116,154,22,185,37,1,0,10,109,3,4,640,5.9,11637,18:34:00,7.3,26.1,33.4
Lloyd Klein,1929,1938,LW,164,30,25,55,NA,68,23,3,0,4,19,4,0,NA,NA,NA,NA,2.4,2.1,4.5
Scot Kleinendorst,1983,1990,D,281,12,46,58,-12,452,11,1,0,0,40,5,1,186,6.5,NA,NA,-0.7,15,14.3
Anton Klementyev,2010,2010,D,1,0,0,0,0,0,0,0,0,0,0,0,0,0,NA,6,06:20:00,0,0,0
Jon Klemm,1992,2008,D,773,42,100,142,73,436,32,7,3,8,81,13,6,775,5.4,11094,17:50:00,2.9,37.3,40.2
Jakub Klepiš,2006,2007,C,66,4,10,14,-13,36,4,0,0,0,6,4,0,64,6.3,594,09:00:00,0.2,0.1,0.2
Rostislav Klesla,2001,2014,D,659,48,111,159,-46,620,40,8,0,4,79,29,3,922,5.2,13204,20:02:00,7.2,27.4,34.5
Tyler Kleven,2023,2026,D,166,7,24,31,-11,84,7,0,0,1,21,1,2,186,3.8,2589,15:36:00,0.5,5,5.5
Petr Klíma,1986,1999,W,786,313,260,573,-122,671,230,77,6,36,150,110,0,1852,16.9,78,05:58:00,39.3,6.9,46.2
Morgan Klimchuk,2018,2018,LW,1,0,0,0,0,0,0,0,0,0,0,0,0,0,NA,7,07:25:00,0,0,0
Sergei Klimovich,1997,1997,C,1,0,0,0,0,2,0,0,0,0,0,0,0,0,NA,NA,NA,0,0,0
Ike Klingbeil,1937,1937,D,5,1,2,3,NA,2,1,0,0,0,2,0,0,NA,NA,NA,NA,0.2,0.1,0.3
Carl Klingberg,2011,2015,LW,12,1,0,1,0,4,1,0,0,0,0,0,0,10,10,77,06:23:00,0,0.1,0.1
John Klingberg,2015,2026,D,699,92,348,440,-56,287,66,26,0,26,205,143,0,1341,6.9,15673,22:25:00,36.3,30.5,66.8
Rob Klinkhammer,2011,2016,LW,193,22,21,43,4,64,20,2,0,2,21,0,0,238,9.2,2177,11:17:00,1.1,2.7,3.8
Justin Kloos,2018,2019,C,2,0,0,0,0,2,0,0,0,0,0,0,0,2,0,16,07:52:00,0,0,0
Tomáš Klouček,2001,2006,D,141,2,8,10,-9,250,2,0,0,0,7,0,1,56,3.6,1728,12:15:00,-0.6,1.8,1.2
Joe Klukay,1947,1956,LW,566,109,127,236,NA,189,92,12,5,27,110,15,2,NA,NA,NA,NA,10.4,9.9,20.3
Gord Kluzak,1983,1991,D,299,25,98,123,39,541,16,8,1,3,56,41,1,467,5.4,NA,NA,4.4,18.9,23.3
Samuel Kňažko,2023,2023,D,2,0,0,0,0,0,0,0,0,0,0,0,0,0,NA,31,15:39:00,0,0.1,0
Artemi Kniazev,2022,2022,D,1,0,0,0,-2,0,0,0,0,0,0,0,0,2,0,12,11:59:00,0,-0.1,-0.1
Bill Knibbs,1965,1965,C,53,7,10,17,-16,4,7,0,0,0,8,1,1,66,10.6,NA,NA,-0.1,0.4,0.4
Matthew Knies,2023,2026,LW,239,67,93,160,-12,119,55,11,1,11,70,22,1,410,16.3,4046,16:56:00,11.5,3.8,15.3
Corban Knight,2014,2019,C,52,4,8,12,-3,4,4,0,0,0,8,0,0,32,12.5,484,09:18:00,0.4,0.4,0.8
Fred Knipscheer,1994,1996,C,28,6,3,9,4,18,6,0,0,2,2,0,1,37,16.2,NA,NA,0.2,0.6,0.8
Nick Knott,1942,1942,D,14,3,1,4,NA,9,1,2,0,0,1,0,0,NA,NA,NA,NA,0.3,0.7,1
Paul Knox,1955,1955,RW,1,0,0,0,NA,0,0,0,0,0,0,0,0,NA,NA,NA,NA,0,0,0
Mike Knuble,1997,2013,RW,1068,278,270,548,76,641,192,81,5,36,185,83,2,2004,13.9,16769,15:50:00,40.3,20.1,60.4
Espen Knutsen,1998,2004,C,207,30,81,111,-61,105,17,11,2,2,37,42,2,224,13.4,3547,17:08:00,5.1,2.3,7.4
Nikolai Knyzhov,2020,2024,D,81,3,9,12,-30,55,3,0,0,1,9,0,0,67,4.5,1340,16:33:00,-0.1,0.8,0.7
Matt Koalska,2006,2006,C,3,0,0,0,-1,2,0,0,0,0,0,0,0,3,0,17,05:44:00,-0.1,0,-0.1
Chuck Kobasew,2003,2014,RW,601,110,100,210,-33,394,76,30,4,20,79,21,0,909,12.1,7849,13:04:00,11.8,7.9,19.7
Patrik Koch,2024,2024,D,1,0,0,0,0,10,0,0,0,0,0,0,0,1,0,9,09:20:00,0,0,0
David Kočí,2007,2011,LW,142,3,1,4,-13,461,3,0,0,0,1,0,0,33,9.1,603,04:15:00,-0.5,0,-0.5
Joe Kocur,1985,1999,RW,820,80,82,162,-99,2519,72,8,0,14,70,12,0,785,10.2,777,07:37:00,-11.7,7.1,-4.6
Greg Koehler,2001,2001,C,1,0,0,0,0,0,0,0,0,0,0,0,0,0,NA,1,00:46:00,0,0,0
Slater Koekkoek,2015,2022,D,186,8,26,34,1,104,8,0,0,2,26,0,0,198,4,2556,13:45:00,1.1,4.7,5.9
Cole Koepke,2023,2026,LW,164,18,18,36,-4,35,17,0,1,3,18,0,0,190,9.5,1714,10:27:00,0.6,2,2.6
Dustin Kohn,2010,2010,D,22,0,4,4,-2,4,0,0,0,0,4,0,0,7,0,255,11:36:00,0.1,0.3,0.5
Ladislav Kohn,1996,2003,RW,186,14,28,42,-41,125,11,1,2,1,26,2,0,290,4.8,2133,11:47:00,-0.4,0.8,0.4
Ville Koistinen,2008,2010,D,103,8,24,32,14,40,5,3,0,3,10,14,0,114,7,1498,14:33:00,2.5,4.6,7.1
Tom Koivisto,2003,2003,D,22,2,4,6,1,10,2,0,0,1,1,3,0,26,7.7,368,16:44:00,0.5,0.7,1.2
Mikko Koivu,2006,2021,C,1035,206,505,711,68,594,136,60,10,33,299,191,15,2273,9.1,19805,19:08:00,42.9,27.4,70.3
Saku Koivu,1996,2014,C,1124,255,577,832,10,809,165,79,11,46,348,211,18,2024,12.6,18381,18:32:00,57.8,21.8,79.6
Otto Koivula,2020,2023,LW,28,0,4,4,-1,6,0,0,0,0,4,0,0,17,0,236,08:25:00,-0.3,0.3,0
Ville Koivunen,2025,2026,RW,47,2,12,14,-10,14,1,1,0,0,6,6,0,51,3.9,642,13:39:00,-0.2,0.3,0.1
Krys Kolanos,2002,2012,C,149,20,22,42,0,94,17,3,0,6,17,5,0,231,8.7,1828,12:16:00,1.6,2,3.6
Chad Kolarik,2010,2011,C,6,0,1,1,-2,2,0,0,0,0,1,0,0,6,0,49,08:15:00,0,0,-0.1
Pavel Kolařík,2001,2002,D,23,0,0,0,-2,10,0,0,0,0,0,0,0,7,0,176,07:39:00,-0.2,0.2,0
Keegan Kolesar,2020,2026,RW,438,44,76,120,-26,323,41,1,2,5,73,0,3,432,10.2,5129,11:43:00,1.8,4.8,6.6
Mark Kolesar,1996,1997,LW,28,2,2,4,-3,14,2,0,0,0,2,0,0,13,15.4,NA,NA,-0.6,0.3,-0.3
Juraj Kolník,2001,2007,RW,240,46,49,95,-13,84,38,7,1,5,42,6,1,420,11,3192,13:18:00,5.7,2.8,8.5
Dean Kolstad,1989,1993,D,40,1,7,8,-16,69,0,1,0,0,4,3,0,72,1.4,NA,NA,-0.2,1.3,1.2
Konstantin Koltsov,2003,2006,RW,144,12,26,38,-42,50,9,2,1,3,21,4,1,199,6,2080,14:27:00,-0.5,0.6,0
Vladislav Kolyachonok,2022,2026,D,87,5,12,17,-5,22,5,0,0,2,12,0,0,63,7.9,1216,13:58:00,0.6,2.4,3
Neil Komadoski,1973,1980,D,502,16,76,92,-33,632,11,5,0,1,68,6,2,424,3.8,NA,NA,-1.5,27.9,26.4
Zenith Komarniski,2000,2004,D,21,1,1,2,-1,10,1,0,0,0,1,0,0,22,4.5,326,15:32:00,-0.1,0.5,0.5
Leo Komarov,2013,2022,C,491,63,107,170,20,207,49,10,4,10,91,11,5,644,9.8,7438,15:09:00,4.5,8.9,13.5
Mike Komisarek,2003,2014,D,551,14,67,81,-19,679,12,0,2,2,62,0,5,479,2.9,9357,16:59:00,-0.7,18.2,17.6
Matthew Konan,2013,2013,D,2,0,0,0,0,0,0,0,0,0,0,0,0,4,0,32,15:56:00,0,0.1,0
Maxim Kondratiev,2004,2008,D,40,1,2,3,-4,24,0,1,0,0,2,0,0,23,4.3,611,15:17:00,-0.3,1,0.7
Travis Konecny,2017,2026,RW,723,225,319,544,-29,522,175,39,11,31,237,75,7,1744,12.9,12615,17:27:00,41.6,13.8,55.4
George Konik,1968,1968,D/LW,52,7,8,15,-9,26,6,1,0,1,7,1,0,50,14,NA,NA,1.2,2.6,3.8
Zenon Konopka,2006,2014,C,346,12,18,30,-49,1082,9,3,0,2,15,3,0,200,6,2919,08:26:00,-3.8,1.3,-2.6
Steve Konowalchuk,1992,2006,LW,790,171,225,396,69,703,129,34,8,26,181,37,7,1422,12,8503,17:06:00,21.2,15.6,36.8
Steve Konroyd,1981,1995,D,895,41,195,236,24,863,33,7,1,3,153,35,7,1231,3.3,NA,NA,1.9,44.1,46
Vladimir Konstantinov,1992,1997,D,446,47,128,175,185,838,38,5,4,8,107,17,4,656,7.2,NA,NA,9.6,33,42.6
Petri Kontiola,2008,2008,C,12,0,5,5,5,6,0,0,0,0,5,0,0,13,0,175,14:33:00,0,0.4,0.4
Chris Kontos,1983,1993,LW/C,230,54,69,123,-24,103,37,16,1,4,52,17,0,343,15.7,NA,NA,4.1,2.4,6.5
Russ Kopak,1944,1944,C,24,7,9,16,NA,0,7,0,0,1,9,0,0,NA,NA,NA,NA,0.3,0.2,0.5
Tomáš Kopecký,2006,2015,C,578,68,106,174,-54,307,54,11,3,10,82,24,0,934,7.3,7521,13:01:00,5.4,5.8,11.2
Anže Kopitar,2007,2026,C,1520,452,864,1316,128,358,309,129,14,79,522,328,14,3426,13.2,31496,20:43:00,97.5,45,142.5
Joona Koppanen,2023,2026,LW,33,1,2,3,-5,6,1,0,0,0,2,0,0,23,4.3,390,11:50:00,-0.7,0.3,-0.4
Jerry Korab,1971,1985,D,975,114,341,455,62,1629,73,37,4,13,206,127,8,1934,5.9,NA,NA,25.3,54.3,79.5
Kevin Korchinski,2024,2026,D,104,6,13,19,-48,32,6,0,0,2,6,7,0,113,5.3,1926,18:31:00,0.1,2,2
Kaedan Korczak,2022,2026,D,154,4,32,36,31,36,4,0,0,0,31,1,0,141,2.8,2456,15:57:00,0.8,8,8.8
Dan Kordic,1992,1999,LW,197,4,8,12,-4,584,4,0,0,0,8,0,0,62,6.5,198,03:09:00,-5,4.6,-0.5
John Kordic,1986,1992,RW,244,17,18,35,-30,997,14,3,0,0,18,0,0,136,12.5,NA,NA,-5.4,2.5,-2.9
Jim Korn,1980,1990,D/LW,597,66,122,188,-131,1801,51,11,4,6,100,19,3,604,10.9,NA,NA,2.6,17.2,19.8
Mike Korney,1974,1979,RW,77,9,10,19,-16,59,7,2,0,1,9,1,0,93,9.7,NA,NA,-1,0.7,-0.3
Dmitry Korobov,2014,2014,D,3,0,1,1,0,2,0,0,0,0,1,0,0,0,NA,32,10:41:00,0.1,0.1,0.1
Evgeny Korolev,2000,2002,D,42,1,4,5,-10,20,1,0,0,0,3,1,0,27,3.7,585,13:56:00,0,0.4,0.4
Igor Korolev,1993,2004,C,795,119,227,346,-29,330,84,28,7,21,182,41,4,983,12.1,7706,15:45:00,12.6,10.3,22.9
Cliff Koroll,1970,1980,RW,814,208,254,462,105,376,151,53,4,39,191,61,2,1451,14.3,NA,NA,21.5,15.2,36.7
Alexander Korolyuk,1998,2004,LW,296,62,80,142,26,140,49,13,0,5,64,16,0,540,11.5,3915,13:13:00,10.6,5.4,16.1
Lauri Korpikoski,2009,2017,LW,609,86,115,201,-49,132,71,9,6,12,96,12,7,850,10.1,8791,14:26:00,6.8,8,14.8
Egor Korshkov,2020,2020,F,1,1,0,1,1,0,1,0,0,0,0,0,0,1,100,10,10:08:00,0.2,0,0.2
Roger Kortko,1985,1986,C,79,7,17,24,-13,28,6,1,0,1,17,0,0,73,9.6,NA,NA,-0.9,0.5,-0.5
Scott Kosmachuk,2016,2016,RW,8,0,3,3,1,2,0,0,0,0,3,0,0,9,0,92,11:32:00,0.1,0.1,0.2
Kalle Kossila,2017,2019,LW,19,2,1,3,-5,4,2,0,0,1,1,0,0,21,9.5,180,09:29:00,0,0,0
Klim Kostin,2020,2025,C/LW,190,25,28,53,-9,169,25,0,0,3,26,2,0,163,15.3,1937,10:12:00,2.2,1.8,3.9
Andrei Kostitsyn,2006,2012,LW,398,103,119,222,15,181,69,34,0,20,95,24,0,826,12.5,6079,15:16:00,18.1,7.7,25.8
Sergei Kostitsyn,2008,2013,LW,353,67,109,176,23,188,50,14,3,8,83,26,0,414,16.2,5378,15:14:00,11.3,7,18.3
Mike Kostka,2013,2016,D,85,4,17,21,10,39,4,0,0,1,12,5,0,114,3.5,1535,18:04:00,0.9,3.5,4.5
Tom Kostopoulos,2002,2013,RW,630,61,96,157,-48,723,48,5,8,4,87,5,4,784,7.8,7854,12:28:00,0.7,6.7,7.4
Doug Kostynski,1984,1985,C,15,3,1,4,3,4,3,0,0,0,1,0,0,12,25,NA,NA,-0.1,0.3,0.2
Aleš Kotalík,2002,2011,RW,542,136,148,284,-46,348,90,46,0,22,81,67,0,1373,9.9,8075,14:54:00,21,6.8,27.9
Dick Kotanen,1951,1951,D,1,0,0,0,NA,0,0,0,0,0,0,0,0,NA,NA,NA,NA,0,0,0
Jesperi Kotkaniemi,2019,2026,C,518,78,125,203,10,242,71,6,1,9,101,23,1,771,10.1,6983,13:29:00,8.3,8.5,16.9
Chris Kotsopoulos,1981,1990,D,479,44,109,153,-64,827,32,12,0,1,67,38,4,716,6.1,NA,NA,4.2,20.4,24.6
Johnathan Kovacevic,2022,2026,D,258,10,43,53,25,193,10,0,0,1,43,0,0,251,4,4621,17:55:00,0.5,12.4,12.9
Ilya Kovalchuk,2002,2020,LW,926,443,433,876,-146,544,289,144,10,64,243,185,5,3223,13.7,19672,21:15:00,86.7,16.7,103.4
Andrei Kovalenko,1993,2001,RW,620,173,206,379,-28,389,124,47,2,31,143,62,1,1028,16.8,4177,14:39:00,26.5,7,33.5
Nikolai Kovalenko,2025,2025,RW,57,7,13,20,-9,16,4,3,0,0,12,1,0,45,15.6,703,12:20:00,0.7,0.5,1.2
Alex Kovalev,1993,2013,RW,1316,430,599,1029,-31,1304,288,133,9,70,343,247,9,3585,12,20064,20:03:00,79.5,23.6,103.1
Joe Kowal,1977,1978,LW,22,0,5,5,3,13,0,0,0,0,5,0,0,9,0,NA,NA,-0.5,0.4,-0.1
Don Kozak,1973,1979,RW,437,96,86,182,-39,480,80,16,0,18,74,12,0,557,17.2,NA,NA,4.5,5.7,10.2
Les Kozak,1962,1962,LW,12,1,0,1,-1,2,1,0,0,0,0,0,0,4,25,NA,NA,-0.4,0.2,-0.1
Tyson Kozak,2025,2026,C,66,5,5,10,-3,4,4,1,0,0,5,0,0,41,12.2,725,10:59:00,-0.5,0.6,0.1
Viktor Kozlov,1995,2009,C,897,198,339,537,-3,248,139,54,5,19,225,110,4,2227,8.9,12180,18:00:00,34,16.2,50.2
Vyacheslav Kozlov,1992,2010,LW,1182,356,497,853,96,704,253,99,4,56,289,201,7,2843,12.5,15141,17:15:00,67.3,21.1,88.4
Brandon Kozun,2015,2015,RW,20,2,2,4,-3,6,2,0,0,0,2,0,0,8,25,158,07:55:00,0.3,0.1,0.3
Milan Kraft,2001,2004,C,207,41,41,82,-45,52,32,8,1,5,25,16,0,350,11.7,2779,13:26:00,5.5,1.2,6.7
Ryan Kraft,2003,2003,C,7,0,1,1,2,0,0,0,0,0,1,0,0,1,0,60,08:33:00,-0.1,0.1,0.1
Stephen Kraftcheck,1951,1959,D,156,11,18,29,NA,83,5,6,0,0,12,6,0,NA,NA,NA,NA,1.5,6.1,7.7
Lukáš Krajíček,2002,2010,D,328,11,61,72,-30,245,6,5,0,2,38,21,2,349,3.2,5957,18:10:00,1.7,10.7,12.4
Skip Krake,1964,1971,C,249,23,40,63,-54,182,13,6,4,0,29,10,1,299,7.7,NA,NA,-3.1,2,-1.1
Filip Král,2023,2023,D,2,0,0,0,0,2,0,0,0,0,0,0,0,1,0,20,09:58:00,0,0,0
Igor Kravchuk,1992,2003,D,699,64,210,274,-57,251,34,28,2,8,99,109,2,1486,4.3,7840,21:43:00,16.9,31.3,48.2
Mikhail Kravets,1992,1993,RW,2,0,0,0,-1,0,0,0,0,0,0,0,0,2,0,NA,NA,-0.1,0,-0.1
Vitali Kravtsov,2021,2023,RW,64,6,6,12,-3,14,5,1,0,0,4,2,0,66,9.1,741,11:35:00,-0.3,0.7,0.4
Peyton Krebs,2021,2026,C,377,42,91,133,-17,277,38,2,2,8,78,13,0,380,11.1,5140,13:38:00,3,4.8,7.8
Chris Kreider,2013,2026,LW,957,348,284,632,117,609,211,124,13,53,208,73,3,2298,15.1,16214,16:57:00,55.2,22.3,77.5
David Krejčí,2007,2023,C,1032,231,555,786,166,359,173,54,4,43,398,149,8,1848,12.5,18405,17:50:00,57.5,26.5,84
Dale Krentz,1987,1989,LW,30,5,3,8,-3,9,5,0,0,2,1,2,0,37,13.5,NA,NA,-0.2,0.3,0.1
Kamil Kreps,2007,2010,C,232,18,42,60,4,71,15,2,1,4,38,3,1,279,6.5,3032,13:04:00,-0.3,3.4,3.1
Jordan Krestanovich,2002,2004,LW,22,0,2,2,1,6,0,0,0,0,1,1,0,31,0,210,09:34:00,-0.4,0.3,-0.1
Jaroslav Kristek,2003,2003,RW,6,0,0,0,-2,4,0,0,0,0,0,0,0,4,0,70,11:37:00,-0.2,0,-0.2
Sergei Krivokrasov,1993,2002,RW,450,86,109,195,0,288,62,24,0,18,86,23,0,887,9.7,3967,14:01:00,10.5,6.5,17
Jason Krog,2000,2009,C,202,22,37,59,5,46,18,3,1,3,30,6,1,259,8.5,2487,12:19:00,1.8,3.4,5.1
Joe Krol,1937,1942,LW,26,10,4,14,NA,8,10,0,0,0,4,0,0,NA,NA,NA,NA,0.9,0.3,1.2
Richard Kromm,1984,1993,LW,372,70,103,173,52,138,67,1,2,8,96,5,2,539,13,NA,NA,2.8,5.4,8.2
Robert Kron,1991,2002,LW,771,144,194,338,-72,119,102,31,11,21,152,35,7,1606,9,5779,16:17:00,13.3,9.9,23.2
Niklas Kronwall,2004,2019,D,953,83,349,432,-5,564,49,34,0,14,196,146,7,1272,6.5,20681,21:42:00,31.1,43.3,74.3
Staffan Kronwall,2006,2010,D,66,1,3,4,-7,23,1,0,0,1,3,0,0,37,2.7,789,11:57:00,-0.4,1.1,0.7
Kevin Krook,1979,1979,D,3,0,0,0,0,2,0,0,0,0,0,0,0,0,NA,NA,NA,-0.1,0.2,0.1
Vlastimil Kroupa,1994,1998,D,105,4,19,23,-46,66,2,2,0,1,14,4,1,56,7.1,32,16:04:00,0.3,1.9,2.2
Torey Krug,2012,2024,D,778,89,394,483,0,374,55,32,2,18,207,187,0,1853,4.8,15954,20:30:00,40.1,32.7,72.8
Marcus Krüger,2011,2019,C,520,38,85,123,5,234,38,0,0,8,78,5,2,605,6.3,6854,13:11:00,-1.5,6.8,5.3
Jim Krulicki,1971,1971,LW,41,0,3,3,-8,6,0,0,0,0,0,2,1,21,0,NA,NA,-1.5,0.3,-1.1
Uwe Krupp,1987,2003,D,729,69,212,281,97,660,44,23,2,7,131,72,9,1111,6.2,2266,20:14:00,14.1,40.6,54.7
Gord Kruppke,1991,1994,D,23,0,0,0,-2,32,0,0,0,0,0,0,0,12,0,NA,NA,-0.5,0.8,0.3
Paul Kruse,1991,2001,LW,423,38,33,71,-18,1074,38,0,0,5,33,0,0,357,10.6,348,06:19:00,-5.1,4.2,-0.9
Mike Krushelnyski,1982,1995,LW/C,897,241,328,569,179,699,180,47,14,25,275,42,11,1499,16.1,NA,NA,24.5,13.9,38.4
Vladimir Krutov,1990,1990,LW,61,11,23,34,-5,20,9,2,0,1,15,8,0,81,13.6,NA,NA,1,0.8,1.8
Todd Krygier,1990,1998,LW,543,100,143,243,-26,533,81,14,5,12,121,17,5,1085,9.2,594,13:12:00,7.4,6.7,14
Dave Kryskow,1973,1976,LW,231,33,56,89,-33,174,29,2,2,2,51,5,0,290,11.4,NA,NA,0.1,2.8,2.8
Ed Kryzanowski,1949,1953,D,237,15,22,37,NA,65,10,4,1,3,17,4,1,NA,NA,NA,NA,1.3,12.9,14.2
Filip Kuba,1999,2013,D,836,70,263,333,-56,361,36,29,5,15,140,115,8,1199,5.8,19187,22:57:00,21.6,41.9,63.5
Dominik Kubalík,2020,2024,LW,357,93,83,176,-62,93,71,22,0,9,53,30,0,739,12.6,5084,14:14:00,12.5,3.9,16.4
Tomáš Kubalík,2011,2012,RW,12,1,3,4,-6,6,1,0,0,0,3,0,0,13,7.7,165,13:47:00,0.1,-0.1,0
Pavel Kubina,1998,2012,D,970,110,276,386,-102,1123,51,54,5,28,164,107,5,1748,6.3,21246,21:54:00,28.7,35.4,64.1
František Kučera,1991,2002,D,465,24,95,119,13,251,18,6,0,4,72,21,2,668,3.6,2121,19:07:00,2.8,25.1,27.9
Nikita Kucherov,2014,2026,RW,878,401,723,1124,201,436,296,104,1,65,426,297,0,2711,14.8,16777,19:06:00,107.8,24.9,132.7
Alexei Kudashov,1994,1994,C,25,1,0,1,-3,4,1,0,0,0,0,0,0,24,4.2,NA,NA,-0.8,0.2,-0.6
Bob Kudelski,1988,1996,RW,442,139,102,241,-83,218,95,38,6,15,70,30,2,900,15.4,NA,NA,13.1,3.1,16.2
Kristián Kudroč,2001,2004,D,26,2,2,4,0,38,2,0,0,1,2,0,0,12,16.7,231,08:54:00,0.4,0.5,0.9
Kirill Kudryavtsev,2025,2026,D,4,0,2,2,4,0,0,0,0,0,2,0,0,5,0,58,14:24:00,0.1,0.4,0.6
Ryan Kuffner,2019,2019,LW,10,0,0,0,-4,0,0,0,0,0,0,0,0,8,0,109,10:56:00,-0.3,0,-0.3
Karson Kuhlman,2019,2023,C,147,12,18,30,-4,29,11,1,0,3,18,0,0,207,5.8,1740,11:50:00,-0.8,2.1,1.3
Gord Kuhn,1933,1933,RW,9,1,1,2,NA,4,NA,NA,NA,1,NA,NA,NA,NA,NA,NA,NA,-0.1,0.1,0.1
Tom Kühnhackl,2016,2020,RW,232,18,36,54,2,60,15,0,3,3,31,1,4,222,8.1,2584,11:08:00,0.5,2.7,3.2
Dean Kukan,2016,2022,D,153,5,25,30,3,46,4,1,0,0,25,0,0,152,3.3,2303,15:03:00,0.7,5.5,6.1
Lasse Kukkonen,2004,2009,D,159,6,16,22,3,90,5,1,0,2,12,3,1,104,5.8,2472,15:33:00,0.1,5.5,5.7
Aggie Kukulowicz,1953,1954,C,4,1,0,1,NA,0,0,1,0,0,0,0,0,NA,NA,NA,NA,0,0,0.1
Brett Kulak,2015,2026,D,662,29,108,137,2,276,28,0,1,4,103,1,4,889,3.3,11307,17:05:00,2.5,22.5,25
Stu Kulak,1983,1989,RW,90,8,4,12,-20,130,6,2,0,2,4,0,0,98,8.2,NA,NA,-2,0.6,-1.4
Artūrs Kulda,2010,2012,D,15,0,2,2,3,8,0,0,0,0,2,0,0,16,0,168,11:12:00,0,0.6,0.6
Nikolai Kulemin,2009,2018,LW,669,121,153,274,15,173,106,9,6,21,128,22,3,995,12.2,10217,15:16:00,14.9,10.6,25.5
Mikhail Kuleshov,2004,2004,LW,3,0,0,0,-1,0,0,0,0,0,0,0,0,4,0,34,11:19:00,-0.1,0,-0.1
Jiri Kulich,2024,2026,C,75,18,11,29,-9,22,18,0,0,3,11,0,0,155,11.6,1128,15:03:00,1.6,0.8,2.4
Dmitry Kulikov,2010,2026,D,1037,50,197,247,-29,639,39,10,1,9,152,42,3,1181,4.2,20135,19:25:00,7,39.7,46.7
Arnie Kullman,1948,1950,C,13,0,1,1,NA,11,0,0,0,0,1,0,0,NA,NA,NA,NA,-0.5,0.1,-0.4
Eddie Kullman,1948,1954,RW,343,56,70,126,NA,300,52,4,0,4,66,4,0,NA,NA,NA,NA,3.7,3.8,7.4
Jarno Kultanen,2001,2003,D,102,2,11,13,-3,59,2,0,0,1,7,4,0,110,1.8,1721,16:52:00,-0.3,3.2,3
Mark Kumpel,1985,1991,RW,288,38,46,84,-8,113,36,1,1,4,45,1,0,353,10.8,NA,NA,-2.4,3.9,1.5
Tomáš Kundrátek,2012,2013,D,30,1,6,7,-5,10,1,0,0,0,3,3,0,25,4,452,15:05:00,0.3,0.4,0.7
Luke Kunin,2018,2026,C,495,75,74,149,-105,434,69,4,2,5,64,10,0,756,9.9,7039,14:13:00,2.7,4.9,7.7
Chris Kunitz,2004,2019,LW,1022,268,351,619,184,746,185,77,6,46,268,80,3,2138,12.5,16413,16:04:00,49.3,24.7,74
Trevor Kuntar,2026,2026,C,1,0,0,0,-1,0,0,0,0,0,0,0,0,0,NA,5,05:12:00,0,0,0
Alan Kuntz,1942,1946,LW,45,10,12,22,NA,12,9,1,0,2,12,0,0,NA,NA,NA,NA,0.6,0.8,1.3
Murray Kuntz,1975,1975,LW,7,1,2,3,6,0,1,0,0,0,2,0,0,16,6.3,NA,NA,0,0.3,0.3
Cody Kunyk,2014,2014,RW,1,0,0,0,0,0,0,0,0,0,0,0,0,2,0,10,10:12:00,0,0,0
Janne Kuokkanen,2018,2022,C/LW,119,14,28,42,-26,28,11,2,1,2,25,3,0,137,10.2,1640,13:47:00,1,0.8,1.9
Rasmus Kupari,2021,2025,C,217,14,24,38,-21,52,12,1,1,2,21,2,1,193,7.3,2281,10:31:00,-1.3,1.9,0.6
Sean Kuraly,2017,2026,C,644,70,105,175,-47,384,68,1,1,7,97,2,6,973,7.2,8749,13:35:00,-0.2,8.2,8
Philipp Kurashev,2021,2026,C,359,55,95,150,-129,91,44,11,0,9,70,25,0,510,10.8,5564,15:30:00,4.5,3.1,7.6
Tomáš Kůrka,2003,2004,LW,17,3,2,5,1,2,3,0,0,0,2,0,0,25,12,236,13:53:00,0.2,0.4,0.6
Jari Kurri,1981,1998,W/C,1251,601,797,1398,304,545,407,155,39,72,514,240,43,3149,19.1,1044,14:55:00,98.7,18.7,117.4
Orland Kurtenbach,1961,1974,C,640,119,213,332,-63,633,82,30,7,18,166,42,5,1280,9.3,NA,NA,12.5,7.6,20.1
Justin Kurtz,2002,2002,D,27,3,5,8,-4,14,1,2,0,0,1,4,0,30,10,431,15:58:00,0.7,0.4,1.2
Tom Kurvers,1985,1995,D,659,93,328,421,-38,350,47,44,2,10,139,183,6,1256,7.4,NA,NA,25.2,29.1,54.3
Dale Kushner,1990,1992,RW,84,10,13,23,-9,215,9,1,0,1,13,0,0,78,12.8,NA,NA,-0.6,1,0.3
Zdeněk Kutlák,2001,2004,D,16,1,2,3,-4,4,1,0,0,0,2,0,0,8,12.5,205,12:49:00,0.2,0.1,0.3
Andrei Kuzmenko,2023,2026,F,271,85,97,182,-10,50,51,34,0,15,67,30,0,416,20.4,4194,15:29:00,14,4.4,18.5
Evgeny Kuznetsov,2014,2024,C,743,173,402,575,38,394,120,48,5,31,276,124,2,1575,11,13002,17:30:00,41.3,15.7,56.9
Maxim Kuznetsov,2001,2004,D,136,2,8,10,-5,137,2,0,0,0,8,0,0,88,2.3,1689,12:25:00,-0.5,2.7,2.2
Yan Kuznetsov,2024,2026,D,58,4,8,12,-9,28,4,0,0,1,6,0,2,66,6.1,1157,19:57:00,0.2,2.4,2.5
Greg Kuznik,2001,2001,D,1,0,0,0,0,0,0,0,0,0,0,0,0,0,NA,8,07:32:00,0,0,0
Ken Kuzyk,1977,1978,RW,41,5,9,14,0,8,5,0,0,0,6,3,0,68,7.4,NA,NA,-0.1,0.7,0.5
Dmitri Kvartalnov,1993,1994,LW,112,42,49,91,0,26,27,15,0,4,27,22,0,294,14.3,NA,NA,5.9,1.5,7.4
Oleg Kvasha,1999,2006,LW/C,493,81,136,217,0,335,63,14,4,11,96,36,4,889,9.1,6953,14:06:00,12.4,7.2,19.5
Joel Kwiatkowski,2001,2008,D,282,16,29,45,-27,245,12,4,0,3,22,6,1,314,5.1,4579,16:14:00,1.3,7,8.2
Larry Kwong,1948,1948,RW,1,0,0,0,NA,0,0,0,0,0,0,0,0,NA,NA,NA,NA,0,0,0
Bill Kyle,1950,1951,C,3,0,3,3,NA,0,0,0,0,0,3,0,0,NA,NA,NA,NA,0.2,0,0.2
Gus Kyle,1950,1952,D,203,6,20,26,NA,362,6,0,0,1,20,0,0,NA,NA,NA,NA,-0.2,11.4,11.1
Oliver Kylington,2016,2025,D,220,18,42,60,22,60,17,1,0,3,40,2,0,252,7.1,3381,15:22:00,3.5,8.3,11.8
Markku Kyllönen,1989,1989,RW,9,0,2,2,-3,2,0,0,0,0,1,1,0,7,0,NA,NA,-0.2,0,-0.2
Nick Kypreos,1990,1997,LW,442,46,44,90,-24,1210,46,0,0,9,43,1,0,313,14.7,NA,NA,-6.2,5.2,-1
Jordan Kyrou,2019,2026,C,487,168,209,377,-23,116,133,35,0,21,144,63,2,1274,13.2,7957,16:20:00,30.7,8.3,39
Jim Kyte,1983,1996,D,598,17,49,66,-91,1342,17,0,0,2,44,2,3,356,4.8,NA,NA,-5.8,21,15.3
Milan Kytnár,2012,2012,C,1,0,0,0,0,0,0,0,0,0,0,0,0,1,0,6,05:31:00,0,0,0
Moe L'Abbe,1973,1973,RW,5,0,1,1,1,0,0,0,0,0,1,0,0,4,0,NA,NA,-0.1,0.1,-0.1
Joel L'Esperance,2019,2021,RW,33,5,0,5,-6,10,4,1,0,1,0,0,0,34,14.7,356,10:46:00,0,0.3,0.3
Zachary L'Heureux,2025,2026,LW,86,9,11,20,-1,84,9,0,0,0,9,2,0,110,8.2,1065,12:23:00,-0.1,1.5,1.4
Teemu Laakso,2010,2012,D,17,0,0,0,-3,10,0,0,0,0,0,0,0,9,0,183,10:45:00,-0.2,0.1,-0.1
Antti Laaksonen,1999,2007,LW,483,81,87,168,-11,152,72,1,8,12,80,1,6,654,12.4,7277,15:04:00,5.9,8.6,14.5
Noah Laba,2026,2026,C,73,9,15,24,3,31,6,3,0,1,13,2,0,73,12.3,985,13:30:00,0.4,1.5,1.9
Mike Labadie,1953,1953,RW,3,0,0,0,NA,0,0,0,0,0,0,0,0,NA,NA,NA,NA,-0.1,0,-0.1
Kevin Labanc,2017,2025,RW,512,84,153,237,-87,229,71,13,0,15,105,48,0,921,9.1,7237,14:08:00,12.1,5.7,17.8
Joseph LaBate,2017,2026,C,20,0,1,1,-2,31,0,0,0,0,1,0,0,10,0,152,07:36:00,-0.3,0.1,-0.2
Neil Labatte,1979,1982,C/D,26,0,2,2,-4,19,0,0,0,0,2,0,0,17,0,NA,NA,-0.4,1.1,0.7
Marc Labelle,1997,1997,LW,9,0,0,0,-4,46,0,0,0,0,0,0,0,2,0,NA,NA,-0.3,0,-0.4
Samuel Laberge,2024,2024,W/C,2,0,0,0,0,0,0,0,0,0,0,0,0,0,NA,6,03:06:00,0,0,0
Leo Labine,1952,1962,RW,643,128,193,321,-34,728,102,26,0,19,159,34,0,423,6.6,NA,NA,18.4,10.5,28.9
Gord Labossiere,1964,1972,C,215,44,62,106,-37,71,40,4,0,4,56,6,0,429,10.3,NA,NA,4.4,2.2,6.6
Max Labovitch,1944,1944,RW,5,0,0,0,NA,4,0,0,0,0,0,0,0,NA,NA,NA,NA,-0.3,0,-0.3
Dan Labraaten,1979,1982,LW,268,71,73,144,-35,47,56,15,0,8,57,16,0,406,17.5,NA,NA,5.3,3.2,8.4
Yvon Labre,1971,1981,D,371,14,87,101,-93,788,12,0,2,0,72,15,0,397,3.5,NA,NA,1.7,14.7,16.4
Guy Labrie,1944,1945,D,42,4,9,13,NA,16,4,0,0,0,7,1,1,NA,NA,NA,NA,0.2,1.3,1.5
Pierre-Cédric Labrie,2012,2014,LW,46,2,3,5,-4,65,2,0,0,0,3,0,0,23,8.7,335,07:16:00,-0.2,0.1,-0.1
Elmer Lach,1941,1954,C,664,215,408,623,NA,478,153,60,2,45,302,104,2,NA,NA,NA,NA,47.7,13.3,61
Michel Lachance,1979,1979,D,21,0,4,4,-9,22,0,0,0,0,4,0,0,22,0,NA,NA,-0.1,0.8,0.7
Scott Lachance,1992,2004,D,819,31,112,143,-76,567,23,7,1,3,84,23,5,710,4.4,9853,20:04:00,-0.7,31.5,30.8
Shane Lachance,2026,2026,LW,1,0,0,0,0,0,0,0,0,0,0,0,0,0,NA,7,07:25:00,0,0,0
François Lacombe,1969,1980,D,78,2,17,19,-11,54,1,1,0,0,10,7,0,106,1.9,NA,NA,0.4,3.8,4.1
Jackson LaCombe,2023,2026,D,229,25,92,117,-27,71,19,5,1,3,66,23,3,340,7.4,5047,22:02:00,7.8,8,15.8
Normand Lacombe,1985,1991,RW,319,53,62,115,-5,196,45,8,0,6,61,0,1,358,14.8,NA,NA,0.1,3.9,3.9
Dan LaCouture,1999,2009,LW,337,20,25,45,-44,348,17,1,2,3,24,1,0,229,8.7,3104,09:13:00,-1.7,1.5,-0.2
André Lacroix,1968,1980,C,325,79,119,198,-31,44,49,30,0,11,78,41,0,702,11.3,NA,NA,10.9,4.2,15.1
Daniel Lacroix,1994,2000,LW,188,11,7,18,-5,379,10,1,0,0,7,0,0,115,9.6,308,05:03:00,-4.4,2,-2.5
Eric Lacroix,1994,2001,LW,472,67,70,137,-23,361,54,12,1,14,61,9,0,557,12,2608,09:37:00,4.2,4.3,8.5
Pierre Lacroix,1980,1983,D,274,24,108,132,-9,197,14,10,0,0,70,38,0,352,6.8,NA,NA,5.5,13,18.5
Tanner Laczynski,2021,2026,C,56,3,7,10,-6,12,3,0,0,0,6,1,0,43,7,541,09:39:00,-0.2,0.4,0.2
Andrew Ladd,2006,2022,LW,1001,256,294,550,20,615,199,51,6,36,233,54,7,2151,11.9,16524,16:30:00,41.7,17.5,59.3
Randy Ladouceur,1983,1996,D,930,30,126,156,-109,1322,28,2,0,4,101,18,7,771,3.9,NA,NA,-5.2,43.7,38.5
Paul Ladue,2017,2022,D,70,5,13,18,-2,22,4,1,0,3,9,4,0,76,6.6,981,14:01:00,1.2,2.4,3.6
Nathan LaFayette,1994,1999,C,187,17,20,37,-14,103,12,2,3,3,18,2,0,225,7.6,915,13:39:00,-1.9,2,0.1
Alex Laferriere,2024,2026,RW,239,52,56,108,11,82,45,5,2,9,49,7,0,547,9.5,3825,16:00:00,5.2,5.2,10.4
Sam Lafferty,2020,2026,C/LW,377,41,51,92,-41,196,36,0,5,6,50,0,1,408,10,4368,11:35:00,0.8,3.6,4.5
Christian Laflamme,1997,2004,D,324,2,45,47,-5,282,2,0,0,0,38,6,1,245,0.8,4821,15:04:00,-0.4,11.4,11
Guy Lafleur,1972,1991,RW,1126,560,793,1353,446,399,403,154,3,98,525,266,2,3516,15.9,NA,NA,106,24.6,130.5
Roland Lafleur,1925,1925,LW,1,0,0,0,NA,0,NA,NA,NA,0,NA,NA,NA,NA,NA,NA,NA,-0.1,0,0
Pat LaFontaine,1984,1998,C,865,468,545,1013,-6,552,301,156,11,59,312,233,0,2664,17.6,1208,18:02:00,82.1,10.7,92.8
Ernie Laforce,1943,1943,D,1,0,0,0,NA,0,0,0,0,0,0,0,0,NA,NA,NA,NA,0,0.1,0
Bob LaForest,1984,1984,RW,5,1,0,1,-4,2,0,1,0,0,0,0,0,15,6.7,NA,NA,-0.1,0,-0.1
Claude Laforge,1958,1969,LW,193,24,33,57,2,82,21,3,0,3,29,3,1,249,8.8,NA,NA,-1.2,3,1.8
Marc Laforge,1990,1994,LW,14,0,0,0,-3,64,0,0,0,0,0,0,0,0,NA,NA,NA,-0.3,0.6,0.3
Pete Laframboise,1972,1975,LW/C,227,33,55,88,-89,70,28,5,0,1,44,10,1,302,10.9,NA,NA,0.3,1.4,1.7
Adie Lafrance,1934,1934,LW,3,0,0,0,NA,2,0,0,0,0,0,0,0,NA,NA,NA,NA,-0.2,0.1,-0.1
Leo Lafrance,1927,1928,LW,34,2,0,2,NA,6,NA,NA,NA,0,NA,NA,NA,NA,NA,NA,NA,-1.5,0.6,-0.9
Alexis Lafrenière,2021,2026,LW,461,116,133,249,-14,176,100,16,0,24,119,14,0,845,13.7,7351,15:57:00,15,8.4,23.3
Jason Lafreniere,1987,1994,C,146,34,53,87,-15,22,18,16,0,2,28,25,0,170,20,NA,NA,3.1,1.8,4.9
Roger Lafreniere,1963,1973,LW,13,0,0,0,-1,4,0,0,0,0,0,0,0,4,0,NA,NA,-0.5,0.3,-0.2
Jean-Guy Lagace,1969,1976,D,197,9,39,48,-77,251,3,4,2,2,24,14,1,225,4,NA,NA,0.7,7,7.7
William Lagesson,2020,2025,D,107,0,12,12,1,58,0,0,0,0,12,0,0,76,0,1473,13:46:00,-0.6,2.9,2.2
Brooks Laich,2004,2018,C,776,134,198,332,-19,307,82,42,10,24,144,46,8,1469,9.1,11948,15:24:00,17,10.8,27.8
Tom Laidlaw,1981,1990,D,705,25,139,164,-4,717,22,2,1,3,121,8,10,487,5.1,NA,NA,-1,31.8,30.8
Kellan Lain,2014,2014,C,9,1,0,1,1,21,1,0,0,0,0,0,0,7,14.3,47,05:13:00,0.1,0.1,0.2
Patrik Laine,2017,2026,RW,537,224,198,422,-75,201,139,85,0,31,141,57,0,1512,14.8,9382,17:28:00,39.2,7.5,46.7
Quintin Laing,2004,2010,LW,79,3,8,11,8,31,3,0,0,1,8,0,0,91,3.3,844,10:41:00,-0.9,1,0.1
Robbie Laird,1980,1980,LW,1,0,0,0,-2,0,0,0,0,0,0,0,0,0,NA,NA,NA,0,0,-0.1
Serge Lajeunesse,1971,1975,D/RW,103,1,4,5,-43,103,0,0,1,0,4,0,0,96,1,NA,NA,-1.5,2.9,1.4
Maxime Lajoie,2019,2024,D,77,7,9,16,-22,20,3,4,0,0,4,5,0,91,7.7,1281,16:38:00,0.7,1,1.7
Sasha Lakovic,1997,1999,RW,37,0,4,4,-1,118,0,0,0,0,4,0,0,22,0,113,06:18:00,-0.7,0.4,-0.3
Hec Lalande,1954,1958,C,151,21,39,60,NA,118,19,2,0,2,25,14,0,NA,NA,NA,NA,1.5,1.5,3
David Laliberte,2010,2010,RW,11,2,1,3,1,6,2,0,0,1,1,0,0,8,25,86,07:47:00,0.3,0.1,0.4
Bobby Lalonde,1972,1982,C,641,124,210,334,-38,298,97,24,3,11,160,46,4,950,13.1,NA,NA,9.8,7.1,17
Newsy Lalonde,1918,1927,C,99,125,42,167,NA,185,NA,NA,NA,14,NA,NA,NA,NA,NA,NA,NA,19.4,2.8,22.2
Ron Lalonde,1973,1979,C,397,45,78,123,-104,106,35,6,4,3,69,5,4,385,11.7,NA,NA,-2.8,3.7,0.9
Shawn Lalonde,2013,2013,D,1,0,0,0,1,0,0,0,0,0,0,0,0,0,NA,15,14:47:00,0,0.1,0.1
Mike Lalor,1986,1997,D,687,17,88,105,-12,677,17,0,0,3,83,2,3,578,2.9,NA,NA,-4.8,36.4,31.5
Joe Lamb,1928,1938,RW,443,110,101,211,NA,595,29,2,0,19,37,5,0,NA,NA,NA,NA,19.1,7.1,26.2
Mark Lamb,1986,1996,C,403,46,100,146,-81,291,34,11,1,6,82,15,3,488,9.4,NA,NA,-0.5,3.1,2.6
Brad Lambert,2024,2026,C,30,3,5,8,-2,8,3,0,0,0,4,1,0,28,10.7,327,10:55:00,0.2,0.3,0.5
Dan Lambert,1991,1992,D,29,6,9,15,-5,22,4,2,0,0,4,5,0,42,14.3,NA,NA,1.1,1,2.1
Denny Lambert,1995,2002,LW,487,27,66,93,-23,1391,24,3,0,2,64,2,0,420,6.4,3490,09:40:00,-3.1,5.2,2
Lane Lambert,1984,1989,RW,283,58,66,124,-20,521,57,1,0,6,57,9,0,347,16.7,NA,NA,2,3.5,5.5
Yvon Lambert,1973,1982,LW,683,206,273,479,142,340,144,61,1,36,214,59,0,1040,19.8,NA,NA,25.3,10.3,35.6
Carson Lambos,2026,2026,D,1,0,0,0,1,0,0,0,0,0,0,0,0,1,0,10,10:16:00,0,0.1,0.1
Dick Lamby,1979,1981,D,22,0,5,5,-3,22,0,0,0,0,5,0,0,25,0,NA,NA,-0.1,1.1,1
Jean-Paul Lamirande,1947,1955,LW/D,49,5,5,10,NA,26,5,0,0,0,4,1,0,NA,NA,NA,NA,-0.8,0.7,-0.1
Hank Lammens,1994,1994,D,27,1,2,3,-20,22,1,0,0,0,1,0,1,6,16.7,NA,NA,-0.2,0,-0.3
Juho Lammikko,2019,2026,RW,183,11,17,28,-25,34,10,0,1,2,16,0,1,164,6.7,2072,11:19:00,-1.9,1.4,-0.5
Leo Lamoureux,1942,1947,C/D,236,19,79,98,NA,179,16,3,0,4,66,12,1,NA,NA,NA,NA,4.1,23.1,27.2
Maveric Lamoureux,2025,2026,D,20,1,3,4,7,44,1,0,0,0,3,0,0,21,4.8,315,15:45:00,0.1,1.2,1.3
Mitch Lamoureux,1984,1988,C,73,11,9,20,-18,59,9,0,2,1,7,1,1,95,11.6,NA,NA,-0.7,0.7,0
Bryce Lampman,2004,2007,D,10,0,0,0,-5,2,0,0,0,0,0,0,0,8,0,182,18:14:00,-0.2,-0.1,-0.3
Mike Lampman,1973,1977,LW,96,17,20,37,-15,34,15,2,0,1,17,3,0,156,10.9,NA,NA,0.4,1.2,1.6
Jack Lancien,1947,1951,D,63,1,5,6,NA,35,1,0,0,1,5,0,0,NA,NA,NA,NA,-0.4,3.4,3
Anton Lander,2012,2017,C,215,10,25,35,-41,56,5,4,1,2,21,3,1,210,4.8,2606,12:07:00,-2.2,1.4,-0.8
Gabriel Landeskog,2012,2026,LW,798,262,344,606,106,648,187,70,5,45,254,85,5,2161,12.1,15319,19:12:00,48.7,21,69.7
Larry Landon,1984,1985,RW,9,0,0,0,-3,2,0,0,0,0,0,0,0,10,0,NA,NA,-0.3,0.1,-0.3
Éric Landry,1998,2002,C,68,5,9,14,-8,47,3,2,0,0,8,1,0,62,8.1,635,09:20:00,0.1,0.5,0.6
Gord Lane,1976,1985,D,539,19,94,113,-16,1228,17,1,1,2,90,0,4,456,4.2,NA,NA,-1.1,25.4,24.2
Myles Lane,1929,1934,D,71,4,1,5,NA,53,2,0,0,0,1,0,0,NA,NA,NA,NA,-0.2,6.1,5.9
Robert Lang,1993,2010,C,989,261,442,703,55,422,168,88,5,34,289,150,3,1853,14.1,14507,18:25:00,50.9,19.4,70.3
Darren Langdon,1995,2006,LW,521,16,23,39,-13,1251,16,0,0,3,23,0,0,156,10.3,1765,04:39:00,-6.9,3.8,-3
Steve Langdon,1975,1978,LW,7,0,1,1,-1,2,0,0,0,0,1,0,0,3,0,NA,NA,-0.2,0,-0.2
Pete Langelle,1939,1942,C,137,22,51,73,NA,11,20,0,2,5,47,2,2,NA,NA,NA,NA,3,2.9,5.9
Jamie Langenbrunner,1995,2013,RW,1109,243,420,663,62,837,161,67,15,58,297,118,5,2559,9.5,17615,17:17:00,41.6,25.8,67.3
Chris Langevin,1984,1986,LW,22,3,1,4,1,22,3,0,0,0,1,0,0,14,21.4,NA,NA,-0.4,0.3,0
Dave Langevin,1980,1987,D,513,12,107,119,103,530,11,0,1,1,101,0,6,503,2.4,NA,NA,-1.2,30.2,29.1
Josh Langfeld,2002,2008,RW,143,9,23,32,8,60,6,2,1,2,22,1,0,207,4.3,1387,09:42:00,0.4,1.8,2.3
Daymond Langkow,1996,2012,C,1090,270,402,672,81,547,187,72,11,42,266,123,13,2456,11,18529,18:24:00,44.7,24.7,69.4
Alain Langlais,1974,1975,LW,25,4,4,8,-9,10,4,0,0,0,4,0,0,60,6.7,NA,NA,-0.1,0.1,0.1
Albert Langlois,1958,1966,D,498,21,91,112,47,484,17,3,1,2,83,7,1,515,4.1,NA,NA,3.1,28.4,31.6
Charlie Langlois,1925,1928,RW/D,151,22,5,27,NA,207,NA,NA,NA,3,NA,NA,NA,NA,NA,NA,NA,3.2,14.6,17.9
Rod Langway,1979,1993,D,994,51,278,329,276,851,39,9,3,9,235,33,10,1237,4.1,NA,NA,7.2,70.9,78.1
Jeff Lank,2000,2000,D,2,0,0,0,0,2,0,0,0,0,0,0,0,0,NA,26,13:06:00,0,0.1,0
Jean-Marc Lanthier,1984,1988,RW,105,16,16,32,-36,29,11,5,0,2,15,1,0,86,18.6,NA,NA,-0.7,0.7,0.1
Ted Lanyon,1968,1968,D,5,0,0,0,1,4,0,0,0,0,0,0,0,1,0,NA,NA,-0.1,0.4,0.3
Rick Lanz,1981,1992,D,569,65,221,286,-102,448,24,41,0,7,109,108,4,1289,5,NA,NA,13.5,23.9,37.4
Daniel Laperrière,1993,1996,D,48,2,5,7,-5,27,0,2,0,0,3,2,0,57,3.5,NA,NA,-0.2,2.1,1.9
Ian Laperrière,1994,2010,RW,1083,121,215,336,-44,1956,112,5,4,18,195,7,13,1157,10.5,12650,13:52:00,4,14.2,18.2
Jacques Laperrière,1963,1974,D,692,40,242,282,256,679,26,10,4,5,149,84,9,1324,3,NA,NA,16.6,53.8,70.3
Hendrix Lapierre,2022,2026,C,158,13,34,47,-2,41,13,0,0,1,32,2,0,129,10.1,1559,09:52:00,1.5,1.8,3.3
Maxim Lapierre,2006,2015,C,614,65,74,139,-49,586,61,1,3,7,73,0,1,866,7.5,7409,12:04:00,1.2,6.3,7.4
Darryl Laplante,1998,2000,C,35,0,6,6,-2,10,0,0,0,0,6,0,0,21,0,303,08:40:00,-0.3,0.2,-0.1
Claude Lapointe,1991,2004,LW/C,879,127,178,305,-61,721,104,6,17,18,155,13,10,1056,12,8169,15:46:00,5.2,10.8,16
Guy Lapointe,1969,1984,D,884,171,451,622,329,893,108,59,4,22,241,199,11,2479,6.9,NA,NA,47.4,61,108.3
Martin Lapointe,1992,2008,RW,991,181,200,381,-40,1417,118,59,4,29,156,43,1,1622,11.2,11076,14:36:00,17.6,11.9,29.5
Rick Lapointe,1976,1986,D,664,44,175,219,57,831,38,5,1,6,156,18,1,758,5.8,NA,NA,6.3,36.5,42.8
Nick Lappin,2017,2019,RW,60,5,3,8,-21,21,5,0,0,0,3,0,0,75,6.7,713,11:53:00,-0.6,0.2,-0.4
Peter Lappin,1990,1992,RW,7,0,0,0,-5,2,0,0,0,0,0,0,0,10,0,NA,NA,-0.3,0,-0.3
Edgar Laprade,1946,1955,C,500,108,172,280,NA,42,92,13,3,18,147,23,2,NA,NA,NA,NA,16.8,6.2,23
Benjamin LaPrairie,1937,1937,D,7,0,0,0,NA,0,0,0,0,0,0,0,0,NA,NA,NA,NA,-0.1,0.4,0.2
Georges Laraque,1998,2010,RW,695,53,100,153,1,1126,49,4,0,7,94,6,0,485,10.9,5786,08:20:00,5.2,6.2,11.4
Nick Lardis,2026,2026,LW,40,9,5,14,-18,10,7,2,0,0,4,1,0,56,16.1,506,12:38:00,0.9,0.1,1
Igor Larionov,1990,2004,C,921,169,475,644,104,474,102,57,10,31,297,165,13,1046,16.2,7498,15:35:00,38.2,16.7,54.9
Garry Lariviere,1980,1983,D,219,6,57,63,39,167,4,2,0,0,47,7,3,200,3,NA,NA,0.4,12.1,12.5
Dylan Larkin,2016,2026,C,808,276,367,643,-100,499,181,86,9,40,274,90,3,2414,11.4,15781,19:32:00,48.5,16.1,64.6
Drew Larman,2007,2010,C,26,2,1,3,-3,4,2,0,0,0,1,0,0,21,9.5,186,07:10:00,0,0.1,0.1
Jeff Larmer,1982,1986,LW,158,37,51,88,-21,55,30,7,0,1,42,9,0,259,14.3,NA,NA,2.6,2.1,4.7
Steve Larmer,1981,1995,RW,1006,441,571,1012,203,532,255,162,24,60,335,205,31,2807,15.7,NA,NA,69.5,18.5,88
Wildor Larochelle,1926,1937,RW,475,92,75,167,NA,213,30,3,3,16,37,6,0,NA,NA,NA,NA,7.8,9.4,17.2
Denis Larocque,1988,1988,D,8,0,1,1,-4,18,0,0,0,0,1,0,0,2,0,NA,NA,-0.1,0.1,0
Mario Larocque,1999,1999,D,5,0,0,0,-4,16,0,0,0,0,0,0,0,3,0,63,12:33:00,-0.1,-0.2,-0.2
Bonner Larose,1926,1926,LW,6,0,0,0,NA,0,NA,NA,NA,0,NA,NA,NA,NA,NA,NA,NA,-0.4,0.1,-0.3
Chad Larose,2006,2013,RW,508,85,95,180,-29,286,72,5,8,12,79,10,6,1022,8.3,7142,14:03:00,8.3,6.5,14.8
Claude Larose,1963,1978,RW,944,226,257,483,11,889,194,27,5,27,219,35,3,2196,10.3,NA,NA,22,13.6,35.5
Claude Larose,1980,1980,LW,25,4,7,11,-4,2,4,0,0,0,4,3,0,50,8,NA,NA,0.1,0.2,0.3
Cory Larose,2004,2004,C,7,0,1,1,-2,4,0,0,0,0,1,0,0,10,0,80,11:27:00,-0.1,0,-0.1
Guy Larose,1989,1994,C,70,10,9,19,-18,63,10,0,0,0,7,2,0,89,11.2,NA,NA,-0.4,0.5,0.1
Pierre Larouche,1975,1988,C,812,395,427,822,-29,237,280,114,1,36,297,127,3,2298,17.2,NA,NA,59,9.3,68.3
Steve Larouche,1995,1996,C,26,9,9,18,-5,10,6,3,0,2,4,5,0,52,17.3,NA,NA,1.5,0.2,1.8
Brad Larsen,1998,2008,LW,294,19,29,48,-23,134,13,1,5,1,27,0,2,214,8.9,2958,10:04:00,-1.5,2.1,0.6
Philip Larsen,2010,2017,D,151,9,28,37,-9,46,6,3,0,0,21,6,1,190,4.7,2512,16:38:00,2.1,4.7,6.8
Norm Larson,1941,1947,RW,89,25,18,43,NA,12,23,2,0,3,17,1,0,NA,NA,NA,NA,2,0.7,2.7
Reed Larson,1977,1990,D,904,222,463,685,-128,1388,126,88,8,17,268,186,9,2926,7.6,NA,NA,48.4,41.3,89.7
Adam Larsson,2012,2026,D,1010,59,207,266,52,577,58,0,1,12,195,5,7,1286,4.6,21548,21:20:00,7,53.8,60.8
Jacob Larsson,2017,2023,D,172,3,21,24,-26,52,3,0,0,0,20,0,1,168,1.8,2848,16:34:00,-0.7,4.9,4.2
Johan Larsson,2013,2022,LW/C,488,53,79,132,-58,246,46,5,2,10,71,7,1,544,9.7,7168,14:41:00,-0.5,7.2,6.7
Tyler Larter,1990,1990,C,1,0,0,0,-1,0,0,0,0,0,0,0,0,2,0,NA,NA,0,0,-0.1
Brian Lashoff,2013,2020,D,136,2,13,15,-11,65,2,0,0,0,13,0,0,80,2.5,2032,14:57:00,-0.6,3.6,3
Matt Lashoff,2007,2011,D,74,1,15,16,-15,59,0,1,0,0,8,7,0,54,1.9,1115,15:04:00,0.5,1.1,1.6
Jiří Látal,1990,1992,D,92,12,36,48,-14,24,8,4,0,1,25,11,0,162,7.4,NA,NA,2.6,4,6.7
Guillaume Latendresse,2007,2013,LW,341,87,60,147,-15,185,69,18,0,14,48,12,0,621,14,4614,13:32:00,12.1,4.9,17
James Latos,1989,1989,RW,1,0,0,0,-1,0,0,0,0,0,0,0,0,0,NA,NA,NA,0,0,-0.1
Phil Latreille,1961,1961,C/RW,4,0,0,0,-2,2,0,0,0,0,0,0,0,3,0,NA,NA,-0.2,0,-0.1
David Latta,1986,1991,LW,36,4,8,12,-12,4,3,1,0,1,7,1,0,45,8.9,NA,NA,-0.2,0.2,0
Michael Latta,2014,2016,C,113,4,13,17,4,130,4,0,0,0,13,0,0,59,6.8,923,08:10:00,-0.2,1.2,0.9
Martin Lauder,1928,1928,D/C,3,0,0,0,NA,2,NA,NA,NA,0,NA,NA,NA,NA,NA,NA,NA,-0.1,0.3,0.2
Mike Lauen,1984,1984,RW,4,0,1,1,0,0,0,0,0,0,1,0,0,3,0,NA,NA,-0.1,0,0
Brad Lauer,1987,1996,LW,323,44,67,111,-15,218,36,5,3,8,59,8,0,446,9.9,NA,NA,-0.6,3.6,3
Craig Laughlin,1982,1989,RW,549,136,205,341,-3,364,91,45,0,20,140,65,0,779,17.5,NA,NA,12.4,7.5,19.9
Mike Laughton,1968,1971,C,189,39,48,87,-60,101,30,9,0,9,40,8,0,325,12,NA,NA,3.2,1.7,5
Scott Laughton,2013,2026,C,744,121,168,289,-48,428,102,7,12,11,144,11,13,1216,10,10748,14:27:00,11.1,10.8,21.9
Janne Laukkanen,1995,2003,D,407,22,99,121,-3,335,13,9,0,3,66,28,5,488,4.5,5732,19:18:00,6.5,17.8,24.3
Jakub Lauko,2023,2025,C,139,11,17,28,-14,90,10,0,1,3,17,0,0,102,10.8,1393,10:01:00,0,1.1,1.1
Don Laurence,1979,1980,C,79,15,21,36,1,14,13,2,0,4,19,2,0,148,10.1,NA,NA,0.8,0.9,1.7
Oliver Lauridsen,2013,2015,D,16,2,1,3,-1,44,2,0,0,2,1,0,0,16,12.5,237,14:50:00,0.3,0.5,0.8
Paul Laus,1994,2002,D,530,14,58,72,31,1702,13,0,1,1,52,4,2,360,3.9,3501,11:43:00,-2.2,21.2,19
Jeremy Lauzon,2019,2026,D,383,15,43,58,-15,442,15,0,0,1,41,0,2,432,3.5,6730,17:34:00,-1.2,14.6,13.4
Kevin LaVallee,1981,1987,LW,366,110,125,235,-16,83,86,24,0,10,85,40,0,755,14.6,NA,NA,9.5,4.2,13.8
Mark LaVarre,1986,1988,RW,78,9,16,25,2,58,9,0,0,0,15,1,0,65,13.8,NA,NA,-0.5,0.9,0.4
Brian Lavender,1972,1975,LW,184,16,26,42,-56,174,14,2,0,2,24,2,0,187,8.6,NA,NA,-3,1.6,-1.4
Eric Lavigne,1995,1995,D,1,0,0,0,-1,0,0,0,0,0,0,0,0,0,NA,NA,NA,0,0,0
Jack Laviolette,1918,1918,D/W,18,2,1,3,NA,6,NA,NA,NA,0,NA,NA,NA,NA,NA,NA,NA,-1.1,0.7,-0.4
Peter Laviolette,1989,1989,D,12,0,0,0,2,6,0,0,0,0,0,0,0,2,0,NA,NA,-0.2,0.7,0.4
Dominic Lavoie,1989,1994,D,38,5,8,13,-5,32,2,3,0,1,4,4,0,79,6.3,NA,NA,0.7,1.5,2.2
Raphael Lavoie,2024,2026,C,17,0,0,0,-6,4,0,0,0,0,0,0,0,14,0,150,08:50:00,-0.4,-0.1,-0.5
Kirby Law,2001,2004,RW,9,0,1,1,-1,4,0,0,0,0,1,0,0,1,0,56,06:11:00,0,0,0
Paul Lawless,1983,1990,LW,239,49,77,126,-30,54,39,10,0,5,70,7,0,506,9.7,NA,NA,3.4,2.7,6.1
Mark Lawrence,1995,2001,RW,142,18,26,44,-30,115,13,5,0,2,17,9,0,173,10.4,1629,12:50:00,1.5,0.9,2.4
Danny Lawson,1968,1972,RW,218,28,29,57,-31,61,27,0,1,0,27,2,0,331,8.5,NA,NA,-1.7,2.6,0.9
Brian Lawton,1984,1993,LW,483,112,154,266,-44,401,77,35,0,17,112,40,2,832,13.5,NA,NA,9.1,5.4,14.5
Derek Laxdal,1985,1991,RW,67,12,7,19,-18,88,11,1,0,0,6,1,0,69,17.4,NA,NA,-0.3,0.4,0.1
Hal Laycoe,1946,1956,D,530,25,77,102,NA,290,23,0,2,5,65,8,4,NA,NA,NA,NA,3.6,32.5,36
Curtis Lazar,2015,2026,C/RW,616,51,80,131,-32,179,48,1,2,5,74,1,5,629,8.1,7219,11:43:00,-1.2,7,5.8
Jeff Lazaro,1991,1993,LW,102,14,23,37,3,114,11,1,2,1,21,1,1,157,8.9,NA,NA,0.1,1.5,1.7
Jamie Leach,1990,1994,RW,81,11,9,20,-9,12,10,1,0,0,9,0,0,71,15.5,NA,NA,-0.7,0.6,-0.2
Jay Leach,2006,2011,D,70,1,2,3,3,60,1,0,0,0,2,0,0,37,2.7,994,14:12:00,-0.8,2.3,1.6
Larry Leach,1959,1962,C,126,13,29,42,-12,91,10,3,0,1,26,3,0,130,6.9,NA,NA,-0.5,1.2,0.7
Reggie Leach,1971,1983,RW,934,381,285,666,127,387,288,88,5,58,210,72,3,2869,13.3,NA,NA,44.3,13.4,57.8
Steve Leach,1986,2000,RW,702,130,153,283,-78,976,96,33,1,19,119,32,2,1415,9.2,1152,08:43:00,7.5,6.6,14.1
Patrick Leahy,2004,2007,RW,50,4,4,8,-1,19,4,0,0,0,4,0,0,48,8.3,430,08:35:00,-0.1,0.4,0.4
Brett Leason,2022,2026,RW,226,25,29,54,-31,54,22,1,2,1,28,1,0,267,9.4,2651,11:44:00,0.3,1.8,2.1
Jim Leavins,1986,1987,D,41,2,12,14,-23,30,1,1,0,0,8,4,0,67,3,NA,NA,0.3,0.8,1.1
Brett Lebda,2006,2012,D,397,20,56,76,16,229,18,2,0,5,51,5,0,467,4.3,5842,14:43:00,3.3,13.8,17
Patrick Lebeau,1991,1999,LW,15,3,2,5,-2,6,2,1,0,0,1,1,0,11,27.3,76,09:32:00,0.2,0.1,0.3
Stéphan Lebeau,1989,1995,C,373,118,159,277,61,105,77,41,0,22,113,46,0,684,17.3,NA,NA,16.8,6.6,23.5
Drew LeBlanc,2013,2013,C,2,0,0,0,-3,0,0,0,0,0,0,0,0,3,0,27,13:20:00,-0.1,-0.1,-0.2
Fern LeBlanc,1977,1979,C,34,5,6,11,-4,0,4,1,0,0,4,2,0,28,17.9,NA,NA,-0.1,0.5,0.3
J.P. LeBlanc,1969,1979,C,153,14,30,44,-26,87,12,2,0,2,26,3,1,180,7.8,NA,NA,-1.7,1.9,0.3
John LeBlanc,1987,1995,RW,83,26,13,39,-19,28,16,9,1,3,10,3,0,161,16.1,NA,NA,1.8,0.7,2.5
Louis Leblanc,2012,2014,C,50,5,5,10,4,32,5,0,0,0,5,0,0,65,7.7,549,10:59:00,0.2,0.8,1
Peter LeBlanc,2014,2014,C,1,0,0,0,0,0,0,0,0,0,0,0,0,0,NA,9,09:26:00,0,0,0
Peter Leboutillier,1997,1998,RW,35,2,1,3,-1,176,2,0,0,0,1,0,0,11,18.2,87,07:14:00,-0.8,0.4,-0.5
Al LeBrun,1961,1966,D,6,0,2,2,1,4,0,0,0,0,2,0,0,5,0,NA,NA,0.1,0.2,0.3
Bill Lecaine,1969,1969,LW,4,0,0,0,0,0,0,0,0,0,0,0,0,1,0,NA,NA,-0.2,0.1,-0.1
Vincent Lecavalier,1999,2016,C,1212,421,528,949,-140,848,281,127,13,63,324,194,10,3468,12.1,22329,18:25:00,82.9,19.5,102.4
Jackie Leclair,1955,1957,C,160,20,40,60,NA,54,16,4,0,2,39,1,0,NA,NA,NA,NA,1.2,3.2,4.4
John LeClair,1991,2007,LW,967,406,413,819,204,501,287,118,1,65,307,106,0,2611,15.5,9914,18:17:00,76.3,22.4,98.7
Mike Leclerc,1997,2006,LW,341,64,94,158,-43,288,48,16,0,14,66,27,1,634,10.1,5117,15:14:00,8.6,5,13.6
Rene Leclerc,1969,1971,RW,87,10,11,21,-11,105,7,3,0,1,10,0,1,94,10.6,NA,NA,-1.1,0.8,-0.3
Doug Lecuyer,1979,1983,LW,126,11,31,42,-39,178,11,0,0,3,29,0,2,163,6.7,NA,NA,-1.3,1.2,-0.2
Nick Leddy,2011,2026,D,1074,76,347,423,-45,209,56,19,1,9,242,103,2,1386,5.5,22183,20:39:00,26.1,40.2,66.3
Per Ledin,2009,2009,LW,3,0,0,0,-1,2,0,0,0,0,0,0,0,2,0,30,09:56:00,-0.1,0,-0.1
Walt Ledingham,1973,1977,LW,15,0,2,2,-4,4,0,0,0,0,2,0,0,14,0,NA,NA,-0.5,0,-0.4
Albert Leduc,1926,1935,D,383,57,36,93,NA,622,1,0,0,7,2,1,0,NA,NA,2,NA,15.9,34.1,49.9
Rich LeDuc,1973,1981,C,130,28,38,66,-31,69,18,9,1,1,27,10,1,201,13.9,NA,NA,1.8,0.8,2.5
Grant Ledyard,1985,2002,D,1028,90,276,366,-52,766,58,31,1,14,151,120,5,1670,5.4,2566,15:50:00,17,46.2,63.2
Anders Lee,2013,2026,LW,923,308,241,549,21,546,225,83,0,47,190,51,0,2318,13.3,15038,16:18:00,47,18.2,65.2
Andre Lee,2025,2026,LW,26,2,3,5,-7,11,2,0,0,1,3,0,0,23,8.7,246,09:28:00,0,0,0
Bobby Lee,1943,1943,C,1,0,0,0,NA,0,0,0,0,0,0,0,0,NA,NA,NA,NA,-0.1,0,0
Brian Lee,2008,2013,D,209,5,31,36,-37,124,4,1,0,1,28,2,1,159,3.1,3485,16:40:00,0.4,4.4,4.8
Edward Lee,1985,1985,RW,2,0,0,0,-4,5,0,0,0,0,0,0,0,2,0,NA,NA,-0.1,-0.1,-0.2
Peter Lee,1978,1983,RW,431,114,131,245,-55,257,91,22,1,18,100,31,0,961,11.9,NA,NA,9.4,4.8,14.2
Brad Leeb,2000,2004,RW,5,0,0,0,-2,2,0,0,0,0,0,0,0,5,0,54,10:47:00,-0.1,0,-0.2
Greg Leeb,2001,2001,C,2,0,0,0,-1,0,0,0,0,0,0,0,0,4,0,14,06:56:00,0,0,-0.1
Gary Leeman,1984,1997,RW,667,199,267,466,-69,531,148,45,6,15,169,93,5,1564,12.7,NA,NA,25.2,7.6,32.9
Brian Leetch,1988,2006,D,1205,247,781,1028,25,571,128,111,8,38,336,431,14,3640,6.8,14411,25:55:00,86.2,60.4,146.6
Guillaume Lefebvre,2002,2010,LW,39,2,4,6,-2,13,2,0,0,0,3,1,0,25,8,454,11:39:00,-0.4,0.5,0
Patrice Lefebvre,1999,1999,RW,3,0,0,0,-2,2,0,0,0,0,0,0,0,2,0,34,11:11:00,-0.1,0,-0.1
Sylvain Lefebvre,1990,2003,D,945,30,154,184,108,674,26,4,0,1,116,25,13,970,3.1,7191,18:38:00,0,49.5,49.5
Bryan Lefley,1973,1978,D/LW,228,7,29,36,-83,101,6,0,1,1,22,6,1,159,4.4,NA,NA,-1.2,8.9,7.7
Chuck Lefley,1971,1981,LW,407,128,164,292,53,137,102,13,13,22,114,43,7,837,15.3,NA,NA,17.8,6.3,24
Nathan Legare,2025,2026,RW,4,0,0,0,-1,0,0,0,0,0,0,0,0,3,0,40,10:04:00,-0.1,0,-0.1
Charles-Alexis Legault,2026,2026,D,12,1,1,2,5,15,1,0,0,0,1,0,0,12,8.3,172,14:18:00,0.1,0.7,0.8
Roger Leger,1944,1950,D,187,18,53,71,NA,71,9,7,2,5,35,18,0,NA,NA,NA,NA,5.4,14.4,19.9
Barry Legge,1980,1982,D,107,1,11,12,-37,144,1,0,0,0,10,0,1,52,1.9,NA,NA,-1.3,4.2,2.9
Randy Legge,1973,1973,D,12,0,2,2,0,2,0,0,0,0,2,0,0,10,0,NA,NA,-0.1,0.6,0.5
David Legwand,1999,2016,C,1136,228,390,618,7,551,174,43,11,43,272,110,8,2116,10.8,19091,16:48:00,37.3,22.6,59.8
Artturi Lehkonen,2017,2026,LW,659,165,171,336,86,204,132,24,9,23,144,26,1,1423,11.6,11026,16:44:00,19.4,15.2,34.6
Scott Lehman,2009,2009,D,1,0,0,0,0,0,0,0,0,0,0,0,0,0,NA,3,03:03:00,0,0,0
Tommy Lehman,1988,1990,C,36,5,5,10,-6,16,3,1,1,1,4,1,0,31,16.1,NA,NA,-0.3,0.4,0.1
Yanick Lehoux,2006,2007,C,10,2,2,4,0,6,1,1,0,0,1,1,0,15,13.3,117,11:44:00,0.3,0.1,0.4
Jori Lehterä,2015,2019,C,307,34,77,111,12,167,29,3,2,6,60,16,1,315,10.8,4355,14:11:00,3.9,5.5,9.4
Jere Lehtinen,1996,2010,RW,875,243,271,514,176,210,157,77,9,37,192,67,12,2102,11.6,14182,18:47:00,34.1,25,59.1
Petteri Lehto,1985,1985,D,6,0,0,0,-4,4,0,0,0,0,0,0,0,5,0,NA,NA,-0.1,0.1,0
Antero Lehtonen,1980,1980,LW,65,9,12,21,-3,14,7,2,0,1,11,1,0,101,8.9,NA,NA,-0.3,0.8,0.5
Mikko Lehtonen,2007,2007,D,15,1,2,3,0,8,1,0,0,0,2,0,0,14,7.1,219,14:36:00,0.2,0.4,0.6
Mikko Lehtonen,2009,2010,RW,2,0,0,0,-1,0,0,0,0,0,0,0,0,2,0,23,11:41:00,-0.1,0,-0.1
Mikko Lehtonen,2021,2021,D,26,0,6,6,-2,8,0,0,0,0,5,1,0,33,0,413,15:53:00,0.1,0.8,0.9
Henry Lehvonen,1975,1975,D,4,0,0,0,4,0,0,0,0,0,0,0,0,2,0,NA,NA,-0.1,0.6,0.5
Edward Leier,1950,1951,C,16,2,1,3,NA,2,2,0,0,0,1,0,0,NA,NA,NA,NA,-0.2,0.1,-0.1
Taylor Leier,2016,2018,LW,55,2,5,7,-8,10,2,0,0,0,5,0,0,58,3.4,546,09:56:00,-0.6,0.3,-0.3
Ville Leino,2009,2014,LW,286,40,79,119,-7,70,32,8,0,6,65,14,0,338,11.8,4276,14:57:00,5.5,4.3,9.8
Mikko Leinonen,1982,1985,C,162,31,78,109,19,71,26,5,0,4,46,30,2,246,12.6,NA,NA,3.2,2.5,5.7
Brendan Leipsic,2016,2020,LW,187,16,43,59,-16,53,15,1,0,4,38,5,0,247,6.5,2261,12:05:00,1.4,2,3.4
Bobby Leiter,1963,1976,C,447,98,126,224,-90,144,70,28,0,13,96,30,0,831,11.8,NA,NA,8.3,4.7,13
Ken Leiter,1985,1990,D,143,14,36,50,18,62,9,5,0,1,19,17,0,287,4.9,NA,NA,1.8,8.3,10.1
Josh Leivo,2014,2023,LW,265,42,51,93,6,93,37,5,0,5,40,11,0,457,9.2,3304,12:28:00,4.6,3.9,8.5
Jonathan Lekkerimäki,2025,2026,RW,37,5,4,9,-9,2,5,0,0,0,2,2,0,40,12.5,452,12:13:00,0.1,0.3,0.4
Jacques Lemaire,1968,1979,C,853,366,469,835,344,217,274,88,4,58,339,128,2,3052,12,NA,NA,68.1,18.5,86.6
Moe Lemay,1982,1989,LW,317,72,94,166,-34,442,54,17,1,5,75,18,1,586,12.3,NA,NA,4.7,3.8,8.5
Roger Lemelin,1975,1978,D,36,1,2,3,-16,27,1,0,0,0,2,0,0,30,3.3,NA,NA,-0.4,1.3,0.9
Alain Lemieux,1982,1987,C,119,28,44,72,-15,38,24,4,0,4,33,11,0,152,18.4,NA,NA,2.3,1.2,3.5
Bob Lemieux,1968,1968,D,19,0,1,1,-9,12,0,0,0,0,1,0,0,23,0,NA,NA,-0.3,0.8,0.6
Brendan Lemieux,2018,2024,LW,307,36,38,74,-10,548,33,2,1,5,34,3,1,347,10.4,3149,10:15:00,2.2,3.1,5.3
Claude Lemieux,1984,2009,RW,1215,379,407,786,14,1777,259,114,6,58,273,125,9,3650,10.4,7952,17:24:00,50.3,16.7,67
Jacques Lemieux,1968,1970,D,19,0,4,4,3,8,0,0,0,0,2,2,0,5,0,NA,NA,0,1.2,1.3
Jean Lemieux,1974,1978,D,204,23,63,86,-45,39,9,14,0,3,32,31,0,357,6.4,NA,NA,4.8,9.4,14.3
Jocelyn Lemieux,1987,1998,RW,598,80,84,164,-38,740,74,5,1,12,75,6,3,843,9.5,239,07:58:00,-3.5,7.3,3.8
Mario Lemieux,1985,2006,C,915,690,1033,1723,114,834,405,236,49,74,546,465,22,3633,19,3814,22:26:00,152.4,15.4,167.9
Réal Lemieux,1967,1974,LW,457,51,104,155,-73,262,39,10,2,4,83,17,4,527,9.7,NA,NA,-1.2,4.8,3.7
Rich Lemieux,1972,1976,C,274,39,82,121,-98,132,32,7,0,3,58,24,0,426,9.2,NA,NA,1.6,1.9,3.5
Tim Lenardon,1987,1990,C,15,2,1,3,-4,4,2,0,0,0,1,0,0,22,9.1,NA,NA,-0.2,0.1,-0.1
John Leonard,2021,2026,LW,81,8,13,21,-16,4,7,1,0,1,10,3,0,104,7.7,890,10:59:00,0.5,0.5,1
Ryan Leonard,2025,2026,RW,84,21,25,46,-2,58,17,4,0,3,15,10,0,170,12.4,1209,14:23:00,3.2,1.3,4.5
Jordan Leopold,2003,2015,D,695,67,147,214,-37,293,43,23,1,8,100,45,2,942,7.1,14260,20:31:00,13.9,29.6,43.5
Hec Lepine,1926,1926,C,33,5,2,7,NA,2,NA,NA,NA,1,NA,NA,NA,NA,NA,NA,NA,-0.1,0.4,0.2
Pit Lépine,1926,1938,C,526,143,97,240,NA,394,36,3,1,31,47,12,0,NA,NA,NA,NA,26.6,10.6,37.2
Sami Lepistö,2008,2012,D,176,6,29,35,23,137,6,0,0,1,26,3,0,158,3.8,2937,16:41:00,1,7.9,8.9
Bryan Lerg,2015,2016,C,8,1,0,1,0,0,1,0,0,1,0,0,0,12,8.3,78,09:48:00,0,0.1,0.1
Brett Lernout,2016,2018,D,21,0,1,1,-6,6,0,0,0,0,0,0,1,17,0,346,16:27:00,-0.3,0.3,0
François Leroux,1989,1998,D,249,3,20,23,-2,577,3,0,0,0,20,0,0,90,3.3,219,04:23:00,-3.6,6.8,3.2
Gaston Leroux,1936,1936,D,2,0,0,0,NA,0,0,0,0,0,0,0,0,NA,NA,NA,NA,-0.1,0,-0.1
Jean-Yves Leroux,1997,2001,LW,220,16,22,38,-27,146,15,1,0,1,21,1,0,200,8,2311,10:33:00,-1.6,1.6,0
Curtis Leschyshyn,1989,2004,D,1033,47,165,212,-52,669,28,17,2,10,121,39,5,898,5.2,7851,17:39:00,2.4,40.7,43.2
Jake Leschyshyn,2022,2024,C,77,2,4,6,-13,16,2,0,0,0,4,0,0,66,3,789,10:15:00,-1.4,0.4,-1
Art Lesieur,1929,1936,D,100,4,2,6,NA,52,1,0,0,1,0,0,0,NA,NA,NA,NA,-0.9,7.4,6.5
Otto Leskinen,2020,2021,D,6,0,0,0,0,0,0,0,0,0,0,0,0,2,0,68,11:19:00,-0.1,0.1,0.1
Francis Lessard,2002,2011,RW,115,1,3,4,-6,346,1,0,0,0,3,0,0,34,2.9,550,04:47:00,-0.7,0.5,-0.2
Junior Lessard,2006,2008,RW/C,27,3,1,4,-5,23,2,1,0,0,1,0,0,30,10,256,09:29:00,0,0.1,0.1
Rick Lessard,1989,1992,D,15,0,4,4,-7,18,0,0,0,0,4,0,0,4,0,NA,NA,0,0.3,0.4
Lucas Lessio,2014,2016,LW,41,3,4,7,-11,12,3,0,0,1,4,0,0,62,4.8,492,12:00:00,-0.3,0.2,-0.1
Bill Lesuk,1969,1980,LW,388,44,63,107,-66,368,36,6,2,4,47,14,2,626,7,NA,NA,-3.4,5.1,1.7
Jack Leswick,1934,1934,C,37,1,7,8,NA,16,1,0,0,0,6,1,0,NA,NA,NA,NA,-0.8,1,0.2
Pete Leswick,1937,1945,W,3,1,0,1,NA,0,1,0,0,1,0,0,0,NA,NA,NA,NA,0.1,0,0.1
Tony Leswick,1946,1958,W,740,165,159,324,NA,902,146,15,4,24,139,18,2,NA,NA,NA,NA,17.3,11.7,29
Alan Letang,2000,2003,D,14,0,0,0,-8,2,0,0,0,0,0,0,0,3,0,156,11:07:00,-0.2,-0.3,-0.4
Kris Letang,2007,2026,D,1235,178,628,806,81,843,115,57,6,36,380,238,10,3050,5.8,29698,24:03:00,66.8,64.5,131.3
Mark Letestu,2010,2020,C,567,93,117,210,-49,90,50,33,10,14,82,30,5,872,10.7,8188,14:27:00,10.6,7.3,17.9
Pierre-Luc Letourneau-Leblond,2009,2014,RW,41,0,3,3,-2,101,0,0,0,0,3,0,0,16,0,214,05:13:00,-0.3,0.2,-0.1
Trevor Letowski,1999,2008,RW,616,84,117,201,-19,209,66,10,8,11,96,10,11,884,9.5,8534,13:51:00,6,8.5,14.5
Vinni Lettieri,2018,2025,C,155,15,17,32,-47,50,12,3,0,1,12,5,0,225,6.7,1757,11:20:00,-0.3,0.4,0.1
Maxim Letunov,2020,2020,C,3,1,0,1,0,0,1,0,0,0,0,0,0,3,33.3,27,09:05:00,0.1,0,0.2
Joe Levandoski,1947,1947,RW,8,1,1,2,NA,0,1,0,0,0,1,0,0,NA,NA,NA,NA,-0.1,0.1,0
Normand Leveille,1982,1983,LW,75,17,25,42,15,49,14,3,0,6,24,1,0,180,9.4,NA,NA,1,1.4,2.4
Guy Leveque,1993,1994,C,17,2,2,4,-3,21,2,0,0,0,1,1,0,15,13.3,NA,NA,-0.2,0.1,-0.1
Don Lever,1973,1987,LW,1020,313,367,680,-248,593,226,77,10,23,274,86,7,2156,14.5,NA,NA,34.4,9.2,43.7
Craig Levie,1982,1987,D,183,22,53,75,4,177,20,2,0,4,30,22,1,267,8.2,NA,NA,3.1,9.3,12.4
Scott Levins,1993,1998,C/RW,124,13,20,33,-28,316,9,4,0,1,16,4,0,127,10.2,14,07:14:00,-0.7,1.1,0.4
Alex Levinsky,1931,1939,D,367,19,49,68,NA,307,12,1,0,1,33,6,0,NA,NA,1,NA,3.3,24.2,27.4
Tapio Levo,1982,1983,D,107,16,53,69,-52,36,8,8,0,0,16,37,0,257,6.2,NA,NA,3.8,3.8,7.6
Artyom Levshunov,2025,2026,D,86,2,28,30,-54,52,1,1,0,0,16,12,0,105,1.9,1697,19:44:00,1.1,0.7,1.8
Anton Levtchi,2023,2023,F,2,0,0,0,0,0,0,0,0,0,0,0,0,1,0,19,09:35:00,-0.1,0,0
Danny Lewicki,1951,1959,LW,461,105,135,240,NA,177,85,19,1,21,92,42,1,NA,NA,NA,NA,15,6.5,21.5
Tyler Lewington,2019,2022,D,12,1,2,3,4,40,1,0,0,0,2,0,0,11,9.1,142,11:49:00,0.2,0.6,0.8
Dale Lewis,1976,1976,LW,8,0,0,0,-2,0,0,0,0,0,0,0,0,3,0,NA,NA,-0.3,0.1,-0.3
Dave Lewis,1974,1988,D,1008,36,187,223,91,955,32,1,3,6,178,5,4,962,3.7,NA,NA,-0.9,58.8,57.9
Doug Lewis,1947,1947,LW,3,0,0,0,NA,0,0,0,0,0,0,0,0,NA,NA,NA,NA,-0.1,0.1,-0.1
Grant Lewis,2009,2009,D,1,0,0,0,0,0,0,0,0,0,0,0,0,1,0,15,15:29:00,0,0,0
Herbie Lewis,1929,1939,LW,484,147,161,308,NA,248,64,13,2,27,84,27,0,NA,NA,NA,NA,35.4,9.7,45.1
Trevor Lewis,2009,2025,C,1034,104,133,237,-41,243,90,3,11,24,125,6,2,1696,6.1,13344,12:54:00,-1.7,15.1,13.5
Rick Ley,1969,1981,D,309,12,72,84,-14,528,11,1,0,1,53,17,2,329,3.6,NA,NA,2.1,15.5,17.5
Michael Liambas,2017,2018,LW,8,0,1,1,-1,21,0,0,0,0,1,0,0,3,0,42,05:13:00,0,0,0
Igor Liba,1989,1989,LW,37,7,18,25,-3,36,5,2,0,0,12,6,0,42,16.7,NA,NA,0.9,0.2,1.1
Jeff Libby,1998,1998,D,1,0,0,0,0,0,0,0,0,0,0,0,0,0,NA,1,00:43:00,0,0.1,0
Nick Libett,1968,1981,LW,982,237,268,505,-158,472,185,40,12,27,204,57,7,2106,11.3,NA,NA,21.1,10.1,31.2
Tony Licari,1947,1947,RW,9,0,1,1,NA,0,0,0,0,0,1,0,0,NA,NA,NA,NA,-0.3,0.1,-0.2
Bob Liddington,1971,1971,LW,11,0,1,1,-2,2,0,0,0,0,1,0,0,2,0,NA,NA,-0.4,0.1,-0.3
Doug Lidster,1984,1999,D,897,75,268,343,-67,679,50,23,2,3,152,100,16,1384,5.4,803,15:09:00,13.8,41.6,55.5
Nicklas Lidström,1992,2012,D,1564,264,878,1142,450,514,122,132,10,35,390,458,30,3875,6.8,29295,26:19:00,98.1,113.6,211.8
David Liffiton,2006,2011,D,7,1,0,1,4,26,1,0,0,0,0,0,0,4,25,62,08:48:00,0.1,0.5,0.6
John-Michael Liles,2004,2017,D,836,87,283,370,-44,286,47,39,1,10,142,141,0,1411,6.2,16169,19:20:00,29.7,31.4,61.1
Andreas Lilja,2001,2013,D,580,16,71,87,32,563,15,1,0,3,66,3,2,498,3.2,10066,17:21:00,-0.5,24.2,23.6
Jakob Lilja,2020,2020,F,37,2,3,5,5,2,2,0,0,0,3,0,0,23,8.7,366,09:54:00,-0.3,0.7,0.4
Timothy Liljegren,2020,2026,D,311,21,72,93,6,131,17,3,1,1,57,13,2,369,5.7,5664,18:13:00,4.1,11.3,15.4
John Lilley,1994,1996,RW,23,3,8,11,2,13,2,1,0,1,8,0,0,30,10,NA,NA,0.4,0.4,0.7
Juha Lind,1998,2001,C,133,9,13,22,-3,20,9,0,0,2,13,0,0,105,8.6,1206,09:04:00,-0.7,1.6,0.9
Kole Lind,2021,2024,RW,31,2,6,8,-5,12,2,0,0,0,6,0,0,35,5.7,370,11:56:00,-0.1,0.3,0.2
Chris Lindberg,1992,1994,LW,116,17,25,42,-1,47,16,1,0,1,22,0,3,135,12.6,NA,NA,0.2,1.2,1.4
Oscar Lindberg,2015,2019,C,252,39,40,79,7,117,38,1,0,3,36,4,0,374,10.4,2968,11:47:00,4.5,3.3,7.8
Tobias Lindberg,2016,2016,RW,6,0,2,2,0,4,0,0,0,0,2,0,0,12,0,95,15:50:00,0,0.1,0.1
Matt Lindblad,2014,2015,C,4,0,0,0,0,0,0,0,0,0,0,0,0,3,0,39,09:46:00,-0.1,0,-0.1
Oskar Lindblom,2018,2024,LW,337,56,56,112,-38,81,51,5,0,5,51,5,0,530,10.6,4510,13:23:00,4.1,3.8,7.8
Petteri Lindbohm,2015,2022,D,49,2,2,4,-9,42,2,0,0,0,2,0,0,60,3.3,713,14:34:00,-0.2,0.7,0.4
Johan Lindbom,1998,1998,LW,38,1,3,4,4,28,1,0,0,0,3,0,0,38,2.6,443,11:39:00,-0.9,0.8,-0.2
Esa Lindell,2016,2026,D,765,59,188,247,168,178,47,8,4,8,155,23,10,1113,5.3,16972,22:11:00,9.7,51.5,61.2
Jamie Linden,1995,1995,RW,4,0,0,0,-1,17,0,0,0,0,0,0,0,0,NA,NA,NA,-0.2,0,-0.1
Trevor Linden,1989,2008,RW,1382,375,492,867,-64,895,238,119,18,41,316,163,13,2704,13.9,10599,16:11:00,54.3,19,73.3
Lars Lindgren,1979,1984,D,394,25,113,138,-22,325,20,5,0,2,78,30,5,607,4.1,NA,NA,3.8,21,24.8
Mats Lindgren,1997,2003,C/LW,387,54,74,128,1,146,36,7,11,8,65,6,3,473,11.4,4474,14:04:00,4.3,5.4,9.7
Perttu Lindgren,2010,2010,C,1,0,0,0,0,0,0,0,0,0,0,0,0,0,NA,9,08:33:00,0,0,0
Ryan Lindgren,2019,2026,D,480,16,95,111,98,319,15,0,1,3,90,0,5,452,3.5,9108,18:58:00,1.3,26.8,28
Anton Lindholm,2017,2020,D,66,0,5,5,-4,16,0,0,0,0,5,0,0,30,0,871,13:11:00,-0.6,1.5,1
Elias Lindholm,2014,2026,C,969,252,400,652,4,253,170,76,6,50,255,129,16,2060,12.2,17855,18:26:00,42.3,21.1,63.4
Hampus Lindholm,2014,2026,D,829,78,261,339,150,499,62,15,1,15,186,70,4,1394,5.6,18469,22:17:00,20.4,51.1,71.4
Mikael Lindholm,1990,1990,C,18,2,2,4,2,2,2,0,0,0,2,0,0,10,20,NA,NA,-0.3,0.2,0
Pär Lindholm,2019,2021,C,106,4,15,19,11,22,4,0,0,1,15,0,0,100,4,1200,11:19:00,-1,1.6,0.6
Brett Lindros,1995,1996,RW,51,2,5,7,-14,147,2,0,0,1,5,0,0,45,4.4,NA,NA,-1.1,0.2,-0.9
Eric Lindros,1993,2007,C,760,372,493,865,215,1398,254,111,7,46,339,152,2,2312,16.1,9317,20:07:00,81.7,20,101.6
Bill Lindsay,1992,2004,RW,777,83,141,224,-27,922,75,0,8,16,129,3,9,1129,7.4,4930,11:38:00,2.2,9,11.3
Ted Lindsay,1945,1965,LW,1068,379,472,851,9,1808,277,93,9,58,346,125,1,209,10,NA,NA,80.6,19.6,100.2
Theo Lindstein,2026,2026,D,17,2,2,4,6,6,2,0,0,1,2,0,0,20,10,268,15:46:00,0.2,1.1,1.3
Gustav Lindström,2020,2024,D,174,5,30,35,-21,80,5,0,0,0,29,1,0,105,4.8,2708,15:34:00,0.6,4.7,5.2
Joakim Lindström,2006,2015,C,150,19,24,43,-33,58,11,8,0,3,13,11,0,198,9.6,1781,11:52:00,1.7,0.7,2.4
Willy Lindström,1980,1987,RW,582,161,162,323,-2,200,135,26,0,19,122,39,1,1261,12.8,NA,NA,11.5,7.4,18.8
David Ling,1997,2004,RW,93,4,4,8,-11,191,4,0,0,0,4,0,0,88,4.5,720,07:55:00,-0.8,0.5,-0.2
Charles Linglet,2010,2010,LW,5,0,0,0,-5,2,0,0,0,0,0,0,0,7,0,51,10:16:00,-0.1,-0.1,-0.3
Ken Linseman,1979,1992,C,860,256,551,807,221,1725,183,61,12,29,388,153,10,1635,15.7,NA,NA,43.1,15.1,58.2
Richard Lintner,2000,2003,D,112,8,12,20,-18,54,5,3,0,0,9,3,0,184,4.3,1648,14:43:00,1.2,2.7,3.9
J.C. Lipon,2016,2016,RW,9,0,1,1,0,5,0,0,0,0,1,0,0,4,0,63,06:58:00,-0.1,0.1,0
Chris Lipuma,1993,1997,D,72,0,9,9,-5,146,0,0,0,0,9,0,0,50,0,NA,NA,-0.8,3.9,3.1
Carl Liscombe,1938,1946,LW,380,137,140,277,NA,117,121,15,1,20,117,21,2,NA,NA,NA,NA,17.2,7.4,24.5
Enver Lisin,2007,2010,RW,135,24,18,42,-37,64,21,3,0,2,15,3,0,258,9.3,1793,13:17:00,1.9,0.7,2.6
Bryan Little,2008,2020,RW,843,217,304,521,-15,293,152,58,7,32,223,74,7,1649,13.2,15167,17:59:00,38.2,14.4,52.6
Ed Litzenberger,1953,1964,C/RW,619,178,238,416,-27,275,148,29,1,21,162,72,4,567,8.3,NA,NA,30.6,8.7,39.3
Jake Livanavage,2026,2026,D,1,0,0,0,-2,0,0,0,0,0,0,0,0,0,NA,25,25:14:00,0,-0.1,-0.1
Jake Livingstone,2023,2023,D,5,0,1,1,-2,2,0,0,0,0,1,0,0,3,0,77,15:27:00,0,0.1,0.1
Blake Lizotte,2019,2026,C,434,55,90,145,36,205,45,3,7,7,83,1,6,505,10.9,5586,12:52:00,4.1,8.2,12.4
Jon Lizotte,2022,2022,D,1,0,0,0,0,2,0,0,0,0,0,0,0,1,0,15,14:43:00,0,0,0
Lonnie Loach,1993,1994,LW,56,10,13,23,1,29,9,1,0,0,10,3,0,66,15.2,NA,NA,0.3,0.6,0.8
Jacques Locas,1948,1949,RW,59,7,8,15,NA,66,6,1,0,1,6,2,0,NA,NA,NA,NA,-0.6,1,0.4
Bill Lochead,1975,1980,LW,330,69,62,131,-73,180,58,10,1,11,47,15,0,547,12.6,NA,NA,2.6,3.6,6.2
Corey Locke,2008,2011,C,9,0,1,1,-1,0,0,0,0,0,1,0,0,9,0,71,07:52:00,-0.1,0.1,0
Norm Locking,1935,1936,LW/C,48,2,6,8,NA,26,2,0,0,1,5,1,0,NA,NA,NA,NA,-1.3,1.2,-0.1
William Lockwood,2021,2024,RW,54,0,2,2,-10,27,0,0,0,0,2,0,0,47,0,523,09:41:00,-1.3,0.2,-1
Viktor Lodin,2022,2022,C,1,0,0,0,0,0,0,0,0,0,0,0,0,3,0,10,10:25:00,0,0,0
Darcy Loewen,1990,1994,LW,135,4,8,12,-44,211,4,0,0,0,7,0,1,85,4.7,NA,NA,-3.9,1.1,-2.8
Mark Lofthouse,1978,1983,RW/C,181,42,38,80,-25,73,40,2,0,1,31,7,0,295,14.2,NA,NA,2,1.8,3.8
Dave Logan,1976,1981,D,218,5,29,34,-49,470,4,1,0,1,28,0,1,211,2.4,NA,NA,-1.6,9.8,8.2
Robert Logan,1987,1989,RW,42,10,5,15,6,0,8,2,0,1,5,0,0,37,27,NA,NA,0.2,0.7,0.9
Mason Lohrei,2024,2026,D,191,16,56,72,-28,54,12,4,0,1,36,20,0,208,7.7,3433,17:58:00,4.5,4.8,9.3
Claude Loiselle,1982,1994,C,616,92,117,209,-128,1149,74,9,9,8,102,12,3,887,10.4,NA,NA,-1.4,4.9,3.4
Martin Lojek,2007,2008,D,5,0,1,1,1,0,0,0,0,0,1,0,0,2,0,37,07:29:00,0.1,0.1,0.2
Andrei Loktionov,2010,2014,C,155,22,26,48,-6,22,18,4,0,4,19,7,0,212,10.4,2063,13:19:00,2.1,2.6,4.7
Andrei Lomakin,1992,1995,RW,215,42,62,104,5,92,36,6,0,2,43,18,1,310,13.5,NA,NA,3.6,3.1,6.8
Matthew Lombardi,2004,2013,C,536,101,161,262,6,293,72,17,12,22,120,39,2,1061,9.5,8545,15:56:00,14.4,9.6,24.1
Ryan Lomberg,2018,2026,LW,394,35,37,72,-9,475,34,1,0,5,36,0,1,465,7.5,3880,09:51:00,-0.3,3.8,3.5
Brian Loney,1996,1996,RW,12,2,3,5,2,6,2,0,0,0,3,0,0,19,10.5,NA,NA,0.1,0.2,0.3
Troy Loney,1984,1995,LW,624,87,110,197,-44,1093,76,11,0,11,105,5,0,805,10.8,NA,NA,-2.4,6.1,3.7
Barry Long,1973,1982,D,280,11,68,79,-57,250,10,1,0,0,59,6,3,407,2.7,NA,NA,1.4,13.5,14.9
Ross Lonsberry,1967,1981,LW,968,256,310,566,83,806,196,53,7,26,244,58,8,2343,10.9,NA,NA,28,13.7,41.7
Håkan Loob,1984,1989,RW,450,193,236,429,103,189,142,42,9,17,151,75,10,1126,17.1,NA,NA,27.2,7,34.2
Peter Loob,1985,1985,D,8,1,2,3,5,0,1,0,0,0,2,0,0,10,10,NA,NA,0.1,0.7,0.8
Viktor Lööv,2016,2016,D,4,0,2,2,4,0,0,0,0,0,2,0,0,1,0,42,10:28:00,0.2,0.4,0.6
Jim Lorentz,1969,1978,C/RW,659,161,238,399,3,210,106,54,1,28,180,57,1,1202,13.4,NA,NA,19.7,8.5,28.2
Steven Lorentz,2021,2026,C/LW,380,36,44,80,-21,67,31,1,4,8,43,0,1,406,8.9,4150,10:55:00,-0.2,4.2,4
Bob Lorimer,1977,1986,D,529,22,90,112,30,433,20,2,0,1,86,1,3,485,4.5,NA,NA,-1.2,30.3,29.1
Matthew Lorito,2017,2017,RW,2,0,1,1,0,0,0,0,0,0,1,0,0,6,0,29,14:26:00,0,0,0.1
Rod Lorrain,1936,1942,RW,174,28,38,66,NA,30,23,5,0,5,34,4,0,NA,NA,NA,NA,1.6,2.3,4
Clem Loughlin,1927,1929,D,101,8,6,14,NA,81,NA,NA,NA,2,NA,NA,NA,NA,NA,NA,NA,0.9,7.3,8.1
Wilf Loughlin,1924,1924,D/LW,14,0,0,0,NA,2,NA,NA,NA,0,NA,NA,NA,NA,NA,NA,NA,-0.8,0.6,-0.2
Ben Lovejoy,2009,2019,D,544,20,81,101,51,287,20,0,0,3,70,5,6,717,2.8,9790,18:00:00,1.3,24.3,25.6
Ken Lovsin,1991,1991,D,1,0,0,0,-2,0,0,0,0,0,0,0,0,2,0,NA,NA,0,-0.1,-0.1
Reed Low,2001,2007,RW,256,3,16,19,-3,725,3,0,0,1,16,0,0,132,2.3,1508,05:53:00,-1.9,1.6,-0.3
Dwayne Lowdermilk,1981,1981,D,2,0,1,1,-1,2,0,0,0,0,1,0,0,2,0,NA,NA,0,0.1,0.1
Darren Lowe,1984,1984,RW,8,1,2,3,-5,0,1,0,0,0,2,0,0,14,7.1,NA,NA,0,0,0
Keegan Lowe,2015,2018,D,4,0,0,0,-3,10,0,0,0,0,0,0,0,4,0,55,13:52:00,-0.1,-0.1,-0.2
Kevin Lowe,1980,1998,D,1254,84,347,431,260,1498,62,17,5,12,284,39,24,1264,6.6,101,14:26:00,12.4,62.5,74.9
Odie Lowe,1950,1950,C,3,1,1,2,NA,0,1,0,0,0,1,0,0,NA,NA,NA,NA,0.2,0,0.2
Ross Lowe,1950,1952,D/LW,77,6,8,14,NA,82,4,2,0,1,5,3,0,NA,NA,NA,NA,0.7,4.6,5.4
Ed Lowrey,1918,1921,C,27,2,2,4,NA,6,NA,NA,NA,0,NA,NA,NA,NA,NA,NA,NA,-1.8,0.8,-1.1
Fred Lowrey,1925,1926,RW,53,1,1,2,NA,10,NA,NA,NA,0,NA,NA,NA,NA,NA,NA,NA,-1.7,5.7,4
Gerry Lowrey,1928,1933,LW,211,47,48,95,NA,166,NA,NA,NA,3,NA,NA,NA,NA,NA,NA,NA,9.8,2.4,12.3
Adam Lowry,2015,2026,LW,844,126,168,294,44,452,108,6,12,21,140,16,12,1151,10.9,12776,15:08:00,7.1,15.9,23
Dave Lowry,1986,2004,LW,1084,164,187,351,-87,1191,140,18,6,25,152,30,5,1277,12.8,3680,12:52:00,4,13.2,17.2
Lynn Loyns,2003,2006,LW,34,3,2,5,-7,21,3,0,0,0,1,0,1,18,16.7,305,08:58:00,0,0.1,0.1
Danny Lucas,1979,1979,RW,6,1,0,1,-2,0,1,0,0,0,0,0,0,8,12.5,NA,NA,-0.1,0,-0.1
Dave Lucas,1963,1963,D,0,0,0,0,0,NA,0,0,0,0,NA,NA,NA,0,NA,NA,NA,0,0,0
Jake Lucchini,2023,2025,F,54,3,3,6,-7,25,2,1,0,1,3,0,0,38,7.9,547,10:08:00,-0.6,0.4,-0.2
Don Luce,1970,1982,C,894,225,328,553,195,364,177,22,26,30,288,22,18,1912,11.8,NA,NA,26.3,17.7,44.1
Jett Luchanko,2025,2026,F,8,0,0,0,-6,4,0,0,0,0,0,0,0,4,0,92,11:31:00,-0.3,-0.1,-0.4
Milan Lucic,2008,2024,LW,1177,233,353,586,59,1301,185,48,0,36,285,68,0,1798,13,17660,15:00:00,39.6,21.2,60.8
Jan Ludvig,1983,1989,RW,314,54,87,141,-83,418,41,13,0,3,59,28,0,567,9.5,NA,NA,1.6,2.7,4.3
John Ludvig,2024,2025,D,41,3,4,7,-16,53,3,0,0,1,4,0,0,33,9.1,493,12:02:00,0.4,-0.2,0.2
Craig Ludwig,1983,1999,D,1256,38,184,222,84,1437,35,2,1,3,167,8,9,1074,3.5,2342,14:38:00,-5,73.3,68.3
Steve Ludzik,1982,1990,C,424,46,93,139,-18,333,43,1,2,3,85,5,3,438,10.5,NA,NA,-3.4,4.6,1.3
Matt Luff,2019,2026,RW,111,16,12,28,-14,20,15,1,0,3,12,0,0,139,11.5,1140,10:16:00,1.2,1,2.2
Warren Luhning,1998,2000,RW,29,0,1,1,-10,21,0,0,0,0,1,0,0,24,0,248,08:32:00,-0.8,0,-0.8
Bernie Lukowich,1974,1975,RW,79,13,15,28,0,34,10,3,0,4,15,0,0,80,16.3,NA,NA,0.1,1.1,1.2
Brad Lukowich,1998,2011,D,658,23,90,113,45,369,22,0,1,8,79,8,3,454,5.1,10787,16:24:00,2,29.4,31.4
Morris Lukowich,1980,1987,LW,582,199,219,418,-103,584,146,50,3,18,143,76,0,1203,16.5,NA,NA,21,5.8,26.9
Charlie Luksa,1980,1980,D,8,0,1,1,0,4,0,0,0,0,1,0,0,3,0,NA,NA,-0.1,0.3,0.2
Dave Lumley,1979,1987,RW,437,98,160,258,39,673,88,9,1,15,136,22,2,606,16.2,NA,NA,7.7,4.5,12.2
Jyrki Lumme,1989,2003,D,985,114,354,468,76,620,70,36,8,23,200,139,15,1653,6.9,8851,21:51:00,31.3,48.5,79.8
Cameron Lund,2025,2025,C,11,2,1,3,-10,4,1,1,0,0,1,0,0,12,16.7,127,11:30:00,0.1,-0.2,-0.1
Pentti Lund,1949,1953,RW,259,44,55,99,NA,42,38,6,0,3,49,6,0,NA,NA,NA,NA,3.3,3.6,7
Brian Lundberg,1983,1983,D,1,0,0,0,-1,2,0,0,0,0,0,0,0,0,NA,NA,NA,0,0,0
Len Lunde,1959,1971,C,321,39,83,122,-16,71,27,11,1,2,62,21,0,444,5.6,NA,NA,0.5,4.4,4.8
Anton Lundell,2022,2026,C,359,78,123,201,62,177,63,8,7,11,90,27,6,738,10.6,5963,16:37:00,10.7,8.9,19.6
Isac Lundeström,2019,2026,C,405,39,57,96,-43,42,33,0,6,4,54,3,0,369,10.6,5714,14:07:00,-2.6,5.2,2.5
Bengt Lundholm,1982,1986,LW,275,48,95,143,10,72,41,6,1,4,81,12,2,280,17.1,NA,NA,2.5,3.7,6.2
Mike Lundin,2008,2013,D,252,4,32,36,-11,54,4,0,0,0,30,1,1,160,2.5,4531,17:59:00,-1,9.2,8.2
Nils Lundkvist,2022,2026,D,234,12,43,55,28,78,10,2,0,2,38,5,0,297,4,3581,15:18:00,2.1,9.7,11.8
Jamie Lundmark,2003,2010,C,295,40,59,99,-29,204,37,3,0,3,37,22,0,407,9.8,3713,12:35:00,3.9,2.7,6.6
Simon Lundmark,2026,2026,D,1,0,0,0,1,0,0,0,0,0,0,0,0,1,0,17,16:45:00,0,0.1,0.1
Joel Lundqvist,2007,2009,C,134,7,19,26,-17,56,7,0,0,1,18,1,0,116,6,1471,10:59:00,-0.8,1.1,0.4
Joe Lundrigan,1973,1975,D,52,2,8,10,1,22,1,1,0,1,8,0,0,55,3.6,NA,NA,0,3.1,3.1
Tord Lundstrom,1974,1974,LW,11,1,1,2,-2,0,1,0,0,0,1,0,0,7,14.3,NA,NA,-0.2,0.1,-0.1
Pat Lundy,1946,1951,C,150,37,32,69,NA,31,34,3,0,3,29,3,0,NA,NA,NA,NA,3.4,1.6,5
Tristan Luneau,2024,2025,D,13,1,2,3,-4,6,1,0,0,0,2,0,0,17,5.9,224,17:16:00,0.1,0.2,0.3
Mikko Luoma,2004,2004,D,3,0,1,1,0,0,0,0,0,0,1,0,0,4,0,53,17:32:00,0.1,0.1,0.1
Chris Luongo,1991,1996,D,218,8,23,31,-73,176,6,2,0,0,17,4,2,186,4.3,NA,NA,-1.2,6.5,5.3
Eetu Luostarinen,2020,2026,C,446,61,100,161,22,138,53,5,3,11,90,5,5,571,10.7,6744,15:07:00,3,8.1,11.1
Joona Luoto,2020,2023,F,23,1,0,1,-10,2,1,0,0,0,0,0,0,16,6.3,193,08:23:00,-0.3,-0.1,-0.5
Ross Lupaschuk,2003,2003,D,3,0,0,0,-3,4,0,0,0,0,0,0,0,3,0,49,16:20:00,-0.1,-0.1,-0.2
Gilles Lupien,1978,1982,D,226,5,25,30,42,416,5,0,0,1,25,0,0,147,3.4,NA,NA,-2.1,13.8,11.6
Gary Lupul,1980,1986,C/LW,293,70,75,145,-45,243,55,14,1,6,61,13,1,436,16.1,NA,NA,3.8,3.2,6.9
Joffrey Lupul,2004,2016,LW,701,205,215,420,-79,407,144,59,2,24,141,73,1,1793,11.4,11385,16:14:00,36.1,9.4,45.5
Roman Lyashenko,2000,2003,C,139,14,9,23,-7,55,14,0,0,2,8,1,0,119,11.8,1381,09:56:00,0,1.4,1.4
Olle Lycksell,2023,2026,RW,52,2,11,13,-8,16,2,0,0,1,10,1,0,51,3.9,559,10:45:00,-0.1,0.4,0.3
Toni Lydman,2001,2013,D,847,36,206,242,45,551,26,10,0,3,148,50,8,989,3.6,18025,21:17:00,9.2,42.4,51.5
George Lyle,1980,1983,LW,99,24,38,62,-2,51,19,4,1,2,31,7,0,165,14.5,NA,NA,2.2,1.5,3.7
Doug Lynch,2004,2004,D,2,0,0,0,0,0,0,0,0,0,0,0,0,2,0,21,10:16:00,0,0,0
Jack Lynch,1973,1979,D,382,24,106,130,-196,336,17,7,0,2,59,45,2,601,4,NA,NA,5,8.7,13.7
Vic Lynn,1943,1954,LW/D,327,49,76,125,NA,274,34,13,2,7,62,12,2,NA,NA,NA,NA,7.4,13.1,20.5
Steve Lyon,1977,1977,D/RW,3,0,0,0,0,2,0,0,0,0,0,0,0,2,0,NA,NA,-0.1,0.2,0.1
Ron Lyons,1931,1931,LW,36,2,4,6,NA,23,NA,NA,NA,0,NA,NA,NA,NA,NA,NA,NA,-0.8,0.2,-0.6
Brett Lysak,2004,2004,C,2,0,0,0,0,2,0,0,0,0,0,0,0,0,NA,7,03:24:00,0,0,0
Fabian Lysell,2025,2025,RW,12,1,2,3,-4,6,0,1,0,1,2,0,0,21,4.8,161,13:27:00,0,0.1,0
Tom Lysiak,1974,1986,C,919,292,551,843,-11,567,209,75,8,41,375,170,6,2210,13.2,NA,NA,49.5,12.1,61.5
Roman Lyubimov,2017,2017,LW,47,4,2,6,-2,8,4,0,0,1,2,0,0,41,9.8,450,09:35:00,-0.2,0.5,0.3
Ilya Lyubushkin,2019,2026,D,485,7,62,69,-27,257,6,0,1,1,60,0,2,329,2.1,7788,16:03:00,-2.1,14.6,12.4
Olli Määttä,2014,2026,D,803,44,166,210,76,182,39,4,1,8,146,17,3,944,4.7,14758,18:23:00,8,37.2,45.2
Al MacAdam,1974,1985,RW,864,240,351,591,-44,509,175,50,15,33,258,84,9,1545,15.5,NA,NA,28.3,12.1,40.4
Clarke MacArthur,2007,2017,LW,552,133,171,304,-6,343,97,34,2,22,128,41,2,976,13.6,8581,15:33:00,24,8.3,32.3
Matias Maccelli,2022,2026,LW,294,51,118,169,-49,54,46,5,0,5,85,32,1,405,12.6,4436,15:05:00,9.1,3.3,12.4
Kurtis MacDermid,2018,2026,LW/D,306,11,21,32,-34,424,11,0,0,2,20,0,1,182,6,2707,08:51:00,0.6,3.7,4.3
Lane MacDermid,2012,2014,LW,21,2,2,4,0,36,2,0,0,0,2,0,0,11,18.2,125,05:57:00,0.5,0.1,0.6
Paul MacDermid,1982,1995,RW,690,116,142,258,-16,1303,97,19,0,18,121,21,0,755,15.4,NA,NA,1.3,9.6,10.9
Andrew MacDonald,2009,2019,D,586,28,133,161,-11,276,22,6,0,6,99,29,5,594,4.7,12534,21:23:00,5.4,26,31.3
Blair MacDonald,1980,1983,RW,219,91,100,191,-8,65,63,26,2,11,69,30,1,583,15.6,NA,NA,11.9,2.6,14.5
Brett MacDonald,1988,1988,D,1,0,0,0,-1,0,0,0,0,0,0,0,0,0,NA,NA,NA,0,0,0
Craig MacDonald,1999,2009,LW,233,11,24,35,-15,91,9,1,1,1,24,0,0,269,4.1,2388,10:15:00,-1.9,2.3,0.5
Doug MacDonald,1993,1995,LW,11,1,0,1,-3,2,1,0,0,0,0,0,0,4,25,NA,NA,-0.3,0.1,-0.2
Jacob MacDonald,2019,2024,D,135,10,17,27,-14,56,7,3,0,0,15,2,0,191,5.2,1705,12:38:00,1.5,2.9,4.4
Jason MacDonald,2004,2004,RW,4,0,0,0,-1,19,0,0,0,0,0,0,0,3,0,33,08:11:00,-0.1,0,-0.1
Kevin MacDonald,1994,1994,D,1,0,0,0,0,2,0,0,0,0,0,0,0,0,NA,NA,NA,0,0,0
Kilby MacDonald,1940,1945,LW,152,36,34,70,NA,47,36,0,0,6,29,4,1,NA,NA,NA,NA,2.3,2.4,4.7
Lowell MacDonald,1962,1978,LW,506,180,210,390,47,88,136,41,3,15,154,54,2,1449,12.4,NA,NA,26.6,8.8,35.4
Parker MacDonald,1953,1969,C,676,144,179,323,-56,251,97,46,1,22,120,58,1,1226,9.9,NA,NA,14,9.5,23.5
Kim MacDougall,1975,1975,D,1,0,0,0,-1,0,0,0,0,0,0,0,0,0,NA,NA,NA,0,0,0
Mackenzie MacEachern,2019,2026,LW,131,12,12,24,3,67,11,0,1,3,12,0,0,145,8.3,1149,08:46:00,0.4,1.5,1.9
Shane MacEachern,1988,1988,C,1,0,0,0,0,0,0,0,0,0,0,0,0,0,NA,NA,NA,0,0,0
Maxime Macenauer,2012,2012,C,29,1,3,4,-4,18,1,0,0,1,3,0,0,14,7.1,314,10:49:00,-0.3,0.2,-0.1
Zack MacEwen,2019,2026,C,240,17,17,34,-30,323,17,0,0,5,17,0,0,252,6.7,2233,09:18:00,-1.2,1.7,0.5
Hub Macey,1942,1947,LW,30,6,9,15,NA,0,4,2,0,1,8,1,0,NA,NA,NA,NA,0.2,0.5,0.7
Bruce MacGregor,1961,1974,C,895,213,257,470,19,215,174,25,14,37,223,30,4,1666,12.8,NA,NA,22.4,12.1,34.4
Randy MacGregor,1982,1982,RW,2,1,1,2,2,2,1,0,0,0,1,0,0,1,100,NA,NA,0.1,0.1,0.2
Garth MacGuigan,1980,1984,C,5,0,1,1,1,2,0,0,0,0,1,0,0,3,0,NA,NA,-0.1,0.1,-0.1
Spencer Machacek,2009,2012,RW,25,2,7,9,6,7,2,0,0,0,7,0,0,20,10,191,07:38:00,0.7,0.4,1.1
Ray Macias,2009,2011,D,8,0,1,1,-1,2,0,0,0,0,0,1,0,4,0,138,17:16:00,-0.1,0.3,0.2
Al MacInnis,1982,2004,D,1416,340,934,1274,371,1511,164,166,10,44,355,556,23,5157,6.6,11132,26:04:00,104.3,90.7,195
Ryan MacInnis,2020,2022,C,27,0,1,1,-2,0,0,0,0,0,1,0,0,29,0,263,09:45:00,-0.6,0.3,-0.4
Ian MacIntosh,1953,1953,RW,4,0,0,0,NA,4,0,0,0,0,0,0,0,NA,NA,NA,NA,-0.2,0,-0.2
Steve MacIntyre,2009,2013,LW,91,2,2,4,-6,175,2,0,0,1,2,0,0,15,13.3,312,03:26:00,-0.3,0.1,-0.2
Don MacIver,1980,1980,D,6,0,0,0,-5,2,0,0,0,0,0,0,0,2,0,NA,NA,-0.1,0.1,0
Norm Maciver,1987,1998,D,501,55,230,285,-68,350,32,21,2,8,108,119,3,726,7.6,651,15:53:00,17.2,18.8,36
Blair MacKasey,1977,1977,D,1,0,0,0,-1,2,0,0,0,0,0,0,0,0,NA,NA,NA,0,0,0
Calum MacKay,1947,1955,LW,237,50,55,105,NA,214,45,5,0,12,51,4,0,NA,NA,NA,NA,5.8,4.2,10.1
Dave MacKay,1941,1941,D,27,3,0,3,NA,28,3,0,0,1,0,0,0,NA,NA,NA,NA,-0.1,1.6,1.5
Mickey MacKay,1927,1930,C,147,44,19,63,NA,79,NA,NA,NA,8,NA,NA,NA,NA,NA,NA,NA,12.2,2.4,14.6
Murdo MacKay,1946,1948,RW/C,19,0,3,3,NA,0,0,0,0,0,3,0,0,NA,NA,NA,NA,-0.6,0.3,-0.3
Fleming Mackell,1948,1960,C,666,149,220,369,-10,565,105,32,12,23,165,44,11,91,7.7,NA,NA,23.7,10.2,33.9
Jack Mackell,1920,1921,RW/D,45,4,2,6,NA,54,NA,NA,NA,0,NA,NA,NA,NA,NA,NA,NA,-2.8,2,-0.8
Aaron MacKenzie,2009,2009,D,5,0,0,0,1,0,0,0,0,0,0,0,0,3,0,73,14:38:00,-0.1,0.3,0.2
Barry MacKenzie,1969,1969,D,6,0,1,1,-2,6,0,0,0,0,1,0,0,3,0,NA,NA,0,0.3,0.2
Bill MacKenzie,1934,1940,D,233,11,10,21,NA,132,6,4,1,0,7,3,0,NA,NA,NA,NA,-0.6,14.3,13.7
Clarence MacKenzie,1933,1933,RW,36,4,4,8,NA,NA,NA,NA,NA,1,NA,NA,NA,NA,NA,NA,NA,-0.3,0.8,0.5
Derek MacKenzie,2002,2019,C,611,51,74,125,-7,337,41,2,8,7,63,1,10,624,8.2,6846,11:12:00,0.1,7.5,7.6
Connor Mackey,2021,2026,D,45,4,7,11,-4,84,4,0,0,0,7,0,0,43,9.3,634,14:06:00,0.7,1,1.7
David Mackey,1988,1994,LW,126,8,12,20,-29,305,8,0,0,3,12,0,0,96,8.3,NA,NA,-2.7,0.9,-1.8
Reg Mackey,1927,1927,D,41,0,0,0,NA,16,NA,NA,NA,0,NA,NA,NA,NA,NA,NA,NA,-1.6,4.7,3.2
Howie Mackie,1937,1938,RW/D,16,1,0,1,NA,4,1,0,0,0,0,0,0,NA,NA,NA,NA,-0.3,0.9,0.6
Nathan MacKinnon,2014,2026,C,950,420,722,1142,229,428,305,113,2,76,477,243,2,3842,10.9,19638,20:40:00,102.9,29.6,132.5
Paul MacKinnon,1980,1984,D,147,5,23,28,-9,91,4,1,0,0,22,1,0,116,4.3,NA,NA,-0.6,7.9,7.2
Brett Maclean,2011,2012,LW,18,2,3,5,1,4,1,1,0,2,2,1,0,22,9.1,156,08:41:00,0.3,0.2,0.5
Donald MacLean,1998,2007,C,41,8,5,13,-6,6,5,3,0,1,4,1,0,52,15.4,463,11:18:00,0.7,0.2,0.9
John MacLean,1984,2002,RW,1194,413,429,842,43,1328,285,115,13,63,302,119,8,3324,12.4,3463,16:34:00,56,18.3,74.3
Kyle MacLean,2024,2026,F,172,10,17,27,-16,65,10,0,0,0,17,0,0,130,7.7,1750,10:11:00,-1.2,1.6,0.4
Paul MacLean,1981,1991,RW,719,324,349,673,-34,968,199,125,0,37,244,105,0,1514,21.4,NA,NA,43.6,8.5,52.1
Rick MacLeish,1971,1984,C,846,349,410,759,154,434,222,104,23,51,283,123,4,2605,13.4,NA,NA,53.4,13.1,66.5
Brian MacLellan,1983,1992,LW,606,172,241,413,-91,551,100,71,1,19,159,80,2,1143,15,NA,NA,18.8,5.3,24.1
Pat MacLeod,1991,1996,D,53,5,13,18,-50,14,2,3,0,0,3,10,0,100,5,NA,NA,0.7,-0.2,0.6
Billy MacMillan,1971,1977,RW,446,74,77,151,0,184,61,10,3,12,65,10,2,600,12.3,NA,NA,0,6.8,6.8
Bob MacMillan,1975,1985,RW,752,228,349,577,-1,260,175,44,9,23,260,82,7,1484,15.4,NA,NA,31,11,42
Jeff MacMillan,2004,2004,D,4,0,0,0,-2,0,0,0,0,0,0,0,0,3,0,33,08:19:00,0,-0.1,-0.1
John MacMillan,1961,1965,RW,104,5,10,15,1,30,4,1,0,1,8,2,0,105,4.8,NA,NA,-2.9,1.8,-1
Al MacNeil,1956,1968,D,524,17,75,92,84,615,14,3,0,2,68,6,1,456,2.9,NA,NA,0.6,35.6,36.2
Bernie MacNeil,1974,1974,LW,4,0,0,0,1,0,0,0,0,0,0,0,0,5,0,NA,NA,-0.2,0.1,-0.1
Ian MacNeil,2003,2003,C,2,0,0,0,1,0,0,0,0,0,0,0,0,2,0,20,10:08:00,-0.1,0.1,0
Jamie Macoun,1983,1999,D,1128,76,282,358,175,1210,62,10,4,9,247,27,8,1635,4.6,1207,17:30:00,10.4,62.4,72.8
Bud MacPherson,1949,1957,D,259,5,33,38,NA,233,5,0,0,0,28,5,0,NA,NA,NA,NA,-0.4,18.4,18
Ralph MacSweyn,1968,1972,D,47,0,5,5,-3,10,0,0,0,0,4,0,1,24,0,NA,NA,-0.5,2.9,2.4
Craig MacTavish,1980,1997,C,1093,213,267,480,34,891,166,18,29,34,228,19,20,1480,14.4,NA,NA,9.7,12.6,22.3
Andrew MacWilliam,2015,2015,D,12,0,2,2,-6,12,0,0,0,0,2,0,0,5,0,185,15:24:00,0,-0.1,-0.1
Mike MacWilliam,1996,1996,LW,6,0,0,0,-1,14,0,0,0,0,0,0,0,4,0,NA,NA,-0.2,0.1,-0.2
John Madden,1999,2012,C,898,165,183,348,20,219,140,7,18,24,161,11,11,1800,9.2,14786,16:28:00,11.8,18.7,30.5
Connie Madigan,1973,1973,D,20,0,3,3,1,25,0,0,0,0,3,0,0,11,0,NA,NA,-0.1,1.2,1.1
Jeff Madill,1991,1991,RW,14,4,0,4,-1,46,4,0,0,0,0,0,0,24,16.7,NA,NA,0.1,0.1,0.2
Saku Mäenalanen,2019,2023,RW,98,8,10,18,0,36,8,0,0,0,10,0,0,97,8.2,982,10:01:00,-0.2,1.3,1.1
Dean Magee,1978,1978,LW,7,0,0,0,-3,4,0,0,0,0,0,0,0,4,0,NA,NA,-0.3,0,-0.3
Darryl Maggs,1972,1980,D,135,14,19,33,-30,54,14,0,0,1,18,1,0,156,9,NA,NA,1.3,5.8,7.1
Marc Magnan,1983,1983,LW,4,0,1,1,0,5,0,0,0,0,0,1,0,1,0,NA,NA,-0.1,0.1,0
Olivier Magnan,2011,2011,D,18,0,0,0,-4,4,0,0,0,0,0,0,0,8,0,283,15:43:00,-0.3,0.5,0.2
Keith Magnuson,1970,1980,D,589,14,125,139,168,1440,14,0,0,1,118,4,3,463,3,NA,NA,1,45.2,46.2
Kevin Maguire,1987,1992,RW,260,29,30,59,-16,782,28,1,0,3,30,0,0,191,15.2,NA,NA,-3.4,3.1,-0.3
John Mahaffy,1943,1944,C,37,11,25,36,NA,4,11,0,0,0,25,0,0,NA,NA,NA,NA,1.4,0.2,1.6
Frank Mahovlich,1957,1974,LW,1181,533,570,1103,266,1054,400,122,11,82,383,182,5,3366,14.6,NA,NA,99.5,22.3,121.7
Pete Mahovlich,1966,1981,C,883,288,485,773,234,916,197,72,19,38,349,130,6,2089,13.8,NA,NA,52.4,16.4,68.9
Josh Mahura,2019,2026,D,277,11,46,57,11,126,11,0,0,2,42,3,1,256,4.3,3912,14:07:00,1.9,9.1,11
Jacques Mailhot,1989,1989,LW,5,0,0,0,0,33,0,0,0,0,0,0,0,0,NA,NA,NA,-0.2,0.1,-0.1
Philippe Maillet,2021,2021,F,2,0,0,0,-1,0,0,0,0,0,0,0,0,1,0,18,09:09:00,-0.1,0,-0.1
Frank Mailley,1943,1943,D,1,0,0,0,NA,0,0,0,0,0,0,0,0,NA,NA,NA,NA,0,0.1,0
Logan Mailloux,2024,2026,D,74,6,11,17,-17,54,6,0,0,0,9,2,0,90,6.7,1236,16:42:00,0.7,1.6,2.4
Adam Mair,2000,2011,C,615,38,76,114,-26,829,36,1,1,5,75,1,0,579,6.6,5646,09:11:00,0.2,5.3,5.5
Jim Mair,1971,1975,D,76,4,15,19,-42,49,3,1,0,1,9,6,0,207,1.9,NA,NA,0.4,2,2.4
Fern Majeau,1944,1945,C/LW,56,22,24,46,NA,43,16,6,0,3,22,2,0,NA,NA,NA,NA,1.7,1.8,3.6
Ivan Majeský,2003,2006,D,202,8,23,31,-27,234,7,0,1,2,22,0,1,122,6.6,3584,17:45:00,0.2,5.4,5.6
Bruce Major,1991,1991,C,4,0,0,0,-1,0,0,0,0,0,0,0,0,0,NA,NA,NA,-0.2,0,-0.1
Mark Major,1997,1997,LW,2,0,0,0,0,5,0,0,0,0,0,0,0,0,NA,NA,NA,-0.1,0,0
Cale Makar,2020,2026,D,469,136,370,506,167,134,88,45,3,28,203,163,4,1314,10.4,11634,24:48:00,48.3,33.4,81.8
Taylor Makar,2026,2026,LW,12,0,0,0,0,4,0,0,0,0,0,0,0,7,0,75,06:13:00,-0.2,0.1,-0.1
Sergei Makarov,1990,1997,RW,424,134,250,384,67,317,97,37,0,20,171,79,0,610,22,NA,NA,24.5,6.6,31.1
Mikko Mäkelä,1986,1995,RW,423,118,147,265,-4,139,80,34,4,11,102,45,0,629,18.8,NA,NA,12.1,5,17.1
Chico Maki,1962,1976,RW,841,143,293,436,144,345,117,14,12,24,239,42,12,1383,10.3,NA,NA,14.5,14.7,29.3
Tomi Mäki,2007,2007,RW,1,0,0,0,0,0,0,0,0,0,0,0,0,0,NA,11,10:56:00,0,0,0
Wayne Maki,1968,1973,LW,246,57,79,136,-39,182,43,14,0,7,63,16,0,489,11.7,NA,NA,6.3,2.4,8.7
Kari Makkonen,1980,1980,LW,9,2,2,4,-2,0,2,0,0,0,1,1,0,11,18.2,NA,NA,0.1,0,0.1
Vladimir Malakhov,1993,2006,D,712,86,260,346,48,697,44,42,0,9,131,121,8,1550,5.5,8852,21:48:00,25,34.2,59.2
James Malatesta,2024,2025,LW,13,2,2,4,-2,5,2,0,0,0,2,0,0,12,16.7,134,10:16:00,0.2,0.1,0.3
Tomáš Malec,2003,2007,D,46,0,2,2,-2,47,0,0,0,0,1,1,0,33,0,502,10:55:00,-0.3,1.1,0.8
Beck Malenstyn,2020,2026,LW,261,19,29,48,-15,103,18,0,1,2,28,0,1,258,7.4,3075,11:47:00,-2,2.9,0.9
David Maley,1986,1994,LW,466,43,81,124,-61,1043,39,4,0,7,71,9,1,453,9.5,NA,NA,-5.2,4.3,-0.9
Denis Malgin,2017,2023,C,257,41,40,81,-16,50,37,4,0,5,32,7,1,374,11,3117,12:08:00,3.6,2.9,6.5
Stewart Malgunas,1994,2000,D,129,1,5,6,-10,144,1,0,0,0,5,0,0,78,1.3,269,12:14:00,-1.9,4.5,2.6
Manny Malhotra,1999,2015,C,991,116,179,295,-26,451,101,12,3,26,151,24,4,1176,9.9,12925,13:03:00,7.5,13.4,20.8
Marek Malík,1995,2009,D,691,33,135,168,133,620,29,3,1,7,111,18,6,612,5.4,12269,19:17:00,6.4,40.8,47.2
Merlin Malinowski,1979,1983,C,282,54,111,165,-105,121,47,6,1,3,78,32,1,441,12.2,NA,NA,4.4,2.5,6.9
Sam Malinski,2024,2026,D,180,16,49,65,54,42,15,1,0,2,46,3,0,306,5.2,2964,16:28:00,4.2,9.5,13.7
Evgeni Malkin,2007,2026,C,1269,533,874,1407,41,1263,342,187,4,89,530,343,1,3957,13.5,24710,19:28:00,134.3,27.6,161.9
Dean Malkoc,1996,1999,D,116,1,3,4,-33,299,1,0,0,0,3,0,0,31,3.2,400,09:32:00,-1.8,3.1,1.3
Troy Mallette,1990,1998,LW,456,51,68,119,-49,1226,47,4,0,6,63,4,1,478,10.7,4,01:17:00,-3.7,5.2,1.5
Olli Malmivaara,2008,2008,D,2,0,0,0,2,0,0,0,0,0,0,0,0,0,NA,18,08:48:00,0,0.2,0.2
Brad Malone,2012,2023,C/LW,217,14,18,32,-35,206,14,0,0,2,18,0,0,164,8.5,1968,09:04:00,-0.4,1.1,0.7
Cliff Malone,1952,1952,RW,3,0,0,0,NA,0,0,0,0,0,0,0,0,NA,NA,NA,NA,-0.2,0.1,-0.1
Greg Malone,1977,1987,C,704,191,310,501,-105,661,151,40,0,19,251,56,3,1345,14.2,NA,NA,23.5,7.9,31.5
Joe Malone,1918,1924,C/LW,126,143,33,176,NA,57,NA,NA,NA,11,NA,NA,NA,NA,NA,NA,NA,18.6,2.9,21.5
Ryan Malone,2004,2015,LW,647,179,191,370,-59,693,110,57,12,25,127,58,6,1303,13.7,11131,17:12:00,26.8,9.1,36
Sean Malone,2017,2021,C,2,0,1,1,-1,2,0,0,0,0,1,0,0,2,0,23,11:25:00,0,0,0
Dan Maloney,1971,1982,LW,737,192,259,451,47,1489,147,42,3,26,198,57,4,1561,12.3,NA,NA,20.8,11.5,32.3
Dave Maloney,1975,1985,D,657,71,246,317,83,1154,50,17,4,7,185,57,4,932,7.6,NA,NA,14.7,37.9,52.6
Don Maloney,1979,1991,LW,765,214,350,564,42,815,148,51,15,30,270,69,11,1203,17.8,NA,NA,25.7,10.9,36.6
Phil Maloney,1950,1960,C,159,28,43,71,1,12,22,6,0,2,37,6,0,35,17.1,NA,NA,3,2.1,5
Jeff Malott,2022,2026,F,71,3,7,10,-10,64,3,0,0,0,7,0,0,67,4.5,639,09:00:00,-0.5,0.4,0
Steve Maltais,1990,2001,LW,120,9,18,27,-34,53,5,4,0,1,12,6,0,148,6.1,311,11:57:00,-1.7,0.8,-0.8
Kirk Maltby,1994,2010,RW,1072,128,132,260,18,867,103,4,21,24,119,6,7,1397,9.2,11157,13:21:00,-0.9,15.3,14.5
Mikhail Maltsev,2021,2023,LW,56,6,3,9,-9,6,6,0,0,0,3,0,0,82,7.3,556,09:56:00,0,0.2,0.2
Ray Maluta,1976,1977,D,25,2,3,5,1,6,2,0,0,0,2,1,0,26,7.7,NA,NA,0.1,1.1,1.2
Maxim Mamin,2018,2022,C/RW,73,10,8,18,8,25,10,0,0,1,8,0,0,85,11.8,801,10:58:00,0.5,1,1.5
Tom Manastersky,1951,1951,D,6,0,0,0,NA,11,0,0,0,0,0,0,0,NA,NA,NA,NA,-0.1,0.4,0.2
Mark Mancari,2007,2012,RW,42,3,10,13,-3,22,2,1,0,0,8,2,0,89,3.4,492,11:43:00,0.3,0.4,0.7
Victor Mancini,2025,2026,D,55,2,9,11,-21,17,1,1,0,0,9,0,0,41,4.9,804,14:37:00,0.3,0.3,0.6
Gus Mancuso,1938,1943,RW,47,7,9,16,NA,23,7,0,0,2,9,0,0,NA,NA,NA,NA,-0.6,0.4,-0.2
Kent Manderville,1992,2003,C,646,37,67,104,-31,348,32,0,5,7,61,0,6,731,5.1,4342,10:07:00,-7.4,7.3,-0.1
Dan Mandich,1983,1986,D,111,5,11,16,-10,303,5,0,0,1,10,0,1,82,6.1,NA,NA,-0.8,5,4.2
Mike Maneluk,1999,2001,LW,85,11,10,21,-6,57,8,3,0,2,8,2,0,88,12.5,998,11:45:00,0.6,0.9,1.5
Kris Manery,1978,1981,C/RW,250,63,64,127,-61,91,44,18,1,2,50,14,0,506,12.5,NA,NA,4.7,2.4,7.1
Randy Manery,1971,1980,D,582,50,206,256,11,415,31,18,1,8,125,78,3,1070,4.7,NA,NA,13.1,35,48.1
Andrew Mangiapane,2018,2026,LW,560,131,128,259,31,247,112,14,5,20,111,14,3,914,14.3,8116,14:30:00,15.9,10.2,26.1
Eric Manlow,2001,2004,C,37,2,4,6,0,8,1,1,0,0,4,0,0,22,9.1,361,09:46:00,-0.1,0.3,0.2
Cameron Mann,1998,2003,RW,93,14,10,24,-7,40,12,2,0,1,9,1,0,118,11.9,992,10:40:00,1.1,1,2.1
Jack Mann,1944,1945,C,9,3,4,7,NA,0,3,0,0,1,4,0,0,NA,NA,NA,NA,0.4,0,0.4
Jimmy Mann,1980,1988,RW,293,10,20,30,-55,895,9,1,0,1,20,0,0,169,5.9,NA,NA,-8.9,3.1,-5.8
Ken Mann,1976,1976,RW,1,0,0,0,-1,0,0,0,0,0,0,0,0,1,0,NA,NA,0,0,-0.1
Norm Mann,1939,1941,RW/C,31,0,3,3,NA,4,0,0,0,0,3,0,0,NA,NA,NA,NA,-1.2,0.7,-0.6
Rennison Manners,1930,1931,C,37,3,3,6,NA,14,NA,NA,NA,0,NA,NA,NA,NA,NA,NA,NA,-1.2,0.2,-1
Brandon Manning,2012,2020,D,255,14,34,48,-18,254,13,0,1,4,33,1,0,324,4.3,4277,16:46:00,1.2,7.8,9
Paul Manning,2003,2003,D,8,0,0,0,0,2,0,0,0,0,0,0,0,4,0,104,13:02:00,-0.1,0.2,0.1
Bob Manno,1977,1985,D,371,41,132,173,-37,274,28,8,5,7,100,29,3,464,8.8,NA,NA,6.6,14.9,21.5
Dave Manson,1987,2002,D,1103,102,288,390,-8,2792,56,43,3,7,173,109,6,2155,4.7,6176,18:10:00,19.4,47.1,66.5
Josh Manson,2015,2026,D,705,44,157,201,88,691,42,0,2,9,150,1,6,947,4.6,13473,19:07:00,8.2,36,44.2
Ray Manson,1948,1949,LW,2,0,1,1,NA,0,0,0,0,0,1,0,0,NA,NA,NA,NA,0,0,0
Anthony Mantha,2016,2026,RW,588,179,188,367,-3,320,138,40,1,15,159,29,0,1295,13.8,9454,16:05:00,28.6,11.5,40.2
Georges Mantha,1929,1941,D/LW,488,90,103,193,NA,146,55,13,1,14,62,18,2,NA,NA,NA,NA,8.4,8.1,16.5
Moe Mantha,1981,1992,D,656,81,289,370,-120,501,40,37,4,6,157,132,0,1545,5.2,NA,NA,18.8,26.7,45.6
Sylvio Mantha,1924,1937,D,542,63,77,140,NA,671,9,0,0,13,17,3,0,NA,NA,NA,NA,18.6,48.9,67.5
Justin Mapletoft,2003,2004,C,38,3,6,9,-2,8,2,1,0,0,5,0,1,27,11.1,301,07:56:00,0.5,0.2,0.7
Paul Mara,1999,2011,D,734,64,189,253,-110,776,43,21,0,3,91,95,3,1023,6.3,15333,20:53:00,16,25.3,41.3
Bud Maracle,1931,1931,LW,11,1,3,4,NA,4,NA,NA,NA,0,NA,NA,NA,NA,NA,NA,NA,0.1,0.3,0.3
Milan Marcetta,1968,1969,C,54,7,15,22,-14,12,5,2,0,0,12,3,0,59,11.9,NA,NA,0.3,0.7,1
Mush March,1929,1945,RW,761,153,231,384,NA,546,89,20,1,22,141,49,4,NA,NA,NA,NA,19,14,33.1
Brad Marchand,2010,2026,LW,1152,451,583,1034,269,1153,325,90,36,85,383,177,23,2948,15.3,20759,18:01:00,97.6,34.2,131.8
Todd Marchant,1994,2011,C,1195,186,312,498,-20,774,137,21,28,23,237,53,22,2204,8.4,16498,16:44:00,16.2,20,36.2
Alexey Marchenko,2014,2017,D,121,4,17,21,5,26,4,0,0,0,15,0,2,83,4.8,2020,16:42:00,0.3,5.1,5.3
Kirill Marchenko,2023,2026,RW,292,102,106,208,8,82,77,24,1,11,67,39,0,749,13.6,5143,17:37:00,16.2,5.9,22.2
Jonathan Marchessault,2013,2026,C,778,263,311,574,-12,378,201,62,0,44,214,97,0,2323,11.3,13336,17:08:00,47.9,15,62.9
Brian Marchinko,1971,1974,C,47,2,6,8,-10,0,2,0,0,1,6,0,0,27,7.4,NA,NA,-1.2,0.7,-0.6
Bryan Marchment,1989,2006,D,926,40,142,182,31,2307,34,4,2,5,117,19,6,947,4.2,7845,17:31:00,2.5,44.9,47.4
Mason Marchment,2020,2026,F,370,95,139,234,81,314,78,17,0,14,121,18,0,725,13.1,5681,15:21:00,16.2,8.7,24.9
Dave Marcinyshyn,1991,1993,D,16,0,1,1,-3,49,0,0,0,0,1,0,0,8,0,NA,NA,-0.3,0.6,0.3
Lou Marcon,1959,1963,D,60,0,4,4,-6,42,0,0,0,0,4,0,0,8,0,NA,NA,-0.7,3.4,2.7
Don Marcotte,1966,1982,LW,868,230,254,484,191,317,193,16,21,30,220,13,21,1554,14.8,NA,NA,21.2,13.4,34.6
Josef Marha,1996,2001,C,159,21,32,53,-8,32,14,6,1,4,27,5,0,192,10.9,1714,13:23:00,1.8,1.7,3.6
Martin Marinčin,2014,2020,D,227,5,29,34,-13,110,5,0,0,1,26,1,2,205,2.4,3942,17:22:00,-0.7,7.3,6.6
Hector Marini,1979,1984,RW,154,27,46,73,-9,248,20,7,0,4,39,7,0,164,16.5,NA,NA,0.9,2.1,3
John Marino,2020,2026,D,442,23,133,156,82,130,20,2,1,4,120,8,5,413,5.6,9142,20:41:00,6.5,24.1,30.6
Chris Marinucci,1995,1997,C,13,1,4,5,-3,2,1,0,0,0,3,1,0,12,8.3,NA,NA,0.1,0.1,0.1
Frank Mario,1942,1945,C,53,9,19,28,NA,24,9,0,0,0,16,3,0,NA,NA,NA,NA,0.3,0.7,1.1
John Mariucci,1941,1948,D,224,11,34,45,NA,328,9,2,0,0,30,4,0,NA,NA,NA,NA,0.3,9.6,10
Masi Marjamäki,2006,2006,RW,1,0,0,0,0,0,0,0,0,0,0,0,0,0,NA,5,05:17:00,0,0,0
Gordon Mark,1987,1995,D,85,3,10,13,-29,187,3,0,0,0,9,0,1,71,4.2,NA,NA,-0.5,2.1,1.5
John Markell,1980,1985,LW,55,11,10,21,-26,36,8,3,0,1,7,3,0,57,19.3,NA,NA,0.2,0.4,0.6
Gus Marker,1933,1942,RW,323,64,70,134,NA,133,54,6,3,8,62,5,2,NA,NA,NA,NA,7,5.8,12.8
Ray Markham,1980,1980,C,14,1,1,2,-3,21,1,0,0,0,1,0,0,6,16.7,NA,NA,-0.3,0.1,-0.3
Jack Markle,1936,1936,RW,8,0,1,1,NA,0,0,0,0,0,1,0,0,NA,NA,NA,NA,-0.3,0.1,-0.1
Andrei Markov,2001,2017,D,990,119,453,572,64,505,56,60,3,20,208,234,11,1627,7.3,22778,23:00:00,48.4,55.6,104
Danny Markov,1998,2007,D,538,29,118,147,47,456,18,11,0,5,81,31,6,569,5.1,11057,20:33:00,6.5,25.4,31.9
Jack Marks,1918,1920,LW/D,7,0,0,0,NA,4,NA,NA,NA,0,NA,NA,NA,NA,NA,NA,NA,-0.6,0.2,-0.4
John Marks,1973,1982,LW,657,112,163,275,38,330,90,20,2,12,129,28,6,1087,10.3,NA,NA,6.3,16.2,22.5
Nevin Markwart,1984,1992,LW,309,41,68,109,-6,794,40,1,0,6,62,2,4,239,17.2,NA,NA,-1.1,3.9,2.8
Patrick Marleau,1998,2021,C,1779,566,631,1197,-27,527,377,172,17,109,384,243,4,4333,13.1,31670,17:48:00,98.6,35.1,133.8
Mitch Marner,2017,2026,RW,737,244,576,820,144,222,179,55,10,38,370,197,9,1827,13.4,14769,20:02:00,65.3,20.1,85.5
Cooper Marody,2019,2022,C,7,0,1,1,-1,0,0,0,0,0,1,0,0,7,0,48,06:47:00,0,0,0
Daniel Marois,1989,1996,RW,350,117,93,210,-60,419,83,34,0,8,69,24,0,714,16.4,NA,NA,11.4,2.9,14.2
Mario Marois,1978,1992,D,956,76,357,433,6,1746,56,19,1,3,239,109,9,1755,4.3,NA,NA,16.9,47.2,64.1
Pat Maroon,2012,2025,LW,848,126,197,323,6,1087,106,20,0,19,158,39,0,1195,10.5,11150,13:09:00,16.3,12.5,28.8
Gilles Marotte,1966,1977,D,808,56,265,321,-136,921,42,13,1,6,197,59,9,1867,3,NA,NA,17.1,36.1,53.2
Mark Marquess,1947,1947,RW,27,5,4,9,NA,6,5,0,0,1,4,0,0,NA,NA,NA,NA,0,0.5,0.5
Brad Marsh,1979,1993,D,1086,23,175,198,55,1241,22,0,1,4,161,4,10,969,2.4,NA,NA,-6.3,52.9,46.6
Gary Marsh,1968,1969,LW,7,1,3,4,2,4,1,0,0,1,3,0,0,7,14.3,NA,NA,0.2,0.1,0.3
Peter Marsh,1980,1984,RW,278,48,71,119,-71,224,36,12,0,2,59,9,3,627,7.7,NA,NA,0.9,2.1,3
Bert Marshall,1966,1979,D,868,17,181,198,66,926,15,2,0,1,151,22,8,927,1.8,NA,NA,1.1,50.2,51.3
Don Marshall,1952,1972,LW,1176,265,324,589,81,125,186,61,18,40,238,68,18,1660,12.8,NA,NA,26.5,19.9,46.4
Grant Marshall,1995,2006,RW,700,92,147,239,-57,793,64,28,0,17,111,36,0,893,10.3,7190,12:34:00,8.1,8.8,16.9
Jason Marshall,1992,2006,D,526,16,51,67,-34,1004,10,5,1,1,41,9,1,429,3.7,6807,15:59:00,-0.7,17.6,16.9
Kevin Marshall,2012,2012,D,10,0,0,0,-1,8,0,0,0,0,0,0,0,6,0,88,08:46:00,-0.1,0.1,-0.1
Paul Marshall,1980,1983,LW,95,15,18,33,-18,17,12,3,0,5,11,7,0,108,13.9,NA,NA,-0.2,0.9,0.7
Willie Marshall,1953,1959,C,33,1,5,6,NA,2,1,0,0,0,5,0,0,NA,NA,NA,NA,-0.7,0.6,-0.1
Mike Marson,1975,1980,LW,196,24,24,48,-88,233,19,5,0,2,19,5,0,163,14.7,NA,NA,-2.4,1.2,-1.2
Danick Martel,2018,2019,LW,13,0,2,2,2,8,0,0,0,0,2,0,0,22,0,132,10:11:00,-0.2,0.2,0
Tony Mårtensson,2004,2004,C,6,1,1,2,-2,0,1,0,0,0,1,0,0,4,25,42,06:58:00,0.2,0,0.2
Brady Martin,2026,2026,C,3,0,1,1,0,0,0,0,0,0,1,0,0,2,0,34,11:25:00,0,0,0
Clare Martin,1942,1952,D,237,12,28,40,NA,78,11,1,0,3,25,3,0,NA,NA,NA,NA,0.9,15.5,16.4
Craig Martin,1995,1997,RW,21,0,1,1,-4,24,0,0,0,0,1,0,0,4,0,NA,NA,-0.7,0.1,-0.6
Frank Martin,1953,1958,D,282,11,46,57,NA,122,10,1,0,1,34,12,0,NA,NA,NA,NA,1.8,11.2,13
Grant Martin,1984,1987,LW,44,0,4,4,-16,55,0,0,0,0,4,0,0,18,0,NA,NA,-1.4,0.2,-1.2
Jack Martin,1961,1961,C,1,0,0,0,0,0,0,0,0,0,0,0,0,0,NA,NA,NA,0,0,0
Matt Martin,1994,1997,D,76,0,5,5,-11,71,0,0,0,0,5,0,0,53,0,NA,NA,-1.1,3,1.9
Matt Martin,2010,2025,LW,987,81,97,178,-40,1168,79,2,0,13,91,3,3,1067,7.6,10605,10:45:00,-2,10.4,8.4
Paul Martin,2004,2018,D,870,50,270,320,126,238,33,17,0,10,178,88,4,946,5.3,19749,22:42:00,16.1,56.1,72.2
Pit Martin,1962,1979,C,1101,324,485,809,104,609,253,63,8,40,367,110,8,2205,14.7,NA,NA,50.4,19.6,69.9
Rick Martin,1972,1982,LW,685,384,317,701,14,477,269,115,0,47,213,104,0,2526,15.2,NA,NA,61.4,9.3,70.7
Ron Martin,1933,1934,RW,94,13,16,29,NA,36,8,0,0,1,8,1,0,NA,NA,NA,NA,0.7,1.3,2
Terry Martin,1976,1985,LW,479,104,101,205,-50,202,88,13,3,10,90,11,0,582,17.9,NA,NA,3.4,4.9,8.3
Tom Martin,1968,1968,RW,3,1,0,1,0,0,0,1,0,0,0,0,0,2,50,NA,NA,0.1,0,0.1
Tom Martin,1985,1990,LW,92,12,11,23,10,259,12,0,0,1,11,0,0,75,16,NA,NA,-1,1.6,0.6
Don Martineau,1974,1977,RW,90,6,10,16,-16,63,6,0,0,0,10,0,0,58,10.3,NA,NA,-2.1,1.1,-1
Radek Martínek,2002,2014,D,486,25,85,110,-11,280,22,2,1,5,65,14,6,570,4.4,9367,19:16:00,3.7,18.6,22.3
Alec Martinez,2010,2025,D,862,88,201,289,73,250,67,19,2,16,134,65,2,1205,7.3,16854,19:33:00,19.4,46.1,65.5
Darcy Martini,1994,1994,D,2,0,0,0,-1,0,0,0,0,0,0,0,0,0,NA,NA,NA,0,0,0
Jordan Martinook,2015,2026,LW,797,107,155,262,-19,360,98,1,8,24,144,2,9,1198,8.9,11417,14:19:00,5.7,13,18.6
Steve Martins,1996,2006,C,267,21,25,46,-36,142,16,1,4,2,22,0,3,249,8.4,2637,10:54:00,-1.4,1.8,0.4
Andreas Martinsen,2016,2019,LW,152,9,14,23,-24,110,9,0,0,1,13,0,1,160,5.6,1552,10:12:00,-0.9,0.9,0
Emil Martinsen Lilleberg,2024,2026,D,162,5,30,35,-2,178,5,0,0,3,29,0,1,119,4.2,2610,16:07:00,0.7,4.7,5.4
Steve Martinson,1988,1992,LW,49,2,1,3,0,244,2,0,0,2,1,0,0,13,15.4,NA,NA,-1.5,0.6,-0.9
Porter Martone,2026,2026,RW,9,4,6,10,4,6,2,2,0,1,4,2,0,32,12.5,153,17:02:00,1,0.3,1.3
Dennis Maruk,1976,1989,C,888,356,522,878,-78,761,253,89,14,26,347,170,5,2229,16,NA,NA,55.7,10.7,66.3
Brandon Mashinter,2011,2016,LW,64,4,1,5,-12,50,4,0,0,0,1,0,0,35,11.4,441,06:54:00,-0.2,0,-0.3
Paul Masnick,1951,1958,C,232,18,41,59,NA,139,15,2,1,1,38,3,0,NA,NA,NA,NA,-1.7,3.5,1.8
Charley Mason,1935,1939,RW,93,7,18,25,NA,22,5,2,0,0,17,1,0,NA,NA,NA,NA,-0.8,1.4,0.5
George Massecar,1930,1932,LW,100,12,11,23,NA,46,NA,NA,NA,0,NA,NA,NA,NA,NA,NA,NA,-1.3,1.8,0.4
Jamie Masters,1976,1979,D,33,1,13,14,-10,2,0,1,0,0,4,9,0,33,3,NA,NA,0.5,1.2,1.7
Bill Masterton,1968,1968,C,38,4,8,12,-2,4,2,2,0,0,6,2,0,83,4.8,NA,NA,-0.2,0.7,0.5
Denton Mateychuk,2025,2026,D,120,17,27,44,16,28,16,1,0,0,25,2,0,132,12.9,2251,18:45:00,3.2,5.3,8.5
Frank Mathers,1949,1952,D,23,1,3,4,NA,4,0,1,0,0,2,1,0,NA,NA,NA,NA,0.1,1.5,1.6
Mike Matheson,2016,2026,D,705,81,221,302,-23,394,70,8,3,17,157,56,8,1385,5.8,15596,22:07:00,18.9,30,48.9
Dwight Mathiasen,1986,1988,RW,33,1,7,8,-12,18,1,0,0,0,7,0,0,37,2.7,NA,NA,-0.6,0.1,-0.6
Jim Mathieson,1990,1990,D,2,0,0,0,0,4,0,0,0,0,0,0,0,0,NA,NA,NA,0,0.1,0.1
Marquis Mathieu,1999,2001,C,16,0,2,2,-3,14,0,0,0,0,2,0,0,7,0,109,06:50:00,-0.1,0,-0.1
Nikolas Matinpalo,2024,2026,D,94,1,8,9,-3,36,1,0,0,0,7,0,1,82,1.2,1308,13:55:00,-0.6,2.6,2
Jon Matsumoto,2011,2012,C,14,2,0,2,-4,4,2,0,0,0,0,0,0,11,18.2,97,06:56:00,0.2,-0.1,0.1
Christian Matte,1997,2001,RW,25,2,3,5,-3,12,2,0,0,0,2,1,0,29,6.9,179,08:58:00,-0.1,0.2,0.1
Joe Matte,1920,1926,D,68,17,15,32,NA,52,NA,NA,NA,2,NA,NA,NA,NA,NA,NA,NA,-0.5,2.6,2.2
Joe Matte,1930,1943,D,24,0,3,3,NA,8,0,0,0,0,2,0,0,NA,NA,NA,NA,-0.3,1.8,1.5
Stefan Matteau,2013,2022,LW,92,6,5,11,-18,41,6,0,0,0,5,0,0,98,6.1,944,10:15:00,-0.8,0.5,-0.3
Stéphane Matteau,1991,2003,LW,848,144,172,316,41,742,126,14,4,19,152,9,11,1021,14.1,4735,11:56:00,12.1,12.3,24.4
Mike Matteucci,2001,2002,D,6,0,0,0,-1,4,0,0,0,0,0,0,0,3,0,65,10:48:00,-0.1,0.1,0
Auston Matthews,2017,2026,C,689,428,352,780,147,152,317,109,2,66,245,106,1,2761,15.5,13743,19:57:00,83.2,18.9,102
Shawn Matthias,2008,2018,C,551,90,84,174,-42,180,83,5,2,7,78,4,2,849,10.6,7113,12:55:00,9.5,6.3,15.9
Dick Mattiussi,1968,1971,D/LW,200,8,31,39,-61,124,7,1,0,1,26,5,0,188,4.3,NA,NA,0.4,8.7,9.1
Richard Matvichuk,1993,2007,D,796,39,139,178,46,624,29,8,2,7,107,27,5,833,4.7,12557,21:53:00,3.9,46.8,50.7
Johnny Matz,1925,1925,C,30,2,4,6,NA,0,NA,NA,NA,2,NA,NA,NA,NA,NA,NA,NA,-1.3,1.1,-0.2
Greg Mauldin,2004,2011,C,36,5,5,10,2,12,3,0,2,1,5,0,0,54,9.3,369,10:14:00,0.6,0.4,1.1
Wayne Maxner,1965,1966,LW,61,8,9,17,-16,48,7,1,0,0,9,0,0,128,6.3,NA,NA,-0.4,0.5,0.1
Ben Maxwell,2009,2012,C,47,2,6,8,-6,19,2,0,0,0,6,0,0,31,6.5,428,09:07:00,-0.1,0.2,0.1
Brad Maxwell,1978,1987,D,613,98,270,368,-83,1292,60,37,1,9,140,129,1,1434,6.8,NA,NA,21.6,27.4,49
Bryan Maxwell,1978,1985,D,330,18,77,95,-44,745,16,2,0,0,65,9,3,347,5.2,NA,NA,1.4,15.2,16.7
Kevin Maxwell,1981,1984,C,66,6,15,21,-27,61,6,0,0,1,14,1,0,89,6.7,NA,NA,-0.8,0.5,-0.3
Wally Maxwell,1953,1953,C,2,0,0,0,NA,0,0,0,0,0,0,0,0,NA,NA,NA,NA,-0.1,0,-0.1
Alan May,1988,1995,RW,393,31,45,76,-18,1348,30,1,0,6,43,2,0,325,9.5,NA,NA,-6.7,4.7,-2
Brad May,1992,2010,LW,1041,127,161,288,-21,2248,112,15,0,23,136,24,1,1358,9.4,5677,09:38:00,6,11.1,17.1
Derek Mayer,1994,1994,D,17,2,2,4,-16,8,1,1,0,0,0,2,0,29,6.9,NA,NA,0.1,-0.2,-0.1
Jim Mayer,1980,1980,RW,4,0,0,0,1,0,0,0,0,0,0,0,0,2,0,NA,NA,-0.2,0.1,-0.1
Pat Mayer,1988,1988,D,1,0,0,0,0,4,0,0,0,0,0,0,0,0,NA,NA,NA,0,0,0
Shep Mayer,1943,1943,RW,2,1,2,3,NA,4,1,0,0,0,2,0,0,NA,NA,NA,NA,0.2,0,0.2
Jamal Mayers,1997,2013,RW,915,90,129,219,-87,1200,83,0,7,10,121,4,4,1229,7.3,10514,11:34:00,2.4,8.6,11
Scott Mayfield,2014,2026,D,615,30,110,140,17,540,28,0,2,4,107,0,3,746,4,11428,18:35:00,3.2,27.3,30.5
Gerald Mayhew,2020,2022,F,57,13,2,15,-1,20,12,1,0,0,1,1,0,74,17.6,724,12:42:00,0.7,0.9,1.6
Dysin Mayo,2022,2026,D,85,4,9,13,-29,35,4,0,0,0,9,0,0,88,4.5,1602,18:51:00,-0.3,1.6,1.2
Maksim Mayorov,2009,2012,LW,22,2,1,3,-4,2,2,0,0,0,1,0,0,17,11.8,198,09:00:00,0,0,0
Carter Mazur,2025,2026,LW,8,0,0,0,-2,0,0,0,0,0,0,0,0,3,0,74,09:12:00,-0.2,0,-0.2
Eddie Mazur,1954,1957,D/LW,107,8,20,28,NA,118,7,1,0,1,17,3,0,NA,NA,NA,NA,-0.8,1.9,1.1
Jay Mazur,1989,1992,C/RW,47,11,7,18,-1,20,9,1,1,2,7,0,0,66,16.7,NA,NA,0.5,0.7,1.2
Gary McAdam,1976,1986,LW,534,96,132,228,-53,171,86,8,2,14,115,13,4,863,11.1,NA,NA,3.3,6.1,9.4
Sam McAdam,1931,1931,C/LW,5,0,0,0,NA,0,NA,NA,NA,0,NA,NA,NA,NA,NA,NA,NA,-0.3,0.1,-0.2
Chris McAllister,1998,2004,D,301,4,17,21,-27,634,4,0,0,0,17,0,0,136,2.9,2932,09:44:00,-1.4,3.7,2.3
Chris McAlpine,1995,2003,D,289,6,24,30,7,245,6,0,0,0,24,0,0,263,2.3,3417,13:40:00,-1.3,11.3,10
Dean McAmmond,1992,2010,C,996,186,262,448,36,490,138,40,8,29,193,63,6,1480,12.6,12086,14:34:00,24.8,16.8,41.6
Hazen McAndrew,1942,1942,D,7,0,1,1,NA,6,0,0,0,0,1,0,0,NA,NA,NA,NA,-0.1,0.3,0.3
Ted McAneeley,1973,1975,D,158,8,35,43,-64,141,6,1,1,0,28,6,1,160,5,NA,NA,1.2,5.8,7
Kenndal McArdle,2009,2012,LW,42,1,2,3,-11,51,1,0,0,0,2,0,0,20,5,356,08:28:00,-0.6,-0.1,-0.6
Jud McAtee,1943,1945,LW,46,15,13,28,NA,6,14,1,0,1,12,1,0,NA,NA,NA,NA,1.3,1,2.3
Norm McAtee,1947,1947,C,13,0,1,1,NA,0,0,0,0,0,1,0,0,NA,NA,NA,NA,-0.5,0.2,-0.3
Charlie McAvoy,2018,2026,D,573,71,290,361,157,491,53,16,2,19,204,83,3,962,7.4,13489,23:33:00,26,40.4,66.4
Andrew McBain,1984,1994,RW,608,129,172,301,-145,631,73,54,2,8,126,42,4,879,14.7,NA,NA,8.2,4.2,12.4
Jack McBain,2022,2026,C,316,44,63,107,13,282,42,1,1,6,60,2,1,350,12.6,4286,13:34:00,2.8,5.4,8.1
Jamie McBain,2010,2017,D,348,30,80,110,-17,72,19,11,0,4,53,26,1,448,6.7,6364,18:17:00,8.2,13.1,21.3
Jason McBain,1996,1997,D,9,0,0,0,-5,0,0,0,0,0,0,0,0,1,0,NA,NA,-0.2,0.1,-0.1
Mike McBain,1998,1999,D,64,0,7,7,-21,22,0,0,0,0,7,0,0,39,0,950,14:50:00,-0.4,0.9,0.5
Wayne McBean,1988,1994,D,211,10,39,49,-72,168,5,4,1,1,31,7,1,318,3.1,NA,NA,0.3,5.2,5.5
Cliff McBride,1929,1930,RW/D,1,0,0,0,NA,0,NA,NA,NA,0,NA,NA,NA,NA,NA,NA,NA,0,0.1,0.1
Jim McBurney,1953,1953,LW,1,0,1,1,NA,0,0,0,0,0,1,0,0,NA,NA,NA,NA,0.1,0,0.1
Bryan McCabe,1996,2011,D,1135,145,383,528,34,1732,67,74,4,24,187,187,9,2185,6.6,21603,24:18:00,40.9,56.9,97.9
Jake McCabe,2014,2026,D,722,40,160,200,10,452,35,3,2,6,154,4,2,750,5.3,14502,20:05:00,6.5,33.7,40.2
Stan McCabe,1930,1934,LW,74,9,5,14,NA,49,0,0,0,0,0,0,0,NA,NA,NA,NA,-1.1,1.8,0.7
Bert McCaffrey,1925,1931,RW/D,261,43,35,78,NA,204,NA,NA,NA,6,NA,NA,NA,NA,NA,NA,NA,12,18.1,30.1
John McCahill,1978,1978,D,1,0,0,0,0,0,0,0,0,0,0,0,0,0,NA,NA,NA,0,0.1,0
Doug McCaig,1942,1951,D,263,8,21,29,NA,255,8,0,0,0,20,1,0,NA,NA,NA,NA,-1.2,10.5,9.3
Dunc McCallum,1966,1971,D,187,14,35,49,-52,230,10,3,1,2,25,9,1,250,5.6,NA,NA,2,8.5,10.5
Eddie McCalmon,1928,1931,RW,39,5,0,5,NA,12,NA,NA,NA,0,NA,NA,NA,NA,NA,NA,NA,-0.8,-0.1,-0.9
Jared McCann,2016,2026,C,720,204,234,438,9,229,147,47,10,26,170,62,2,1630,12.5,10941,15:12:00,33.4,13.3,46.7
Rick McCann,1968,1975,C,42,1,4,5,-8,6,1,0,0,0,4,0,0,30,3.3,NA,NA,-1.4,0.3,-1.1
Michael McCarron,2016,2026,RW,381,36,43,79,-40,515,33,0,3,7,41,1,1,463,7.8,4647,12:12:00,-1.6,4.3,2.6
Dan McCarthy,1981,1981,C,5,4,0,4,3,4,2,2,0,0,0,0,0,7,57.1,NA,NA,0.4,0.1,0.5
John McCarthy,2010,2016,LW,88,3,3,6,-24,22,3,0,0,0,3,0,0,107,2.8,859,09:46:00,-1.5,-0.1,-1.6
Kevin McCarthy,1978,1987,D,537,67,191,258,-37,527,52,13,2,4,119,68,4,806,8.3,NA,NA,11.4,25.4,36.7
Sandy McCarthy,1994,2004,RW,736,72,76,148,-81,1534,63,9,0,12,68,8,0,789,9.1,4100,09:12:00,-0.1,4.4,4.3
Steve McCarthy,2000,2008,D,302,17,38,55,-34,168,11,6,0,0,22,16,0,280,6.1,4683,15:30:00,2.3,6.7,8.9
Thomas McCarthy,1920,1921,RW,35,22,7,29,NA,10,NA,NA,NA,0,NA,NA,NA,NA,NA,NA,NA,1.6,0.3,1.9
Tom McCarthy,1957,1961,LW,60,8,9,17,-16,8,7,1,0,0,9,0,0,38,10.5,NA,NA,-0.4,0.7,0.3
Tom McCarthy,1980,1988,LW,460,178,221,399,52,330,129,46,3,28,145,73,3,929,19.2,NA,NA,22.9,7.6,30.5
Ben McCartney,2022,2022,F,2,0,0,0,0,4,0,0,0,0,0,0,0,2,0,28,14:03:00,-0.1,0,0
Walt McCartney,1933,1933,LW,2,0,0,0,NA,0,NA,NA,NA,0,NA,NA,NA,NA,NA,NA,NA,0,0.1,0.1
Darren McCarty,1994,2009,RW,758,127,161,288,61,1477,96,29,2,21,128,32,1,1200,10.6,6960,13:09:00,13,11.5,24.5
Ted McCaskill,1968,1968,C,4,0,2,2,-2,0,0,0,0,0,1,1,0,2,0,NA,NA,0,0,0
Alyn McCauley,1998,2007,C,488,69,97,166,25,116,52,14,3,10,80,13,4,665,10.4,6638,13:36:00,6.3,7.6,13.9
Rob McClanahan,1980,1984,C,224,38,63,101,1,126,35,1,2,4,60,3,0,295,12.9,NA,NA,0.7,2.9,3.7
Trent McCleary,1996,2000,RW,192,8,15,23,-30,134,7,0,1,1,13,0,2,121,6.6,343,05:55:00,-3.3,1.6,-1.8
Kevin McClelland,1982,1994,RW,588,68,112,180,-36,1670,64,0,4,8,108,3,1,612,11.1,NA,NA,-5.2,4,-1.2
Jay McClement,2006,2017,C,906,90,154,244,-116,325,82,2,6,16,138,10,6,1042,8.6,13029,14:23:00,-1.2,11.3,10.1
Bob McCord,1964,1973,D,316,10,58,68,-82,257,8,2,0,0,55,2,1,399,2.5,NA,NA,1.2,14.6,15.7
Dennis McCord,1974,1974,D,3,0,0,0,0,6,0,0,0,0,0,0,0,2,0,NA,NA,-0.1,0.2,0.1
John McCormack,1948,1955,C,311,25,49,74,NA,35,22,0,3,5,46,2,1,NA,NA,NA,NA,-3.8,5.1,1.4
Cody McCormick,2004,2015,C/RW,405,21,44,65,-24,550,20,0,1,4,42,1,1,403,5.2,3811,09:25:00,-1.6,3.4,1.8
Max McCormick,2016,2024,LW,94,8,5,13,-14,97,8,0,0,0,5,0,0,102,7.8,792,08:26:00,0,0.3,0.3
Shawn McCosh,1992,1995,C,9,1,0,1,1,6,1,0,0,0,0,0,0,4,25,NA,NA,-0.2,0.2,0
Ian McCoshen,2017,2019,D,60,4,3,7,-12,33,4,0,0,1,3,0,0,41,9.8,866,14:26:00,0.1,0.9,1
Dale McCourt,1978,1984,C,532,194,284,478,-67,124,119,62,13,19,177,102,5,1352,14.3,NA,NA,29.3,6.2,35.4
Bill McCreary,1954,1971,LW,309,53,62,115,19,106,36,7,10,7,46,12,4,561,9.3,NA,NA,2,5.7,7.6
Bill McCreary,1981,1981,RW,12,1,0,1,-6,4,1,0,0,0,0,0,0,7,14.3,NA,NA,-0.3,0,-0.4
Keith McCreary,1965,1975,RW,532,131,112,243,-51,294,102,28,1,19,96,15,1,1017,12.9,NA,NA,9.7,7.7,17.5
John McCreedy,1942,1945,RW,64,17,12,29,NA,25,15,2,0,5,12,0,0,NA,NA,NA,NA,0.9,1.3,2.2
Brad McCrimmon,1980,1997,D,1222,81,322,403,448,1416,58,15,8,15,239,62,21,1562,5.2,NA,NA,10.6,82.9,93.5
Jim McCrimmon,1975,1975,D,2,0,0,0,0,0,0,0,0,0,0,0,0,0,NA,NA,NA,0,0.1,0.1
Bob McCulley,1935,1935,RW/D,1,0,0,0,NA,0,0,0,0,0,0,0,0,NA,NA,NA,NA,-0.1,0,0
Duke McCurry,1926,1929,LW,148,21,12,33,NA,121,NA,NA,NA,5,NA,NA,NA,NA,NA,NA,NA,0.5,2.9,3.4
Brian McCutcheon,1975,1977,LW,37,3,1,4,-5,7,3,0,0,0,1,0,0,20,15,NA,NA,-1,0.5,-0.5
Darwin McCutcheon,1982,1982,D,1,0,0,0,-1,2,0,0,0,0,0,0,0,0,NA,NA,NA,0,0,0
Connor McDavid,2016,2026,C,793,409,807,1216,184,328,300,100,9,76,481,316,10,2710,15.1,17339,21:52:00,115.2,25.8,141
Jeff McDill,1977,1977,RW,1,0,0,0,0,0,0,0,0,0,0,0,0,0,NA,NA,NA,0,0,0
Bill McDonagh,1950,1950,LW,4,0,0,0,NA,2,0,0,0,0,0,0,0,NA,NA,NA,NA,-0.2,0.1,-0.1
Ryan McDonagh,2011,2026,D,1058,86,355,441,303,385,72,9,5,15,279,61,15,1557,5.5,23724,22:25:00,26.8,70.8,97.6
Ab McDonald,1959,1972,LW,762,182,248,430,66,198,135,45,2,27,198,50,0,1519,11.1,NA,NA,22.5,13,35.4
Andy McDonald,2001,2013,LW/C,685,182,307,489,5,280,127,52,3,27,178,128,1,1666,10.9,12045,17:35:00,37,15.2,52.2
Brian McDonald,1971,1971,C,12,0,0,0,-8,29,0,0,0,0,0,0,0,15,0,NA,NA,-0.5,-0.1,-0.6
Bucko McDonald,1935,1945,D,446,35,88,123,NA,206,32,3,0,5,79,7,2,NA,NA,NA,NA,6,29.9,35.9
Butch McDonald,1940,1945,LW/C,66,8,20,28,NA,2,8,0,0,2,18,1,1,NA,NA,NA,NA,-0.2,1.1,0.9
Colin McDonald,2010,2017,RW,148,20,26,46,-24,73,19,1,0,0,26,0,0,225,8.9,1692,11:26:00,2.7,0.7,3.4
Gerry McDonald,1982,1984,D,8,0,0,0,-5,4,0,0,0,0,0,0,0,8,0,NA,NA,-0.2,0.2,0
Hunter Mcdonald,2026,2026,D,1,0,1,1,3,4,0,0,0,0,1,0,0,0,NA,15,15:11:00,0.1,0.3,0.3
Jack McDonald,1918,1922,LW,70,26,14,40,NA,27,NA,NA,NA,3,NA,NA,NA,NA,NA,NA,NA,0.2,1.4,1.5
Jack McDonald,1944,1944,RW,43,10,9,19,NA,6,9,1,0,0,8,1,0,NA,NA,NA,NA,-0.3,0.1,-0.2
Lanny McDonald,1974,1989,RW,1111,500,506,1006,39,899,350,139,11,54,325,177,4,3445,14.5,NA,NA,69.5,14.7,84.2
Robert McDonald,1944,1944,RW,1,0,0,0,NA,0,0,0,0,0,0,0,0,NA,NA,NA,NA,-0.1,0,-0.1
Terry McDonald,1976,1976,D,8,0,1,1,-5,6,0,0,0,0,0,1,0,4,0,NA,NA,-0.1,0.2,0.1
Kent McDonell,2003,2004,RW,32,1,2,3,-8,36,1,0,0,0,2,0,0,27,3.7,325,10:09:00,-0.4,0.1,-0.3
Joe McDonnell,1982,1986,D,50,2,10,12,-24,34,0,2,0,0,4,5,1,82,2.4,NA,NA,0,1.2,1.2
Moylan McDonnell,1921,1921,D,22,1,2,3,NA,2,NA,NA,NA,0,NA,NA,NA,NA,NA,NA,NA,-0.7,1.1,0.4
Aidan McDonough,2023,2023,LW,6,1,0,1,-2,2,1,0,0,0,0,0,0,4,25,56,09:19:00,0,0,0
Al McDonough,1971,1978,RW,237,73,88,161,3,73,58,15,0,11,52,36,0,707,10.3,NA,NA,9.9,3.8,13.8
Hubie McDonough,1989,1993,C,195,40,26,66,-23,67,32,3,5,4,25,1,0,227,17.6,NA,NA,0.5,1.9,2.4
Mike McDougal,1979,1983,RW,61,8,10,18,-30,43,8,0,0,0,10,0,0,64,12.5,NA,NA,-0.6,0.2,-0.4
Bill McDougall,1991,1994,C,28,5,5,10,-2,12,4,1,0,0,4,1,0,37,13.5,NA,NA,0.2,0.4,0.6
Shawn McEachern,1992,2006,RW,911,256,323,579,26,506,182,60,14,33,241,72,10,2288,11.2,10141,18:36:00,41.1,14.7,55.8
Jim McElmury,1973,1978,D,180,14,47,61,-76,49,11,3,0,2,23,24,0,260,5.4,NA,NA,2.4,7.7,10.1
Evan McEneny,2017,2017,D,1,0,0,0,-1,0,0,0,0,0,0,0,0,1,0,15,15:08:00,0,0,-0.1
Mike McEwen,1977,1988,D,716,108,296,404,-37,460,64,43,1,13,169,125,2,1722,6.3,NA,NA,23.2,35.5,58.7
Jim McFadden,1948,1954,C,412,100,126,226,NA,89,74,21,5,17,96,28,2,NA,NA,NA,NA,16.3,6.2,22.6
Don McFadyen,1933,1936,C/LW,176,12,34,46,NA,77,5,1,1,2,19,4,1,NA,NA,NA,NA,-1.8,4.1,2.3
Dan McFall,1985,1986,D,9,0,1,1,-6,0,0,0,0,0,1,0,0,4,0,NA,NA,-0.1,0.1,0
John McFarland,2016,2016,LW,3,0,0,0,-1,0,0,0,0,0,0,0,0,2,0,30,09:55:00,-0.1,0,-0.1
Gord McFarlane,1927,1927,RW/D,2,0,0,0,NA,0,NA,NA,NA,0,NA,NA,NA,NA,NA,NA,NA,-0.1,0.1,0
Jim McGeough,1982,1987,C,57,7,10,17,-14,32,7,0,0,1,10,0,0,116,6,NA,NA,-0.5,0.4,-0.1
Irv McGibbon,1943,1943,RW,1,0,0,0,NA,2,0,0,0,0,0,0,0,NA,NA,NA,NA,-0.1,0,0
Bob McGill,1982,1994,D,706,17,55,72,-100,1766,15,0,2,2,53,0,2,441,3.9,NA,NA,-7.8,28.8,21
Jack McGill,1935,1937,LW,134,27,10,37,NA,71,21,6,0,6,8,2,0,NA,NA,NA,NA,1.4,1.9,3.3
Jack McGill,1942,1947,C,98,23,36,59,NA,42,22,1,0,3,31,5,0,NA,NA,NA,NA,2.7,1.7,4.4
Ryan McGill,1992,1995,D,151,4,15,19,1,391,4,0,0,0,14,0,1,144,2.8,NA,NA,-1.4,6.4,5
Dan McGillis,1997,2006,D,634,56,182,238,40,570,29,26,1,17,99,80,3,1201,4.7,9975,20:44:00,17,31.7,48.7
Hugh McGing,2023,2026,LW,9,1,1,2,-5,0,1,0,0,0,1,0,0,8,12.5,84,09:21:00,0.1,-0.1,0
Brock McGinn,2016,2025,LW,534,80,78,158,-41,120,71,2,7,9,76,1,1,776,10.3,7212,13:30:00,3.9,7,10.8
Jamie McGinn,2009,2019,LW,617,117,103,220,-83,267,87,30,0,18,86,17,0,1067,11,8232,13:21:00,13.8,5.7,19.5
Tye McGinn,2013,2016,LW,89,9,8,17,-1,44,9,0,0,1,8,0,0,110,8.2,963,10:49:00,0.2,1.1,1.3
Brian McGrattan,2006,2015,RW,317,10,17,27,-11,609,10,0,0,1,17,0,0,207,4.8,1553,04:54:00,-0.4,1.2,0.8
Sandy McGregor,1964,1964,RW,2,0,0,0,-1,0,0,0,0,0,0,0,0,0,NA,NA,NA,-0.1,0,-0.1
Rutger McGroarty,2025,2026,RW,32,4,5,9,-3,4,4,0,0,0,5,0,0,48,8.3,404,12:37:00,0.2,0.3,0.5
Mickey McGuire,1927,1928,LW,36,3,0,3,NA,6,NA,NA,NA,0,NA,NA,NA,NA,NA,NA,NA,-1,0.8,-0.2
Mike McHugh,1989,1992,LW,20,1,0,1,-8,16,1,0,0,0,0,0,0,12,8.3,NA,NA,-0.6,0.1,-0.5
Jack McIlhargey,1975,1982,D,393,11,36,47,-52,1102,11,0,0,0,34,1,1,189,5.8,NA,NA,-3.7,17.5,13.8
Dylan McIlrath,2014,2026,D,105,3,6,9,-7,171,3,0,0,0,6,0,0,68,4.4,1323,12:36:00,-0.3,2.3,1.9
Bert McInenly,1931,1936,LW/D,166,19,15,34,NA,144,2,0,0,2,1,0,0,NA,NA,NA,NA,3.4,11,14.4
Marty McInnis,1992,2003,RW,796,170,250,420,-41,330,117,40,13,19,164,78,8,1454,11.7,7829,17:26:00,23,10.8,33.8
Bruce McIntosh,1973,1973,D,2,0,0,0,0,0,0,0,0,0,0,0,0,0,NA,NA,NA,0,0.1,0.1
Paul McIntosh,1975,1976,D,48,0,2,2,-2,66,0,0,0,0,2,0,0,10,0,NA,NA,-0.8,2,1.2
David McIntyre,2012,2012,C,7,1,1,2,-1,2,1,0,0,0,1,0,0,6,16.7,76,10:55:00,0.1,0.1,0.2
Jack McIntyre,1950,1960,D,499,109,102,211,1,171,89,20,0,17,84,18,0,81,9.9,NA,NA,10.8,5.8,16.6
John McIntyre,1990,1995,C,351,24,54,78,-32,516,22,0,2,2,43,3,8,189,12.7,NA,NA,-5.5,2.8,-2.6
Larry McIntyre,1970,1973,D,41,0,3,3,9,26,0,0,0,0,3,0,0,23,0,NA,NA,-0.5,2.9,2.4
Nathan McIver,2007,2009,D,36,0,1,1,-9,95,0,0,0,0,1,0,0,14,0,358,09:57:00,-0.3,0,-0.3
Randy McKay,1989,2003,RW,932,162,201,363,88,1731,125,37,0,29,180,19,2,1210,13.4,6047,14:00:00,13.8,15.4,29.2
Ray McKay,1969,1974,D,140,2,16,18,-55,102,1,1,0,0,15,1,0,131,1.5,NA,NA,-1.2,4.9,3.8
Scott McKay,1994,1994,C,1,0,0,0,0,0,0,0,0,0,0,0,0,1,0,NA,NA,0,0,0
Walt McKechnie,1968,1983,C,955,214,392,606,-119,469,162,35,17,24,265,110,17,1633,13.1,NA,NA,25.4,12.1,37.5
Jay McKee,1996,2010,D,802,21,104,125,55,622,19,1,1,6,83,10,11,608,3.5,14262,18:49:00,-1.3,38.7,37.3
Mike McKee,1994,1994,LW,48,3,12,15,5,41,1,2,0,0,7,5,0,60,5,NA,NA,-0.3,0.7,0.4
Greg McKegg,2014,2022,C,233,21,18,39,-24,65,19,0,2,1,16,0,2,169,12.4,2322,09:58:00,-0.3,1.7,1.4
Ian McKegney,1977,1977,D,3,0,0,0,-8,2,0,0,0,0,0,0,0,1,0,NA,NA,-0.1,-0.3,-0.4
Tony McKegney,1979,1991,LW,912,320,319,639,5,517,234,77,9,28,257,61,1,2090,15.3,NA,NA,33.5,11.8,45.3
Alex McKendry,1978,1981,W,46,3,6,9,-7,21,3,0,0,0,6,0,0,37,8.1,NA,NA,-1,0.3,-0.7
Sean McKenna,1982,1990,RW,414,82,80,162,-48,183,76,4,2,6,73,6,1,604,13.6,NA,NA,1.3,4.4,5.7
Steve McKenna,1997,2004,LW,373,18,14,32,-40,824,11,7,0,4,14,0,0,199,9,2337,06:25:00,-2.4,1.2,-1.2
Don McKenney,1955,1968,C,798,237,345,582,-62,205,183,51,3,27,252,92,1,953,13,NA,NA,43,9.8,52.7
Jim McKenny,1966,1979,D,604,82,247,329,-4,294,56,24,2,7,157,85,5,1118,7.3,NA,NA,23,30.7,53.7
Brian McKenzie,1972,1972,LW,6,1,1,2,-2,4,1,0,0,0,0,1,0,8,12.5,NA,NA,0,0,0
Curtis McKenzie,2015,2018,LW,99,10,13,23,-1,131,10,0,0,3,13,0,0,121,8.3,1073,10:51:00,0.7,1,1.6
Jim McKenzie,1990,2004,LW,880,48,52,100,-86,1739,46,2,0,6,48,4,0,444,10.8,3635,07:59:00,-13.5,6.6,-6.8
John McKenzie,1959,1972,RW,692,206,268,474,26,923,148,55,3,33,178,88,2,1340,15.1,NA,NA,31.5,9.7,41.2
Roland McKeown,2018,2023,D,16,0,3,3,4,27,0,0,0,0,3,0,0,10,0,212,13:15:00,0,0.8,0.9
Andrew McKim,1993,1995,C,38,1,4,5,-8,6,1,0,0,0,3,1,0,34,2.9,NA,NA,-1,0.3,-0.7
Alex McKinnon,1925,1929,RW,195,19,12,31,NA,237,NA,NA,NA,4,NA,NA,NA,NA,NA,NA,NA,-1.8,7.1,5.3
John McKinnon,1926,1931,D,208,28,9,37,NA,195,NA,NA,NA,7,NA,NA,NA,NA,NA,NA,NA,5.5,8.7,14.2
Hunter McKown,2023,2023,F,12,0,2,2,-4,8,0,0,0,0,2,0,0,13,0,147,12:14:00,-0.2,0.1,-0.2
Frazer McLaren,2010,2014,LW,102,4,7,11,3,264,4,0,0,2,7,0,0,40,10,507,04:58:00,0.2,0.6,0.8
Kyle McLaren,1996,2008,D,719,46,161,207,27,671,35,10,1,5,125,29,7,889,5.2,12838,21:52:00,9.3,38.1,47.4
Steve McLaren,2004,2004,D,6,0,0,0,0,25,0,0,0,0,0,0,0,2,0,17,02:47:00,0,0,0
Marc McLaughlin,2022,2026,F,35,6,1,7,-5,10,6,0,0,0,1,0,0,30,20,334,09:33:00,0.3,0.2,0.6
Brett McLean,2003,2009,C,385,56,106,162,-28,204,45,9,2,6,78,27,1,629,8.9,5501,14:17:00,7.2,4.8,12
Don McLean,1976,1976,D,9,0,0,0,-3,6,0,0,0,0,0,0,0,4,0,NA,NA,-0.2,0.3,0.1
Fred McLean,1920,1921,D,9,0,0,0,NA,2,NA,NA,NA,0,NA,NA,NA,NA,NA,NA,NA,-0.7,0,-0.7
Jack McLean,1943,1945,C/RW,67,14,24,38,NA,86,14,0,0,2,18,5,1,NA,NA,NA,NA,0.3,1.5,1.8
Jeff McLean,1994,1994,C,6,1,0,1,1,0,1,0,0,0,0,0,0,5,20,NA,NA,-0.1,0.1,0.1
Kurtis McLean,2009,2009,C,4,1,0,1,1,0,1,0,0,1,0,0,0,5,20,42,10:34:00,0.1,0.1,0.2
John McLellan,1952,1952,C,2,0,0,0,NA,0,0,0,0,0,0,0,0,NA,NA,NA,NA,-0.1,0,-0.1
Scott McLellan,1983,1983,RW,2,0,0,0,0,0,0,0,0,0,0,0,0,0,NA,NA,NA,-0.1,0,-0.1
Todd McLellan,1988,1988,C,5,1,1,2,-1,0,1,0,0,0,1,0,0,4,25,NA,NA,0,0,0.1
Rollie McLenahan,1946,1946,D,8,2,1,3,NA,10,1,0,1,0,1,0,0,NA,NA,NA,NA,0.3,0.6,0.9
Al McLeod,1974,1974,D,26,2,2,4,-7,24,2,0,0,0,2,0,0,23,8.7,NA,NA,0,0.8,0.8
Cody McLeod,2008,2019,LW,776,72,55,127,-59,1630,67,3,2,7,53,1,1,840,8.6,7768,10:01:00,-0.3,6.2,6
Jackie McLeod,1950,1955,RW,106,14,23,37,NA,10,13,1,0,1,22,1,0,NA,NA,NA,NA,0.6,1.3,1.9
Michael McLeod,2019,2024,C,287,29,56,85,-17,164,29,0,0,5,54,0,2,333,8.7,3785,13:11:00,0.7,3.6,4.3
Ryan McLeod,2021,2026,C,379,66,116,182,48,72,54,2,10,7,96,13,7,456,14.5,5752,15:11:00,8.4,7.4,15.8
Dave McLlwain,1988,1997,C/RW,501,100,107,207,-126,292,79,9,12,11,89,13,5,725,13.8,NA,NA,4.8,3.1,7.9
Mike McMahon,1943,1946,D,58,7,18,25,NA,90,6,1,0,3,16,2,0,NA,NA,NA,NA,0.8,7,7.8
Mike McMahon,1964,1972,D,224,15,68,83,-39,169,10,5,0,1,35,33,0,389,3.9,NA,NA,5.2,10.6,15.8
Bob McManama,1974,1976,C,99,11,25,36,-6,28,10,0,1,1,22,2,1,107,10.3,NA,NA,-0.3,1,0.7
Bobby McMann,2023,2026,F,216,64,41,105,21,123,56,8,0,8,36,5,0,483,13.3,3037,14:04:00,8.4,4.1,12.5
Sammy McManus,1935,1937,LW,26,0,1,1,NA,8,0,0,0,0,1,0,0,NA,NA,NA,NA,-1.2,0.6,-0.6
Connor McMichael,2021,2026,C,315,67,87,154,4,130,58,8,1,13,71,13,3,562,11.9,4751,15:05:00,8.5,5.5,14.1
Brandon McMillan,2011,2015,LW,171,14,22,36,-35,60,10,2,2,2,19,1,2,191,7.3,2061,12:03:00,-0.4,1,0.6
Carson McMillan,2011,2014,RW,16,2,3,5,2,11,2,0,0,1,3,0,0,13,15.4,167,10:27:00,0.3,0.3,0.6
Sean McMorrow,2003,2003,LW,1,0,0,0,0,0,0,0,0,0,0,0,0,0,NA,1,01:27:00,0,0,0
Tom McMurchy,1984,1988,RW,55,8,4,12,-7,65,8,0,0,1,4,0,0,42,19,NA,NA,-0.7,0.5,-0.2
Max McNab,1948,1950,C,128,16,19,35,NA,24,14,2,0,2,16,3,0,NA,NA,NA,NA,-0.5,2.2,1.7
Peter McNab,1974,1987,C,955,363,450,813,128,179,279,83,1,47,338,111,1,1959,18.5,NA,NA,50.8,14.5,65.3
Brayden McNabb,2012,2026,D,884,38,152,190,158,567,35,1,2,5,138,7,7,966,3.9,16862,19:04:00,2.6,48.2,50.8
Howard McNamara,1920,1920,D,10,1,0,1,NA,4,NA,NA,NA,0,NA,NA,NA,NA,NA,NA,NA,-0.3,1.1,0.8
George McNaughton,1920,1920,RW/C,1,0,0,0,NA,0,NA,NA,NA,0,NA,NA,NA,NA,NA,NA,NA,-0.1,0,-0.1
Billy McNeill,1957,1964,RW,257,21,46,67,-20,130,19,2,0,2,40,5,1,101,8.9,NA,NA,-3.1,3.9,0.8
Grant McNeill,2004,2004,D,3,0,0,0,0,5,0,0,0,0,0,0,0,0,NA,8,02:43:00,0,0,0
Mark McNeill,2016,2017,RW,2,0,0,0,-1,0,0,0,0,0,0,0,0,1,0,27,13:17:00,-0.1,0,-0.1
Mike McNeill,1991,1992,RW,63,5,11,16,-4,18,2,2,1,0,8,3,0,46,10.9,NA,NA,-0.7,0.7,0
Stu McNeill,1958,1960,C,11,1,1,2,0,2,1,0,0,0,1,0,0,2,0,NA,NA,-0.2,0.2,-0.1
George McPhee,1984,1989,LW,115,24,25,49,-1,257,23,1,0,5,24,1,0,122,19.7,NA,NA,0.7,1.5,2.2
Mike McPhee,1984,1994,LW,744,200,199,399,98,661,182,5,13,21,177,14,8,1378,14.5,NA,NA,16.3,13.2,29.5
Adam McQuaid,2010,2019,D,512,16,57,73,62,694,16,0,0,4,54,0,3,403,4,8322,16:15:00,-0.3,21.6,21.3
Basil McRae,1982,1997,LW,576,53,83,136,-104,2457,41,12,0,4,73,10,0,612,8.7,NA,NA,-8.1,5.5,-2.6
Chris McRae,1988,1990,LW,21,1,0,1,0,122,1,0,0,0,0,0,0,1,100,NA,NA,-0.7,0.2,-0.4
Ken McRae,1988,1994,C,137,14,21,35,-59,364,13,1,0,3,18,2,1,161,8.7,NA,NA,-1.7,0.5,-1.2
Philip McRae,2011,2011,C,15,1,2,3,-10,2,1,0,0,0,2,0,0,13,7.7,136,09:02:00,0.1,-0.3,-0.2
Pat McReavy,1939,1942,C,55,5,8,13,NA,4,5,0,0,1,8,0,0,NA,NA,NA,NA,-1,1.1,0
Brian McReynolds,1990,1994,C,30,1,5,6,-7,8,1,0,0,0,4,0,1,21,4.8,NA,NA,-0.6,0.2,-0.4
Bryan McSheffrey,1973,1975,RW,90,13,7,20,-45,44,10,3,0,0,6,1,0,117,11.1,NA,NA,-1.1,0,-1.1
Marty McSorley,1984,2000,D/RW,961,108,251,359,-14,3381,87,13,8,8,180,59,12,1425,7.6,1955,15:09:00,14.6,32,46.5
Don McSween,1988,1996,D,47,3,10,13,2,55,2,1,0,2,8,2,0,53,5.7,NA,NA,0.4,2.7,3.1
Jim McTaggart,1981,1982,D,71,3,10,13,-7,205,2,0,1,1,10,0,0,64,4.7,NA,NA,-0.4,3.5,3.1
Dale McTavish,1997,1997,C,9,1,2,3,-4,2,1,0,0,0,2,0,0,14,7.1,NA,NA,0,0,0
Gord McTavish,1979,1980,C,11,1,3,4,2,2,1,0,0,0,3,0,0,10,10,NA,NA,-0.1,0.3,0.2
Mason McTavish,2022,2026,C,303,77,103,180,-55,212,53,23,1,10,79,23,1,626,12.3,4804,15:51:00,11.7,3.2,14.9
Charley McVeigh,1927,1935,C/LW,395,84,89,173,NA,132,18,3,1,14,20,3,0,NA,NA,NA,NA,14.6,5.5,20.2
Jack McVicar,1931,1932,D,88,2,4,6,NA,59,NA,NA,NA,1,NA,NA,NA,NA,NA,NA,NA,-0.7,5.1,4.4
Cole McWard,2023,2026,D,9,1,0,1,1,0,1,0,0,0,0,0,0,8,12.5,121,13:29:00,0,0.3,0.4
Rick Meagher,1980,1991,C,691,144,165,309,-39,383,115,14,15,15,144,16,5,1269,11.3,NA,NA,5.3,9.5,14.8
Evgeny Medvedev,2016,2016,D,45,4,8,12,5,34,3,1,0,1,6,2,0,71,5.6,847,18:50:00,0.7,2.3,3
Derek Meech,2007,2013,D,144,4,13,17,-27,45,3,1,0,2,9,4,0,155,2.6,1665,11:34:00,0.3,1.4,1.6
Gerry Meehan,1969,1979,C,670,180,243,423,-113,111,136,42,2,23,182,61,0,1450,12.4,NA,NA,22.9,7.6,30.5
Brent Meeke,1973,1977,D,75,9,22,31,-25,8,8,1,0,0,15,7,0,126,7.1,NA,NA,0.8,1.4,2.2
Howie Meeker,1947,1954,RW,346,83,102,185,NA,329,64,18,1,20,81,20,1,NA,NA,NA,NA,10.9,6.4,17.3
Mike Meeker,1979,1979,RW,4,0,0,0,-1,5,0,0,0,0,0,0,0,2,0,NA,NA,-0.2,0,-0.1
Harry Meeking,1918,1927,LW,64,19,13,32,NA,68,NA,NA,NA,1,NA,NA,NA,NA,NA,NA,NA,-0.5,1.4,0.9
Wade Megan,2017,2019,C,15,1,1,2,-3,2,1,0,0,0,1,0,0,23,4.3,121,08:06:00,0,0,0
Paul Meger,1951,1955,LW,212,39,52,91,NA,116,35,2,2,3,47,5,0,NA,NA,NA,NA,4.3,3.9,8.2
Jaycob Megna,2017,2026,D,197,4,23,27,-24,77,4,0,0,0,22,0,1,168,2.4,3445,17:29:00,-1.2,7.1,5.9
Jayson Megna,2014,2024,C,204,12,21,33,-28,40,12,0,0,2,20,1,0,201,6,2202,10:48:00,-1.4,1.5,0.2
Timo Meier,2017,2026,RW,698,241,238,479,-74,402,176,65,0,36,188,49,1,2266,10.6,12085,17:19:00,37.5,12.9,50.4
Ron Meighan,1982,1983,D,48,3,7,10,-11,18,2,1,0,0,7,0,0,52,5.8,NA,NA,0,1.9,1.8
Barrie Meissner,1968,1969,LW,6,0,1,1,-3,4,0,0,0,0,1,0,0,3,0,NA,NA,-0.2,0,-0.2
Dick Meissner,1960,1965,RW,171,11,15,26,-61,37,11,0,0,1,14,1,0,208,5.3,NA,NA,-4.3,1.2,-3
Anssi Melametsä,1986,1986,RW,27,0,3,3,-5,2,0,0,0,0,3,0,0,20,0,NA,NA,-0.8,0.3,-0.6
Dean Melanson,1995,2002,D,9,0,0,0,0,8,0,0,0,0,0,0,0,7,0,50,12:36:00,-0.2,0.4,0.3
Jacob Melanson,2025,2026,RW,37,2,3,5,-9,32,2,0,0,0,3,0,0,33,6.1,347,09:23:00,-0.3,0.1,-0.2
Julian Melchiori,2014,2017,D,30,0,2,2,0,8,0,0,0,0,2,0,0,27,0,489,16:18:00,-0.4,0.8,0.4
Josef Melichar,2001,2009,D,349,7,42,49,-26,300,6,0,1,0,36,3,3,268,2.6,6066,17:23:00,-1.1,9.7,8.6
Björn Melin,2007,2007,RW,3,1,0,1,-1,0,1,0,0,0,0,0,0,1,100,22,07:19:00,0.1,0,0.1
Roger Melin,1981,1982,LW,3,0,0,0,-1,0,0,0,0,0,0,0,0,1,0,NA,NA,-0.1,0,-0.1
Scott Mellanby,1986,2007,RW,1431,364,476,840,-37,2479,223,140,1,56,340,135,1,2960,12.3,9811,15:23:00,52.2,19.2,71.4
Tom Mellor,1974,1975,D,26,2,4,6,-9,25,2,0,0,0,2,1,1,25,8,NA,NA,0.2,0.7,0.9
Gerry Melnyk,1960,1968,C,269,39,77,116,-32,30,33,5,1,6,56,19,2,422,9.2,NA,NA,2.5,4,6.5
Larry Melnyk,1981,1990,D,432,11,63,74,-34,686,10,0,1,2,59,4,0,314,3.5,NA,NA,-2.7,20.6,17.9
Éric Meloche,2002,2007,RW,74,9,11,20,-21,36,6,3,0,1,9,0,2,103,8.7,931,12:35:00,0.5,0.3,0.8
Nicolas Meloche,2021,2022,D,57,2,6,8,-16,39,2,0,0,1,5,0,1,42,4.8,911,15:59:00,-0.1,1.4,1.2
Barry Melrose,1980,1986,D,300,10,23,33,-119,728,9,0,1,1,21,1,1,236,4.2,NA,NA,-3,9.5,6.5
Hillary Menard,1954,1954,LW,1,0,0,0,NA,0,0,0,0,0,0,0,0,NA,NA,NA,NA,0,0,0
Howie Menard,1964,1970,C,151,23,42,65,3,87,21,2,0,6,37,4,1,245,9.4,NA,NA,1.5,2.7,4.2
Brennan Menell,2020,2020,D,5,0,0,0,1,2,0,0,0,0,0,0,0,4,0,70,13:59:00,-0.1,0.2,0.1
Dawson Mercer,2022,2026,C,410,103,106,209,-27,120,79,18,6,14,87,17,2,748,13.8,7087,17:17:00,10.9,7.9,18.7
Justin Mercier,2010,2010,F,9,1,1,2,2,0,1,0,0,0,1,0,0,5,20,65,07:11:00,0.1,0.1,0.3
Vic Mercredi,1975,1975,C,2,0,0,0,0,0,0,0,0,0,0,0,0,0,NA,NA,NA,-0.1,0,-0.1
Greg Meredith,1981,1983,RW,38,6,4,10,-4,8,3,2,1,0,4,0,0,44,13.6,NA,NA,-0.3,0.4,0
Waltteri Merela,2024,2024,F,19,1,0,1,2,4,1,0,0,0,0,0,0,17,5.9,187,09:49:00,-0.3,0.3,0
Nicholas Merkley,2018,2022,RW,41,4,11,15,-7,11,4,0,0,0,9,2,0,53,7.5,481,11:44:00,0.6,0.3,0.9
Ryan Merkley,2022,2022,D,39,1,5,6,-10,8,1,0,0,0,3,2,0,36,2.8,600,15:23:00,-0.1,1,0.9
Glenn Merkosky,1982,1990,C,66,5,12,17,-22,22,4,1,0,0,11,0,1,69,7.2,NA,NA,-1,0.6,-0.5
Georgii Merkulov,2024,2026,F,11,0,1,1,-1,2,0,0,0,0,1,0,0,10,0,135,12:18:00,-0.3,0.1,-0.2
Dakota Mermis,2018,2026,D,89,5,9,14,0,50,5,0,0,0,9,0,0,81,6.2,1275,14:19:00,0.3,2.7,3
Bill Meronek,1940,1943,C,20,5,8,13,NA,0,3,2,0,0,7,1,0,NA,NA,NA,NA,0.5,0.2,0.7
Wayne Merrick,1973,1984,C,774,191,265,456,23,303,163,28,0,27,211,54,0,1497,12.8,NA,NA,18.8,10.2,29
Horace Merrill,1918,1920,D,9,0,0,0,NA,3,NA,NA,NA,0,NA,NA,NA,NA,NA,NA,NA,-0.4,1.3,0.9
Jonathon Merrill,2014,2025,D,682,24,91,115,-13,321,21,2,1,4,84,5,2,541,4.4,11551,16:56:00,0.1,24.9,25
Michael Mersch,2016,2016,LW,17,1,2,3,1,0,1,0,0,0,2,0,0,23,4.3,176,10:23:00,0,0.2,0.2
Jan Mertzig,1999,1999,D,23,0,2,2,-5,8,0,0,0,0,1,1,0,10,0,277,12:02:00,-0.1,0.2,0.2
Éric Messier,1997,2004,LW,406,25,50,75,-1,146,22,2,1,6,43,6,1,344,7.3,5189,13:29:00,-0.9,9.8,8.9
Joby Messier,1993,1995,D,25,0,4,4,1,24,0,0,0,0,4,0,0,22,0,NA,NA,-0.2,1.4,1.2
Mark Messier,1980,2004,LW/C,1756,694,1193,1887,211,1912,452,179,63,92,710,402,81,4221,16.4,9508,19:39:00,135.6,24.8,160.4
Mitch Messier,1988,1991,C,20,0,2,2,-10,11,0,0,0,0,2,0,0,9,0,NA,NA,-0.6,0,-0.6
Paul Messier,1979,1979,C,9,0,0,0,-6,4,0,0,0,0,0,0,0,9,0,NA,NA,-0.4,0,-0.4
Andrej Meszároš,2006,2015,D,645,63,175,238,25,457,41,21,1,11,119,54,2,1103,5.7,13061,20:15:00,16.9,24.8,41.7
Scott Metcalfe,1988,1990,LW,19,1,2,3,-3,18,1,0,0,0,2,0,0,17,5.9,NA,NA,-0.4,0.2,-0.3
Victor Mete,2018,2024,D,248,5,40,45,19,46,5,0,0,1,34,6,0,219,2.3,3979,16:03:00,0.2,10,10.2
Marc Methot,2007,2019,D,624,22,101,123,51,380,22,0,0,1,95,4,2,610,3.6,12437,19:56:00,1,29.9,30.8
Glen Metropolit,2000,2010,C,407,57,102,159,8,148,39,18,0,10,76,24,2,612,9.3,5468,13:26:00,7.5,6.1,13.6
Zach Metsa,2026,2026,D,42,2,4,6,17,8,2,0,0,1,4,0,0,24,8.3,457,10:53:00,0.2,2,2.3
Don Metz,1940,1949,RW,170,20,35,55,NA,42,19,1,0,4,28,6,1,NA,NA,NA,NA,-0.7,3.3,2.6
Nick Metz,1935,1948,LW,517,131,119,250,NA,149,98,25,8,20,93,24,2,NA,NA,NA,NA,14.8,9.8,24.6
Carson Meyer,2022,2024,RW,41,2,4,6,-4,14,2,0,0,0,4,0,0,40,5,371,09:03:00,-0.3,0.3,0
Freddy Meyer,2004,2011,D,281,20,53,73,-20,155,17,3,0,3,33,19,1,264,7.6,5023,17:53:00,3.9,8.6,12.5
Stefan Meyer,2008,2011,LW,20,0,2,2,-1,17,0,0,0,0,2,0,0,12,0,134,06:41:00,-0.2,0.1,-0.1
Ben Meyers,2022,2026,F,125,13,10,23,-23,28,13,0,0,2,10,0,0,116,11.2,1318,10:33:00,-0.2,0.7,0.5
Branislav Mezei,2001,2008,D,240,5,19,24,-14,311,5,0,0,1,18,0,1,144,3.5,3676,15:19:00,-1,6.5,5.5
Marc Michaelis,2021,2021,F,15,0,0,0,-5,2,0,0,0,0,0,0,0,3,0,136,09:05:00,-0.4,0,-0.4
Milan Michálek,2004,2017,RW,747,208,238,446,13,394,142,57,9,33,161,72,5,1732,12,13092,17:32:00,33.4,15.4,48.8
Zbyněk Michálek,2004,2017,D,784,42,136,178,-11,322,31,11,0,8,106,24,6,1027,4.1,16793,21:25:00,3.4,36.4,39.8
Art Michaluk,1948,1948,D,5,0,0,0,NA,0,0,0,0,0,0,0,0,NA,NA,NA,NA,-0.1,0.2,0.1
John Michaluk,1951,1951,LW,1,0,0,0,NA,0,0,0,0,0,0,0,0,NA,NA,NA,NA,0,0,0
Dave Michayluk,1982,1983,LW,14,2,6,8,-1,8,2,0,0,0,5,1,0,18,11.1,NA,NA,0.1,0.1,0.3
Joe Micheletti,1980,1982,D,158,11,60,71,0,114,4,7,0,1,32,27,1,241,4.6,NA,NA,2.6,8.6,11.2
Pat Micheletti,1988,1988,C,12,2,0,2,2,8,2,0,0,0,0,0,0,18,11.1,NA,NA,-0.2,0.2,0.1
Matvei Michkov,2025,2026,RW,161,46,68,114,-18,117,34,12,0,6,51,17,0,363,12.7,2537,15:45:00,8.7,2.4,11.1
Larry Mickey,1965,1975,RW,292,39,53,92,-31,160,33,5,1,9,38,15,0,437,8.9,NA,NA,-1.1,3.2,2.1
Nick Mickoski,1949,1960,LW,705,158,185,343,-1,315,127,25,6,20,143,39,3,11,9.1,NA,NA,21.7,7.7,29.4
Max Middendorf,1987,1991,RW,13,2,4,6,-11,6,2,0,0,0,2,2,0,10,20,NA,NA,0.1,-0.1,0
Jacob Middleton,2019,2026,D,381,24,70,94,18,360,24,0,0,1,66,1,3,406,5.9,7247,19:01:00,2.6,17.9,20.6
Keaton Middleton,2021,2026,D,47,0,3,3,-2,36,0,0,0,0,3,0,0,46,0,531,11:18:00,-0.3,1,0.6
Rick Middleton,1975,1988,RW,1005,448,540,988,175,157,308,115,25,59,358,164,18,2272,19.7,NA,NA,66.1,16.8,82.9
Kevin Miehm,1993,1994,C,22,1,4,5,-2,8,1,0,0,0,4,0,0,10,10,NA,NA,-0.4,0.3,-0.1
Andy Miele,2012,2014,C,15,0,2,2,2,11,0,0,0,0,2,0,0,10,0,137,09:08:00,-0.2,0.2,0.1
Antti Miettinen,2004,2013,RW,539,97,133,230,-24,234,62,33,2,19,95,36,2,1014,9.6,8112,15:03:00,11.4,9.7,21
Rudy Migay,1950,1960,C,417,59,92,151,0,293,41,8,10,12,70,19,3,1,0,NA,NA,3.8,6.9,10.7
Vladimír Mihálik,2009,2010,D,15,0,3,3,-7,8,0,0,0,0,3,0,0,8,0,194,12:54:00,0.1,-0.2,-0.1
Petr Míka,2000,2000,LW,3,0,0,0,-1,0,0,0,0,0,0,0,0,1,0,14,04:30:00,0,0,-0.1
Ilya Mikheyev,2020,2026,F,426,98,103,201,36,76,84,5,9,15,97,3,3,848,11.6,6653,15:37:00,10.7,9,19.7
Alexei Mikhnov,2007,2007,LW,2,0,0,0,0,0,0,0,0,0,0,0,0,0,NA,14,06:52:00,0,0,0
Stan Mikita,1959,1980,C/RW,1396,541,926,1467,329,1264,379,150,12,84,608,312,6,4482,12.1,NA,NA,117.1,26.4,143.5
Bill Mikkelson,1972,1977,D,147,4,18,22,-146,105,1,3,0,0,17,1,0,94,4.3,NA,NA,-0.8,0.2,-0.6
Brendan Mikkelson,2009,2013,D,131,1,9,10,-14,59,1,0,0,0,8,1,0,99,1,1865,14:14:00,-1,2.2,1.2
Niko Mikkola,2020,2026,D,396,17,56,73,14,310,16,0,1,0,55,0,1,429,4,7398,18:41:00,-0.3,16.8,16.5
Jim Mikol,1963,1965,LW/D,34,1,4,5,-11,8,0,0,1,0,2,2,0,36,2.8,NA,NA,-0.9,0.6,-0.3
Oleg Mikulchik,1994,1996,D,37,0,3,3,6,33,0,0,0,0,3,0,0,8,0,NA,NA,-0.5,2,1.5
Sonny Milano,2016,2026,LW,344,66,79,145,-30,78,56,10,0,15,63,16,0,422,15.6,4347,12:38:00,8.7,4.4,13.1
Mike Milbury,1976,1987,D,754,49,189,238,175,1552,45,2,2,7,169,12,8,792,6.2,NA,NA,6.1,47.6,53.8
Hib Milks,1926,1933,LW/C,317,88,41,129,NA,181,NA,NA,NA,14,NA,NA,NA,NA,NA,NA,NA,20,4.3,24.3
Craig Millar,1997,2001,D,114,8,14,22,-22,73,7,1,0,2,12,2,0,91,8.8,1820,16:06:00,1.2,2.5,3.6
Hugh Millar,1947,1947,D,4,0,0,0,NA,0,0,0,0,0,0,0,0,NA,NA,NA,NA,-0.1,0.2,0.2
Mike Millar,1987,1991,RW,78,18,18,36,-9,12,10,8,0,3,12,6,0,137,13.1,NA,NA,1,1,2
Corey Millen,1990,1997,C,335,90,119,209,36,236,60,27,3,8,82,36,1,582,15.5,NA,NA,11.8,5.1,16.9
Aaron Miller,1994,2008,D,677,25,94,119,27,422,23,1,1,9,85,4,5,530,4.7,11677,19:16:00,0.1,31.2,31.4
Andrew Miller,2015,2016,F,15,1,5,6,-3,0,1,0,0,0,5,0,0,17,5.9,178,11:54:00,0.3,0.1,0.4
Bill Miller,1935,1937,C/D,95,7,3,10,NA,16,6,1,0,3,3,0,0,NA,NA,NA,NA,-2,3.3,1.3
Bob Miller,1978,1985,C,404,75,119,194,-16,220,68,4,3,10,110,5,4,643,11.7,NA,NA,4.1,4.5,8.6
Brad Miller,1989,1994,D,82,1,5,6,-13,321,1,0,0,0,5,0,0,38,2.6,NA,NA,-1.1,3.2,2
Colin Miller,2016,2026,D,589,43,140,183,-2,368,33,10,0,6,97,42,1,905,4.8,10107,17:10:00,11,21.9,32.9
Drew Miller,2008,2017,LW,571,62,60,122,-34,136,57,2,3,13,55,4,1,733,8.5,7266,12:44:00,-0.4,6.7,6.3
Earl Miller,1928,1932,LW,110,19,14,33,NA,130,NA,NA,NA,5,NA,NA,NA,NA,NA,NA,NA,0.4,1.7,2.1
J.T. Miller,2013,2026,C,938,277,483,760,31,529,192,74,11,55,296,173,14,1872,14.8,16604,17:42:00,58.5,19.1,77.7
Jack Miller,1950,1951,C,17,0,0,0,NA,4,0,0,0,0,0,0,0,NA,NA,NA,NA,-0.8,0.1,-0.7
Jason Miller,1991,1993,LW,6,0,0,0,0,0,0,0,0,0,0,0,0,2,0,NA,NA,-0.2,0.1,-0.2
Jay Miller,1986,1992,LW,446,40,44,84,-33,1723,39,1,0,2,42,2,0,232,17.2,NA,NA,-7.9,4,-3.8
K'Andre Miller,2021,2026,D,440,44,125,169,56,218,41,2,1,10,110,9,6,606,7.3,9504,21:36:00,9.1,24.3,33.4
Kelly Miller,1985,1999,LW,1057,181,282,463,71,512,146,19,16,33,236,24,22,1504,12,1526,11:03:00,10.7,17,27.7
Kevan Miller,2014,2021,D,352,13,58,71,79,281,13,0,0,3,54,1,3,314,4.1,6494,18:27:00,1.1,20,21.1
Kevin Miller,1989,2004,C,620,150,185,335,-7,429,108,28,14,26,142,33,10,1097,13.7,908,10:56:00,17.6,7.2,24.8
Kip Miller,1991,2004,C,449,74,165,239,-32,105,57,17,0,15,116,48,1,580,12.8,5288,14:22:00,14,5.2,19.2
Paul Miller,1982,1982,C,3,0,3,3,2,0,0,0,0,0,3,0,0,0,NA,NA,NA,0.1,0.1,0.2
Perry Miller,1978,1981,D,217,10,51,61,-42,387,4,3,3,2,37,14,0,313,3.2,NA,NA,1,10.1,11.2
Tom Miller,1971,1975,C,118,16,25,41,-51,34,12,3,1,1,21,4,0,142,11.3,NA,NA,-0.4,0.7,0.4
Warren Miller,1980,1983,RW,262,40,50,90,-64,137,32,4,4,4,38,10,2,438,9.1,NA,NA,-1.4,2.3,0.9
Norm Milley,2002,2006,RW,29,2,4,6,-4,12,1,1,0,0,4,0,0,32,6.3,268,09:15:00,0.1,0.2,0.2
Brad Mills,2011,2014,C,34,1,1,2,-10,37,1,0,0,0,1,0,0,26,3.8,258,07:35:00,-0.4,-0.1,-0.5
Craig Mills,1996,1999,RW,31,0,5,5,-1,36,0,0,0,0,5,0,0,6,0,158,05:51:00,-0.5,0.3,-0.2
Michael Milne,2025,2025,LW,1,0,0,0,0,0,0,0,0,0,0,0,0,0,NA,7,06:34:00,0,0,0
Duncan Milroy,2007,2007,RW,5,0,1,1,-2,0,0,0,0,0,1,0,0,6,0,65,12:56:00,-0.1,0,-0.1
Chris Minard,2008,2010,C,40,2,4,6,-4,14,2,0,0,1,2,2,0,46,4.3,295,07:23:00,0,0.1,0.1
John Miner,1988,1988,D,14,2,3,5,-4,16,2,0,0,0,2,1,0,16,12.5,NA,NA,0.2,0.3,0.5
Graham Mink,2004,2009,RW,7,0,0,0,-1,2,0,0,0,0,0,0,0,5,0,44,06:15:00,-0.1,0,-0.1
Gerry Minor,1980,1984,C,140,11,21,32,-8,173,4,1,6,0,17,3,1,141,7.8,NA,NA,-2.6,1.9,-0.7
Fraser Minten,2024,2026,C,107,20,20,40,16,24,19,1,0,3,16,3,1,144,13.9,1594,14:54:00,1.4,2.2,3.6
Pavel Mintyukov,2024,2026,D,203,17,52,69,-27,61,17,0,0,2,38,12,2,236,7.2,3713,18:17:00,3.9,5.4,9.2
Daniil Miromanov,2022,2026,D/RW,94,7,16,23,-6,24,6,1,0,1,12,4,0,135,5.2,1639,17:26:00,0.9,3.2,4.2
Andrei Mironov,2018,2018,D,10,1,2,3,2,12,1,0,0,0,2,0,0,3,33.3,110,11:03:00,0.3,0.4,0.7
Boris Mironov,1994,2004,D,716,76,231,307,-57,891,34,39,3,10,115,114,2,1489,5.1,10901,22:57:00,22.2,28.5,50.7
Dmitri Mironov,1992,2001,D,556,54,206,260,29,568,33,20,1,7,106,95,5,978,5.5,2995,19:19:00,17.6,26.6,44.2
Ivan Miroshnichenko,2024,2026,LW,52,5,8,13,-2,8,5,0,0,0,6,2,0,56,8.9,548,10:33:00,0.2,0.6,0.8
Michael Misa,2026,2026,F,43,7,12,19,-3,10,6,1,0,1,10,2,0,51,13.7,548,12:45:00,1,0.5,1.6
Daniil Misyul,2025,2025,D,1,0,0,0,-1,0,0,0,0,0,0,0,0,0,NA,12,12:23:00,0,0,-0.1
John Miszuk,1964,1970,D,237,7,39,46,-2,232,3,2,2,1,32,5,2,204,3.4,NA,NA,0.4,14.1,14.5
Bill Mitchell,1964,1964,D,1,0,0,0,0,0,0,0,0,0,0,0,0,0,NA,NA,NA,0,0.1,0
Garrett Mitchell,2017,2017,RW,1,0,0,0,0,0,0,0,0,0,0,0,0,0,NA,9,08:48:00,0,0,0
Herb Mitchell,1925,1926,LW,55,6,2,8,NA,60,NA,NA,NA,0,NA,NA,NA,NA,NA,NA,NA,-0.1,2.1,1.9
Ian Mitchell,2021,2025,D,110,4,15,19,-17,34,4,0,0,0,13,2,0,71,5.6,1669,15:10:00,0.3,2.6,2.8
Jeff Mitchell,1998,1998,C/RW,7,0,0,0,0,7,0,0,0,0,0,0,0,3,0,40,05:45:00,-0.3,0.1,-0.2
John Mitchell,2009,2017,C,548,70,107,177,-30,267,58,11,1,10,91,12,4,722,9.7,7911,14:26:00,4.8,7.3,12
Red Mitchell,1942,1945,D,83,4,5,9,NA,67,4,0,0,0,5,0,0,NA,NA,NA,NA,-0.9,5.5,4.7
Roy Mitchell,1993,1993,D,3,0,0,0,0,0,0,0,0,0,0,0,0,0,NA,NA,NA,-0.1,0.2,0.1
Torrey Mitchell,2008,2018,C,666,67,85,152,-10,351,63,1,3,8,81,0,4,727,9.2,8332,12:31:00,0.4,9.6,10
Travis Mitchell,2026,2026,D,9,1,0,1,0,6,1,0,0,0,0,0,0,4,25,104,11:32:00,0.1,0.3,0.3
Willie Mitchell,2000,2016,D,907,34,146,180,119,787,32,0,2,9,124,13,9,883,3.9,19648,21:40:00,0.3,57.7,58
Zack Mitchell,2017,2018,RW,34,3,2,5,-3,4,2,1,0,1,2,0,0,27,11.1,335,09:51:00,-0.1,0.2,0.1
Casey Mittelstadt,2018,2026,C,509,96,182,278,-62,118,73,21,2,13,131,50,1,747,12.9,7978,15:40:00,14.9,6.8,21.6
Mike Modano,1990,2011,C,1499,561,813,1374,114,926,375,157,29,92,459,336,18,4273,13.1,18170,19:48:00,110.5,34.4,144.9
Fredrik Modin,1997,2011,LW,898,232,230,462,-11,453,182,46,4,37,173,49,8,1956,11.9,13512,16:26:00,31.1,15.9,47
Jaroslav Modrý,1994,2008,D,725,49,201,250,-23,510,21,27,1,6,101,95,5,1106,4.4,11702,20:32:00,14.5,31.4,45.9
Bill Moe,1945,1949,D,261,11,42,53,NA,163,11,0,0,2,32,10,0,NA,NA,NA,NA,1,13.3,14.3
Travis Moen,2004,2016,LW,747,59,77,136,-66,801,50,1,8,5,73,1,3,787,7.5,9876,13:13:00,-7.1,8.9,1.8
Lyle Moffat,1973,1980,LW,97,12,16,28,-27,51,12,0,0,1,12,2,2,104,11.5,NA,NA,-0.9,1,0.2
Ron Moffat,1933,1935,LW,37,1,1,2,NA,8,0,0,0,0,0,0,0,NA,NA,NA,NA,-1.5,0.8,-0.7
Sandy Moger,1995,1999,C,236,41,38,79,-27,212,31,10,0,10,31,7,0,306,13.4,1209,11:38:00,2.8,1.9,4.7
Alexander Mogilny,1990,2006,RW,990,473,559,1032,81,432,312,141,20,66,337,208,14,2966,15.9,8442,18:36:00,94.3,17.2,111.5
Mike Moher,1983,1983,RW,9,0,1,1,-2,28,0,0,0,0,1,0,0,8,0,NA,NA,-0.3,0.1,-0.2
Doug Mohns,1954,1975,LW/D,1391,248,462,710,-96,1261,172,70,6,40,281,176,5,1981,9.8,NA,NA,45.7,44.9,90.5
Lloyd Mohns,1944,1944,D,1,0,0,0,NA,0,0,0,0,0,0,0,0,NA,NA,NA,NA,0,0,0
Tomáš Mojžíš,2006,2009,D,17,1,2,3,1,14,1,0,0,0,1,1,0,16,6.3,187,11:00:00,0.2,0.5,0.7
Carl Mokosak,1982,1989,LW,83,11,15,26,-16,170,11,0,0,0,15,0,0,73,15.1,NA,NA,-0.6,0.7,0.1
John Mokosak,1989,1990,D,41,0,2,2,-9,96,0,0,0,0,2,0,0,15,0,NA,NA,-0.7,1.2,0.5
Oscar Fisker Molgaard,2026,2026,C,13,0,2,2,2,2,0,0,0,0,2,0,0,6,0,120,09:14:00,-0.1,0.2,0.1
Lars Molin,1982,1984,LW,172,33,65,98,-29,37,28,3,2,5,44,19,2,324,10.2,NA,NA,2.2,1.9,4.1
Griffen Molino,2017,2017,C,5,0,0,0,-2,0,0,0,0,0,0,0,0,3,0,53,10:35:00,-0.1,0,-0.2
Mike Moller,1981,1987,RW,134,15,28,43,3,41,14,1,0,4,27,0,1,112,13.4,NA,NA,-1.1,1.9,0.8
Oscar Moller,2009,2011,C,87,12,14,26,-10,22,6,6,0,0,9,5,0,150,8,1016,11:41:00,1.2,0.9,2.1
Randy Moller,1983,1995,D,815,45,180,225,47,1692,41,4,0,7,144,31,5,1022,4.4,NA,NA,3,44.4,47.5
Mitch Molloy,1990,1990,LW,2,0,0,0,0,10,0,0,0,0,0,0,0,0,NA,NA,NA,-0.1,0,0
Larry Molyneaux,1938,1939,D,45,0,1,1,NA,20,0,0,0,0,1,0,0,NA,NA,NA,NA,-0.8,3.5,2.8
Sergio Momesso,1984,1997,LW,710,152,193,345,9,1557,116,36,0,21,162,31,0,1248,12.2,NA,NA,11.5,9.2,20.7
Garry Monahan,1968,1979,LW,748,116,169,285,-6,486,95,15,6,17,143,18,8,1305,8.9,NA,NA,1.8,10.4,12.3
Hartland Monahan,1974,1981,RW,334,61,80,141,-120,163,46,11,4,7,71,8,1,520,11.7,NA,NA,2.6,2,4.6
Sean Monahan,2014,2026,C,896,276,355,631,-34,213,186,84,6,57,243,108,4,2000,13.8,16014,17:52:00,49.1,16.3,65.4
Armand Mondou,1929,1940,LW,386,47,71,118,NA,101,25,4,0,5,36,7,0,NA,NA,NA,NA,1.6,6.7,8.3
Pierre Mondou,1978,1985,C,548,194,262,456,213,179,145,44,5,25,203,54,5,1111,17.5,NA,NA,26.5,12,38.5
Michel Mongeau,1990,1993,C,54,6,19,25,1,10,3,3,0,0,9,10,0,40,15,NA,NA,0.3,0.7,1
Bob Mongrain,1980,1986,C,81,13,14,27,-1,14,13,0,0,3,14,0,0,84,15.5,NA,NA,-0.4,1,0.6
Steve Montador,2002,2012,D,571,33,98,131,31,807,29,4,0,4,84,14,0,770,4.3,8597,15:03:00,7.7,20.1,27.8
Hank Monteith,1969,1971,LW,77,5,12,17,-3,6,5,0,0,0,9,3,0,60,8.3,NA,NA,-1.4,0.9,-0.5
Jim Montgomery,1994,2003,C,122,9,25,34,-6,80,8,1,0,1,18,6,1,109,8.3,330,08:55:00,-0.3,1.3,1
Brandon Montour,2017,2026,D,663,95,230,325,-2,496,74,18,3,23,148,81,1,1533,6.2,14214,21:26:00,24.4,29.6,53.9
Barrie Moore,1996,2000,LW,39,2,6,8,1,18,1,1,0,0,6,0,0,48,4.2,10,09:50:00,-0.6,0.4,-0.1
Dickie Moore,1952,1968,LW,719,261,346,607,63,646,176,83,2,52,247,99,0,743,14.4,NA,NA,51.9,13.4,65.2
Dominic Moore,2004,2018,C,897,106,176,282,-23,487,81,15,10,14,158,14,4,1363,7.8,12289,13:42:00,7.1,12,19.2
Greg Moore,2008,2010,RW,10,0,0,0,-2,0,0,0,0,0,0,0,0,15,0,95,09:27:00,-0.3,0,-0.2
Ian Moore,2025,2026,D,69,4,9,13,-13,24,4,0,0,1,8,0,1,70,5.7,948,13:44:00,0.5,0.8,1.3
John Moore,2011,2022,D,544,38,80,118,-35,227,33,4,1,9,61,17,2,779,4.9,9581,17:37:00,5.3,19.8,25.1
Mike Moore,2011,2011,D,6,1,0,1,-1,7,1,0,0,0,0,0,0,5,20,61,10:07:00,0.1,0,0.2
Oliver Moore,2025,2026,C,60,5,18,23,-17,23,3,2,0,0,15,3,0,67,7.5,777,12:57:00,0.6,0.5,1.1
Steve Moore,2002,2004,C,69,5,7,12,-9,41,5,0,0,1,6,0,1,57,8.8,839,12:10:00,-0.4,0.5,0.1
Trevor Moore,2019,2026,LW,484,107,139,246,37,110,88,7,12,11,120,15,4,1088,9.8,7665,15:50:00,13.5,10.7,24.3
Amby Moran,1927,1928,D,35,1,1,2,NA,24,NA,NA,NA,1,NA,NA,NA,NA,NA,NA,NA,-0.7,1.5,0.8
Brad Moran,2002,2007,C,8,1,2,3,-1,4,1,0,0,0,0,2,0,9,11.1,81,10:07:00,0.2,0.1,0.3
Ian Moran,1996,2007,D,489,21,50,71,-43,321,20,0,1,3,47,2,1,574,3.7,6563,16:19:00,-1.9,11.1,9.1
David Moravec,2000,2000,RW,1,0,0,0,-1,0,0,0,0,0,0,0,0,2,0,15,15:15:00,0,0,-0.1
Jayson More,1989,1999,D,406,18,54,72,-78,702,15,1,2,2,46,6,2,410,4.4,297,16:30:00,-0.4,14.3,14
Ethan Moreau,1996,2012,LW,928,147,140,287,-15,1110,122,8,17,27,121,10,9,1557,9.4,11866,14:10:00,8.7,12.8,21.5
Mason Morelli,2024,2025,F,10,3,1,4,-4,0,2,1,0,0,1,0,0,9,33.3,104,10:26:00,0.4,0,0.4
Howie Morenz,1924,1937,C,550,271,205,476,NA,560,21,5,1,45,52,15,0,NA,NA,NA,NA,87.2,13.4,100.6
Angelo Moretto,1977,1977,C,5,1,2,3,1,2,1,0,0,0,1,1,0,13,7.7,NA,NA,0.1,0.1,0.2
Gavin Morgan,2004,2004,C,6,0,0,0,0,21,0,0,0,0,0,0,0,7,0,35,05:49:00,-0.1,0,0
Jason Morgan,1997,2007,C,44,2,5,7,-9,18,2,0,0,0,5,0,0,35,5.7,416,10:09:00,-0.4,0.2,-0.2
Jeremy Morin,2011,2015,LW,82,10,12,22,8,69,10,0,0,0,11,1,0,141,7.1,833,10:10:00,1.2,1.1,2.4
Pete Morin,1942,1942,LW,32,10,12,22,NA,7,6,4,0,2,7,5,0,NA,NA,NA,NA,1.3,0.4,1.7
Samuel Morin,2017,2021,D,29,1,0,1,-10,45,1,0,0,1,0,0,0,22,4.5,328,11:18:00,-0.2,-0.1,-0.3
Stéphane Morin,1990,1994,C,90,16,39,55,4,52,12,3,1,2,34,4,1,124,12.9,NA,NA,2.2,1.3,3.5
Travis Morin,2011,2015,C,13,0,1,1,3,0,0,0,0,0,1,0,0,16,0,141,10:48:00,-0.3,0.3,0
Dave Morisset,2002,2002,RW,4,0,0,0,-7,5,0,0,0,0,0,0,0,2,0,45,11:21:00,-0.1,-0.2,-0.4
Dave Morissette,1999,2000,LW,11,0,0,0,1,57,0,0,0,0,0,0,0,2,0,26,02:22:00,-0.1,0.1,0
Joey Mormina,2008,2008,D,1,0,0,0,0,0,0,0,0,0,0,0,0,1,0,8,07:45:00,0,0,0
Marc Moro,1998,2002,D,30,0,0,0,-5,77,0,0,0,0,0,0,0,11,0,288,09:36:00,-0.3,0.3,0
Aleksey Morozov,1998,2004,RW,451,84,135,219,-29,98,60,23,1,14,93,41,1,668,12.6,6212,13:46:00,14.1,5.4,19.5
Bernie Morris,1925,1925,C/RW,6,1,1,2,NA,0,NA,NA,NA,1,NA,NA,NA,NA,NA,NA,NA,-0.2,0,-0.2
Derek Morris,1998,2014,D,1107,92,332,424,-44,1004,50,38,4,22,184,141,7,2029,4.5,23916,21:36:00,27.6,47,74.6
Jon Morris,1989,1994,C,103,16,33,49,2,47,12,4,0,2,29,4,0,82,19.5,NA,NA,1,1.4,2.4
Moe Morris,1944,1949,D,135,14,29,43,NA,56,14,0,0,2,22,7,0,NA,NA,NA,NA,1,10.1,11.2
Brendan Morrison,1998,2012,C,934,200,401,601,86,452,139,53,8,42,262,133,6,1613,12.4,16195,17:20:00,38.8,19.9,58.7
Dave Morrison,1981,1985,RW,39,3,3,6,-15,4,3,0,0,1,3,0,0,32,9.4,NA,NA,-0.9,0.1,-0.8
Don Morrison,1948,1951,C,112,18,28,46,NA,12,17,1,0,2,26,2,0,NA,NA,NA,NA,1.4,1.2,2.6
Doug Morrison,1980,1985,RW,23,7,3,10,3,15,5,2,0,0,3,0,0,33,21.2,NA,NA,0.3,0.4,0.7
Gary Morrison,1980,1982,RW,43,1,15,16,5,70,1,0,0,1,15,0,0,27,3.7,NA,NA,-0.5,0.6,0.1
George Morrison,1971,1972,LW,115,17,21,38,-12,13,12,5,0,2,15,6,0,156,10.9,NA,NA,0.1,1.4,1.6
Jim Morrison,1952,1971,D,704,40,161,201,-50,545,25,13,2,6,123,36,2,444,2,NA,NA,10.9,41.6,52.6
John Morrison,1926,1926,LW,18,0,1,1,NA,0,NA,NA,NA,0,NA,NA,NA,NA,NA,NA,NA,-1.3,0.3,-0.9
Kevin Morrison,1980,1980,D,41,4,11,15,-5,23,2,2,0,1,5,6,0,64,6.3,NA,NA,0.7,2.2,2.9
Lew Morrison,1970,1978,RW,564,39,52,91,-60,107,30,5,4,6,44,3,5,513,7.6,NA,NA,-13,6.7,-6.3
Logan Morrison,2024,2024,F,4,0,0,0,-1,0,0,0,0,0,0,0,0,6,0,53,13:08:00,-0.1,0,-0.1
Mark Morrison,1982,1984,C,10,1,1,2,-5,0,1,0,0,1,1,0,0,11,9.1,NA,NA,-0.2,0,-0.2
Rod Morrison,1948,1948,RW,34,8,7,15,NA,4,8,0,0,2,7,0,0,NA,NA,NA,NA,0.7,0.7,1.4
Shaone Morrisonn,2003,2011,D,480,11,64,75,34,455,11,0,0,4,59,0,5,293,3.8,9026,18:48:00,-1.3,17.5,16.3
Josh Morrissey,2016,2026,D,738,94,334,428,87,349,72,21,1,19,221,112,1,1391,6.8,16943,22:57:00,30.4,41.9,72.3
Brenden Morrow,2000,2015,LW,991,265,310,575,107,1362,173,84,8,47,237,68,5,1670,15.9,16657,16:48:00,42.5,23.9,66.4
Joseph Morrow,2015,2019,D,162,9,23,32,-12,62,8,1,0,0,17,6,0,206,4.4,2549,15:44:00,1.2,4.2,5.4
Ken Morrow,1980,1989,D,550,17,88,105,142,309,17,0,0,2,85,1,2,584,2.9,NA,NA,-2.6,34.5,31.9
Scott Morrow,1995,1995,LW,4,0,0,0,0,0,0,0,0,0,0,0,0,1,0,NA,NA,-0.2,0,-0.1
Scott Morrow,2024,2026,D,45,1,11,12,-4,4,1,0,0,0,9,2,0,53,1.9,712,15:50:00,0.4,1.3,1.7
Dean Morton,1990,1990,D,1,1,0,1,-1,2,1,0,0,0,0,0,0,2,50,NA,NA,0.1,0,0.1
Sam Morton,2025,2026,F,4,1,0,1,0,10,1,0,0,1,0,0,0,4,25,40,10:06:00,0.1,0.1,0.1
Gus Mortson,1947,1959,D,797,46,152,198,NA,1378,34,9,3,6,127,23,2,NA,NA,NA,NA,10.6,43.8,54.4
Ken Mosdell,1942,1958,C,694,141,168,309,NA,473,117,15,9,18,144,20,4,NA,NA,NA,NA,14.7,13.2,27.9
J.J. Moser,2022,2026,D,338,25,90,115,34,177,20,4,1,2,72,14,4,369,6.8,6898,20:24:00,5.1,16,21
Simon Moser,2014,2014,LW,6,1,1,2,0,2,1,0,0,0,1,0,0,7,14.3,61,10:08:00,0.2,0.1,0.2
Bill Mosienko,1942,1955,RW,711,258,282,540,NA,133,217,39,2,28,230,49,3,NA,NA,NA,NA,43.3,6.4,49.8
Dave Moss,2007,2015,LW,501,78,100,178,-23,157,56,21,1,11,87,11,2,995,7.8,6821,13:37:00,8.2,6.6,14.9
Johan Motin,2010,2010,D,1,0,0,0,-1,0,0,0,0,0,0,0,0,0,NA,14,14:08:00,0,-0.1,-0.1
Morris Mott,1973,1975,RW,199,18,32,50,-49,49,15,2,1,2,23,7,2,193,9.3,NA,NA,-2.9,2.4,-0.5
Mike Mottau,2001,2014,D,321,7,51,58,-16,164,6,1,0,1,39,11,1,274,2.6,6073,18:55:00,-0.2,12.6,12.4
Tyler Motte,2017,2025,C,455,53,46,99,-38,116,47,0,6,6,46,0,0,661,8,5741,12:37:00,-0.7,5.4,4.7
Alex Motter,1935,1943,C,266,39,64,103,NA,135,28,9,2,10,56,6,2,NA,NA,NA,NA,5.9,15.7,21.6
Joe Motzko,2004,2009,RW,25,4,2,6,0,0,4,0,0,0,2,0,0,32,12.5,250,10:01:00,0.4,0.3,0.6
Kael Mouillierat,2015,2016,LW,7,1,1,2,-3,10,1,0,0,0,1,0,0,2,50,63,08:58:00,0.2,-0.1,0.1
Matt Moulson,2008,2018,LW,650,176,193,369,-42,122,112,64,0,24,133,60,0,1449,12.1,10520,16:11:00,31,11.2,42.2
Jacob Moverare,2022,2026,D,109,2,9,11,0,18,2,0,0,0,9,0,0,69,2.9,1304,11:58:00,-0.3,2.9,2.6
Mark Mowers,1999,2008,C,278,18,44,62,0,70,16,1,1,1,43,1,0,258,7,2865,10:18:00,0.2,3.2,3.5
Jim Moxey,1975,1977,RW,127,22,27,49,-29,59,18,4,0,0,18,8,1,245,9,NA,NA,0.4,1.4,1.8
Vojtěch Mozík,2016,2016,D,7,0,0,0,0,4,0,0,0,0,0,0,0,6,0,93,13:14:00,-0.1,0.3,0.2
Rick Mrozik,2003,2003,C,2,0,0,0,0,0,0,0,0,0,0,0,0,2,0,20,10:02:00,0,0,0
Bill Muckalt,1999,2003,RW,256,40,57,97,0,204,32,6,2,4,46,11,0,374,10.7,3364,13:08:00,5.3,3.6,8.9
Chris Mueller,2011,2015,C,53,3,7,10,-8,8,2,1,0,1,7,0,0,51,5.9,515,09:43:00,0,0.2,0.2
Marcel Mueller,2011,2011,LW,3,0,0,0,0,2,0,0,0,0,0,0,0,5,0,30,10:07:00,-0.1,0,-0.1
Peter Mueller,2008,2013,C,297,63,97,160,-35,98,44,19,0,10,63,34,0,676,9.3,4689,15:47:00,10.9,4.2,15.1
Ty Mueller,2025,2026,C,7,0,0,0,0,4,0,0,0,0,0,0,0,2,0,73,10:23:00,-0.2,0.1,-0.1
Bryan Muir,1996,2007,D,279,16,37,53,-20,281,11,4,1,1,16,20,1,361,4.4,4523,16:30:00,2.1,7,9.1
Shakir Mukhamadullin,2024,2026,D,81,7,15,22,-10,30,7,0,0,1,12,3,0,83,8.4,1424,17:35:00,1.1,2.4,3.5
Richard Mulhern,1976,1981,D,303,27,93,120,1,217,22,4,1,2,73,18,2,470,5.7,NA,NA,5.5,15.1,20.7
Ryan Mulhern,1998,1998,C,3,0,0,0,0,0,0,0,0,0,0,0,0,1,0,26,08:41:00,-0.1,0,-0.1
Brian Mullen,1983,1993,RW,832,260,362,622,7,416,173,74,13,29,248,108,6,1975,13.2,NA,NA,32.4,11.2,43.6
Joe Mullen,1982,1997,RW,1062,502,561,1063,167,241,341,150,11,73,368,189,4,2787,18,NA,NA,75.1,16,91.2
Kirk Muller,1985,2003,LW,1349,357,602,959,-147,1228,211,134,12,47,413,176,13,2792,12.8,5311,13:43:00,53.9,13.2,67.1
Mirco Müller,2015,2020,D,185,5,23,28,-25,61,5,0,0,0,20,1,2,129,3.9,3123,16:53:00,-0.4,5.3,4.9
Wayne Muloin,1964,1971,D,145,3,21,24,-56,93,1,1,1,0,18,3,0,137,2.2,NA,NA,-0.4,5.8,5.4
Glenn Mulvenna,1992,1993,C,2,0,0,0,-1,4,0,0,0,0,0,0,0,1,0,NA,NA,-0.1,0,-0.1
Grant Mulvey,1975,1984,RW,586,149,135,284,-73,816,115,33,1,19,106,29,0,1132,13.2,NA,NA,8.6,7.2,15.8
Paul Mulvey,1979,1982,LW,225,30,51,81,-40,613,26,4,0,4,48,3,0,348,8.6,NA,NA,-0.9,2,1.1
Harry Mummery,1918,1923,D,106,32,20,52,NA,225,NA,NA,NA,3,NA,NA,NA,NA,NA,191,NA,2.3,7.9,10.5
Craig Muni,1982,1998,D,819,28,119,147,159,775,24,0,4,6,104,3,12,506,5.5,518,12:56:00,-3.3,46.2,42.9
Dunc Munro,1925,1932,D,239,28,18,46,NA,179,NA,NA,NA,5,NA,NA,NA,NA,NA,2,NA,4.8,24.1,29
Gerry Munro,1925,1926,D,34,1,2,3,NA,32,NA,NA,NA,0,NA,NA,NA,NA,NA,NA,NA,-1.1,3.4,2.3
Ty Murchison,2026,2026,D,3,0,0,0,1,0,0,0,0,0,0,0,0,1,0,45,15:00:00,-0.1,0.2,0.1
Bob Murdoch,1971,1982,D,757,60,218,278,159,764,52,7,1,7,173,41,4,1230,4.9,NA,NA,11.5,50,61.4
Bob Murdoch,1976,1979,RW,260,72,85,157,-41,127,51,21,0,13,61,24,0,530,13.6,NA,NA,7.7,3.2,10.9
Don Murdoch,1977,1982,RW,320,121,117,238,-35,155,84,36,1,14,84,33,0,921,13.1,NA,NA,14.9,3.3,18.3
Murray Murdoch,1927,1937,LW,508,84,104,188,NA,193,26,5,2,15,34,7,3,NA,NA,NA,NA,11.6,10,21.6
Matt Murley,2004,2008,LW,62,2,7,9,-14,38,2,0,0,0,6,0,1,71,2.8,718,11:35:00,-0.9,0.2,-0.7
Brian Murphy,1975,1975,C/LW,1,0,0,0,0,0,0,0,0,0,0,0,0,0,NA,NA,NA,0,0,0
Connor Murphy,2014,2026,D,824,48,128,176,-67,555,43,2,3,6,122,2,4,1031,4.7,15932,19:20:00,3.4,32,35.3
Cory Murphy,2008,2010,D,91,9,27,36,-6,38,4,5,0,0,9,18,0,129,7,1447,15:54:00,3.1,2.5,5.7
Curtis Murphy,2003,2003,D,1,0,0,0,0,0,0,0,0,0,0,0,0,0,NA,9,08:56:00,0,0,0
Gord Murphy,1989,2002,D,862,85,238,323,-83,668,44,41,0,8,119,110,9,1514,5.6,4783,20:48:00,16.6,39.1,55.7
Joe Murphy,1987,2001,RW,779,233,295,528,29,810,161,64,8,26,197,92,6,1710,13.6,2111,14:34:00,35.8,11,46.8
Larry Murphy,1981,2001,D,1615,288,929,1217,197,1084,165,114,9,36,480,431,18,3604,8,6817,22:43:00,85.5,91.3,176.8
Mike Murphy,1972,1983,RW,831,238,318,556,5,514,171,48,19,35,235,72,11,1939,12.3,NA,NA,29.3,11.8,41.1
Rob Murphy,1988,1994,C,125,9,12,21,-54,152,9,0,0,1,12,0,0,100,9,NA,NA,-2.4,0.5,-1.9
Ron Murphy,1953,1970,LW,889,205,274,479,16,456,167,37,1,28,220,53,1,1256,10.8,NA,NA,25.4,13.1,38.4
Ryan Murphy,2013,2019,D,175,8,35,43,-27,54,3,5,0,1,29,6,0,239,3.3,3031,17:19:00,1.9,5.3,7.2
Trevor Murphy,2018,2018,D,8,1,2,3,5,0,1,0,0,0,2,0,0,5,20,114,14:14:00,0.3,0.7,1
Allan Murray,1934,1940,D,271,5,9,14,NA,163,4,1,0,0,8,0,1,NA,NA,NA,NA,-3.3,13.1,9.8
Andrew Murray,2008,2013,C,221,24,16,40,-7,36,23,1,0,4,13,0,3,290,8.3,2326,10:32:00,0.2,2.4,2.6
Bob Murray,1974,1977,D,194,6,16,22,-7,98,5,0,1,1,16,0,0,172,3.5,NA,NA,-1.7,10.8,9.1
Bob Murray,1976,1990,D,1008,132,382,514,22,873,81,48,3,12,211,164,7,2082,6.3,NA,NA,26.8,53.2,80
Brady Murray,2008,2008,C,4,1,0,1,-2,6,1,0,0,0,0,0,0,2,50,45,11:18:00,0.1,0,0.1
Brett Murray,2021,2025,LW,26,2,4,6,-5,25,2,0,0,0,3,1,0,16,12.5,308,11:50:00,-0.1,0.2,0.1
Chris Murray,1995,2000,RW,242,16,18,34,-8,550,16,0,0,3,18,0,0,186,8.6,469,06:20:00,-2.9,2.4,-0.5
Douglas Murray,2006,2014,D,518,7,57,64,19,412,6,1,0,1,54,2,1,454,1.5,8908,17:12:00,-2.9,22,19.2
Garth Murray,2004,2009,C,116,8,2,10,-19,131,8,0,0,1,2,0,0,86,9.3,1016,08:45:00,-1.1,0.4,-0.7
Glen Murray,1992,2008,RW,1009,337,314,651,14,679,242,86,9,55,239,69,6,2576,13.1,13974,19:33:00,52,17.8,69.9
Jim Murray,1968,1968,D,30,0,2,2,-4,14,0,0,0,0,1,1,0,25,0,NA,NA,-0.4,1.3,0.9
Ken Murray,1970,1976,D,106,1,10,11,-21,135,1,0,0,0,10,0,0,57,1.8,NA,NA,-1.1,5.3,4.2
Leo Murray,1933,1933,C/LW,6,0,0,0,NA,2,NA,NA,NA,0,NA,NA,NA,NA,NA,NA,NA,-0.3,0.1,-0.2
Marty Murray,1996,2007,C,261,31,42,73,5,41,25,4,2,2,34,6,2,306,10.1,3060,12:32:00,2.1,4,6
Mike Murray,1988,1988,C,1,0,0,0,0,0,0,0,0,0,0,0,0,1,0,NA,NA,0,0,0
Pat Murray,1991,1992,LW,25,3,1,4,-2,15,2,1,0,0,1,0,0,24,12.5,NA,NA,-0.4,0.3,-0.1
Randy Murray,1970,1970,D,3,0,0,0,0,2,0,0,0,0,0,0,0,3,0,NA,NA,-0.1,0.2,0.1
Rem Murray,1997,2006,C/LW,560,94,121,215,1,161,71,12,11,15,92,22,7,752,12.5,7190,15:02:00,9,8.8,17.8
Rob Murray,1990,1999,C,107,4,15,19,-10,111,4,0,0,1,15,0,0,61,6.6,108,08:18:00,-2,1.2,-0.8
Ryan Murray,2014,2023,D,445,15,116,131,9,118,10,5,0,0,95,18,3,412,3.6,8648,19:26:00,5,18.5,23.4
Terry Murray,1973,1982,D,303,4,76,80,-20,199,4,0,0,0,67,8,1,276,1.4,NA,NA,0.1,15.1,15.2
Troy Murray,1982,1996,C,915,230,354,584,53,875,168,42,20,33,254,87,13,1536,15,NA,NA,24.8,12.6,37.5
Jan Muršak,2011,2013,LW,46,2,2,4,-1,8,2,0,0,0,2,0,0,42,4.8,356,07:44:00,-0.4,0.3,-0.1
Dana Murzyn,1986,1999,D,838,52,152,204,136,1571,46,3,3,7,138,9,5,1013,5.1,707,16:26:00,3.1,46.4,49.6
David Musil,2015,2015,D,4,0,2,2,-2,2,0,0,0,0,2,0,0,3,0,79,19:48:00,0.1,0,0.1
František Musil,1987,2001,D,797,34,106,140,93,1241,27,4,3,5,92,12,2,709,4.8,978,14:11:00,-2.3,42.5,40.2
Jake Muzzin,2011,2023,D,683,69,225,294,62,399,49,19,1,9,168,51,6,1400,4.9,14486,21:13:00,20.9,37.2,58.1
Hap Myers,1971,1971,D,13,0,0,0,-10,6,0,0,0,0,0,0,0,14,0,NA,NA,-0.3,0.1,-0.2
Philippe Myers,2019,2026,D,233,10,33,43,-5,109,10,0,0,0,33,0,0,323,3.1,3747,16:05:00,0.7,7,7.7
Tyler Myers,2010,2026,D,1138,100,306,406,-12,913,74,19,7,19,223,74,9,1779,5.6,24647,21:39:00,23.3,52,75.3
Brantt Myhres,1995,2003,RW,154,6,2,8,-9,687,6,0,0,2,2,0,0,27,22.2,341,03:42:00,-2.7,1.2,-1.5
Vic Myles,1943,1943,D,45,6,8,14,NA,57,5,1,0,0,7,1,0,NA,NA,NA,NA,0.7,1,1.7
Anders Myrvold,1996,2004,D,33,0,5,5,-6,12,0,0,0,0,2,3,0,26,0,211,10:32:00,0,0.5,0.5
Dmitri Nabokov,1998,2000,C/LW,55,11,13,24,-5,28,8,3,0,2,9,4,0,78,14.1,738,13:25:00,1.6,0.6,2.2
Don Nachbaur,1981,1990,C,223,23,46,69,-17,465,21,2,0,1,43,3,0,220,10.5,NA,NA,-2.5,2.8,0.2
Bradly Nadeau,2024,2026,LW,15,3,1,4,-2,2,2,1,0,0,1,0,0,23,13,198,13:11:00,0.1,0.2,0.3
Ladislav Nagy,2000,2008,LW,435,115,196,311,35,358,74,40,1,25,119,76,1,991,11.6,7118,16:22:00,24.9,9.2,34.1
Jim Nahrgang,1975,1977,D,57,5,12,17,-17,34,1,3,1,1,9,3,0,100,5,NA,NA,0.6,2.3,3
Jakub Nakládal,2016,2017,D,30,2,3,5,-9,6,2,0,0,0,2,1,0,45,4.4,427,14:13:00,0.2,0,0.3
Evgeny Namestnikov,1994,2000,D,43,0,9,9,-2,24,0,0,0,0,7,2,0,35,0,139,17:22:00,-0.1,1.9,1.8
Vladislav Namestnikov,2014,2026,C,846,145,205,350,33,434,112,25,8,15,166,32,7,1193,12.2,12432,14:42:00,16.1,15.3,31.4
Lou Nanne,1968,1978,D/RW,635,68,157,225,-108,356,49,18,1,10,108,45,4,883,7.7,NA,NA,4.2,16.9,21.2
Rich Nantais,1975,1977,LW,63,5,4,9,-8,79,5,0,0,1,4,0,0,38,13.2,NA,NA,-1.5,0.9,-0.7
Mark Napier,1979,1989,RW,767,235,306,541,140,157,196,33,6,28,240,66,0,1396,16.8,NA,NA,25.3,11.3,36.6
Brendon Nash,2011,2011,D,2,0,0,0,-1,0,0,0,0,0,0,0,0,2,0,20,10:12:00,0,0,-0.1
Rick Nash,2003,2018,LW,1060,437,368,805,-11,750,304,111,22,73,238,121,9,3624,12.1,19428,18:20:00,80.7,21.9,102.6
Riley Nash,2012,2024,C,628,63,113,176,-11,144,55,6,2,10,98,12,3,752,8.4,8256,13:09:00,2.8,10,12.9
Tyson Nash,1999,2006,LW,374,27,37,64,2,673,24,1,2,4,34,1,2,452,6,3911,10:27:00,-1.3,4.5,3.1
Markus Näslund,1994,2009,LW,1117,395,474,869,6,736,263,126,6,53,270,202,2,3046,13,16045,18:17:00,75.7,19.8,95.5
Mats Näslund,1983,1995,LW,651,251,383,634,119,111,181,68,2,35,239,143,1,1360,18.5,NA,NA,39.1,12.1,51.2
Alain Nasreddine,1999,2008,D,74,1,4,5,9,84,1,0,0,0,4,0,0,38,2.6,1050,14:11:00,-0.6,2.8,2.2
Joonas Nättinen,2014,2014,C,1,0,0,0,0,0,0,0,0,0,0,0,0,0,NA,2,01:45:00,0,0,0
Ralph Nattrass,1947,1950,D,223,18,38,56,NA,308,15,3,0,1,34,4,0,NA,NA,NA,NA,3.3,6.5,9.7
Ric Nattress,1983,1993,D,536,29,135,164,-4,377,26,3,0,8,102,31,2,682,4.3,NA,NA,3.3,25.3,28.6
Mike Natyshak,1988,1988,RW,4,0,0,0,-1,0,0,0,0,0,0,0,0,0,NA,NA,NA,-0.2,0,-0.1
Frank Nazar,2024,2026,C,121,28,40,68,-36,50,21,5,2,5,28,11,1,231,12.1,2081,17:12:00,3.7,1.7,5.5
Andrei Nazarov,1994,2006,LW,571,53,71,124,-69,1409,47,6,0,5,61,10,0,592,9,3237,08:21:00,1.7,3.3,5
Rumun Ndur,1997,2000,D,69,2,3,5,-18,137,2,0,0,0,3,0,0,28,7.1,828,12:21:00,-0.2,0.6,0.4
James Neal,2009,2022,LW,869,296,263,559,7,581,208,87,1,47,179,83,1,2514,11.8,14993,17:15:00,51.3,16.3,67.6
Pat Neaton,1994,1994,D,9,1,1,2,3,12,0,1,0,0,1,0,0,11,9.1,NA,NA,0.1,0.5,0.6
Martin Nečas,2018,2026,C,519,162,264,426,72,184,110,49,3,33,186,75,3,1238,13.1,9187,17:42:00,32.1,13.5,45.6
Viktor Nechayev,1983,1983,C,3,1,0,1,1,0,1,0,0,0,0,0,0,7,14.3,NA,NA,0,0.1,0.1
Stan Neckář,1995,2004,D,510,12,41,53,-71,316,10,1,1,2,36,3,2,289,4.2,6542,17:27:00,-3.2,18.2,15
Václav Nedomanský,1978,1983,RW,421,122,156,278,-94,88,76,46,0,12,80,76,0,874,14,NA,NA,13.4,3.9,17.3
Andrej Nedorost,2002,2004,LW,28,2,3,5,-9,12,2,0,0,0,3,0,0,38,5.3,319,11:23:00,-0.1,0.1,0
Václav Nedorost,2002,2004,C,99,10,10,20,-2,34,6,4,0,0,10,0,0,95,10.5,1065,10:46:00,0.3,1.1,1.4
Petr Nedvěd,1991,2007,C,982,310,407,717,-21,708,217,80,13,39,270,129,8,2207,14,10343,19:07:00,51.6,13.5,65.1
Zdeněk Nedvěd,1995,1997,RW,31,4,6,10,3,14,3,1,0,0,4,2,0,29,13.8,NA,NA,0.1,0.5,0.6
Mike Needham,1993,1994,RW,86,9,5,14,-3,16,9,0,0,3,4,1,0,58,15.5,NA,NA,-1.6,0.8,-0.7
Bob Neely,1974,1978,LW/D,283,39,59,98,-75,266,31,8,0,6,43,14,2,451,8.6,NA,NA,3.6,6.1,9.7
Cam Neely,1984,1996,RW,726,395,299,694,83,1241,252,142,1,61,212,86,1,2150,18.4,NA,NA,56.4,12.8,69.2
John Negrin,2009,2009,D,3,0,1,1,-2,2,0,0,0,0,1,0,0,3,0,30,09:59:00,0.1,-0.1,0
Jake Neighbours,2022,2026,LW,279,71,61,132,-42,146,55,16,0,11,42,19,0,412,17.2,4167,14:56:00,8.1,3.5,11.6
Chris Neil,2002,2017,RW,1026,112,138,250,-19,2522,96,16,0,12,122,16,0,1249,9,11258,10:58:00,7.4,10.4,17.8
Jim Neilson,1963,1978,D,1024,69,299,368,-50,901,52,16,1,11,218,77,4,2074,3.3,NA,NA,18.9,56.7,75.6
Brock Nelson,2014,2026,C,1000,334,318,652,28,358,256,73,5,57,248,67,3,2296,14.5,17192,17:12:00,53.5,20.2,73.6
Casey Nelson,2016,2019,D,93,4,14,18,-15,33,3,0,1,0,11,2,1,100,4,1523,16:22:00,0.4,2.8,3.2
Gordie Nelson,1970,1970,D,3,0,0,0,2,11,0,0,0,0,0,0,0,5,0,NA,NA,-0.1,0.3,0.2
Jeff Nelson,1995,1999,C,52,3,8,11,0,20,3,0,0,0,8,0,0,33,9.1,145,16:09:00,-0.8,0.8,0
Todd Nelson,1992,1994,D,3,1,0,1,1,2,0,1,0,1,0,0,0,1,100,NA,NA,0.1,0.2,0.3
Sergei Nemchinov,1992,2002,LW,761,152,193,345,52,251,137,12,3,27,169,17,7,1036,14.7,4738,14:04:00,15.8,11.3,27.1
Simon Nemec,2024,2026,D,155,16,33,49,-28,73,15,1,0,5,28,5,0,200,8,2934,18:56:00,2.8,5,7.8
Jan Němeček,1999,2000,D,7,1,0,1,-1,4,1,0,0,1,0,0,0,8,12.5,110,15:41:00,0.1,0.2,0.3
Patrik Nemeth,2014,2023,D,504,10,60,70,3,240,10,0,0,2,55,1,4,487,2.1,8990,17:50:00,-2.9,19.9,17
Steve Nemeth,1988,1988,C,12,2,0,2,-4,2,1,0,1,0,0,0,0,12,16.7,NA,NA,-0.2,0.1,-0.1
David Nemirovsky,1996,1999,RW,91,16,22,38,-2,42,13,3,0,1,16,6,0,123,13,522,12:09:00,1.9,1.1,3
Greg Nemisz,2011,2012,RW,15,0,1,1,0,0,0,0,0,0,1,0,0,7,0,100,06:40:00,-0.2,0.1,-0.1
Aaron Ness,2012,2021,D,72,1,6,7,-7,22,1,0,0,0,6,0,0,51,2,989,13:44:00,-0.3,1.6,1.2
Eric Nesterenko,1952,1972,RW,1219,250,324,574,49,1275,187,38,25,31,263,47,14,1328,12.3,NA,NA,24.3,20.6,44.9
Nikita Nesterenko,2023,2026,C,61,7,10,17,-9,10,7,0,0,1,10,0,0,81,8.6,716,11:44:00,0.4,0.4,0.8
Nikita Nesterov,2015,2021,D,170,9,28,37,-10,101,5,4,0,0,24,4,0,197,4.6,2667,15:41:00,1.8,5,6.8
Andrej Nestrašil,2015,2017,RW,128,17,31,48,0,18,13,4,0,1,28,3,0,214,7.9,1717,13:25:00,2.5,2.4,4.9
Lance Nethery,1981,1982,C,41,11,14,25,0,14,9,2,0,0,14,0,0,52,21.2,NA,NA,0.9,0.5,1.3
Ray Neufeld,1980,1990,RW,595,157,200,357,-167,816,111,46,0,16,149,48,3,1079,14.6,NA,NA,13.1,4.6,17.7
Mike Neville,1925,1931,C,67,5,6,11,NA,14,NA,NA,NA,1,NA,NA,NA,NA,NA,NA,NA,-2.1,1.1,-1
Bob Nevin,1958,1976,RW,1128,307,419,726,125,215,231,67,9,48,303,103,13,2428,12.6,NA,NA,42.7,19.3,62
John Newberry,1984,1986,C,22,0,4,4,-2,6,0,0,0,0,4,0,0,19,0,NA,NA,-0.6,0.3,-0.3
Kris Newbury,2007,2014,C,76,4,6,10,-3,139,4,0,0,0,6,0,0,60,6.7,470,06:11:00,0.1,0.4,0.5
Rick Newell,1973,1974,D,7,0,0,0,-2,0,0,0,0,0,0,0,0,1,0,NA,NA,-0.1,0.2,0.1
Alex Newhook,2021,2026,C,338,70,81,151,-7,88,61,9,0,15,67,14,0,501,14,4969,14:42:00,7.7,5.1,12.8
Dan Newman,1977,1980,LW,126,17,24,41,-18,63,17,0,0,2,22,2,0,173,9.8,NA,NA,-0.5,1.2,0.8
John Newman,1931,1931,C/LW,9,1,1,2,NA,2,NA,NA,NA,0,NA,NA,NA,NA,NA,NA,NA,-0.1,0.2,0.1
Scott Nichol,1996,2013,C,662,56,71,127,-20,916,46,3,7,5,60,5,6,703,8,7839,11:53:00,-2.8,8.2,5.4
Bernie Nicholls,1982,1999,C,1127,475,734,1209,-39,1292,295,152,28,35,431,288,15,3231,14.7,1012,14:27:00,84.3,12.5,96.8
Al Nicholson,1956,1957,LW,19,0,1,1,NA,2,0,0,0,0,1,0,0,NA,NA,NA,NA,-0.8,0.3,-0.5
Ed Nicholson,1948,1948,D,1,0,0,0,NA,0,0,0,0,0,0,0,0,NA,NA,NA,NA,0,0.1,0.1
Hickey Nicholson,1938,1938,LW,2,1,0,1,NA,0,1,0,0,0,0,0,0,NA,NA,NA,NA,0.1,0,0.1
Neil Nicholson,1973,1978,D,39,3,1,4,-18,23,3,0,0,0,1,0,0,55,5.5,NA,NA,-0.2,1.4,1.2
Paul Nicholson,1975,1977,LW,62,4,8,12,-39,18,4,0,0,1,8,0,0,72,5.6,NA,NA,-1.3,0.1,-1.2
Valeri Nichushkin,2014,2026,RW,626,154,201,355,107,112,107,41,6,24,173,24,4,1323,11.6,10276,16:25:00,22.3,14.6,36.9
Eric Nickulas,1999,2006,RW,118,15,23,38,-11,82,13,2,0,1,18,5,0,172,8.7,1341,11:22:00,2,1.2,3.2
Graeme Nicolson,1979,1983,D,52,2,7,9,-21,60,2,0,0,0,7,0,0,43,4.7,NA,NA,-0.3,2,1.7
Barry Nieckar,1993,1998,LW,8,0,0,0,-2,21,0,0,0,0,0,0,0,1,0,5,05:28:00,-0.3,0,-0.3
Rob Niedermayer,1994,2011,C,1153,186,283,469,-123,904,130,48,8,29,202,76,5,1813,10.3,15925,17:44:00,11.3,17.1,28.4
Scott Niedermayer,1992,2010,D,1263,172,568,740,167,784,81,90,1,39,307,245,16,2436,7.1,22394,25:10:00,58.9,82.1,141
Nino Niederreiter,2011,2026,RW,1029,248,251,499,75,448,192,55,1,38,202,49,0,2006,12.4,15221,14:48:00,34.7,20.7,55.4
Jim Niekamp,1971,1972,D,29,0,2,2,-17,37,0,0,0,0,2,0,0,23,0,NA,NA,-0.4,0.5,0.1
Chris Nielsen,2001,2002,RW,52,6,8,14,1,8,6,0,0,2,8,0,0,64,9.4,553,10:38:00,0.6,0.8,1.4
Frans Nielsen,2007,2021,C,925,167,306,473,-37,166,113,34,20,20,184,113,9,1683,9.9,15233,16:28:00,27.2,16.1,43.3
Jeff Nielsen,1997,2001,RW,252,20,27,47,-26,70,18,2,0,3,26,0,1,326,6.1,2860,11:26:00,-1.4,2.5,1.2
Kirk Nielsen,1998,1998,RW,6,0,0,0,-1,0,0,0,0,0,0,0,0,1,0,44,07:19:00,-0.2,0,-0.2
Tristen Nielsen,2026,2026,F,4,0,1,1,1,0,0,0,0,0,1,0,0,3,0,25,06:18:00,0,0.1,0.1
Markus Niemeläinen,2022,2023,D,43,0,1,1,-2,8,0,0,0,0,1,0,0,28,0,495,11:30:00,-0.5,0.7,0.2
Antti-Jussi Niemi,2001,2002,D,29,1,1,2,-7,22,1,0,0,0,1,0,0,18,5.6,456,15:44:00,-0.2,0.6,0.4
Ville Nieminen,2000,2007,LW,385,48,69,117,-28,333,41,4,3,12,53,15,1,479,10,4826,12:32:00,3.6,4.8,8.4
Kraig Nienhuis,1986,1988,LW,87,20,16,36,-16,39,15,5,0,2,12,4,0,148,13.5,NA,NA,0.5,0.7,1.2
Matthew Nieto,2014,2025,LW,705,87,119,206,-64,129,79,2,6,12,106,9,4,975,8.9,9863,13:59:00,3,9.4,12.4
Joe Nieuwendyk,1987,2007,C,1257,564,562,1126,155,677,337,215,12,93,356,204,2,3242,17.4,9078,16:09:00,98.2,21.8,120
Boo Nieves,2017,2020,C,76,5,14,19,3,24,5,0,0,1,14,0,0,59,8.5,743,09:46:00,0.4,1,1.4
Frank Nighbor,1918,1930,C,349,139,100,239,NA,266,NA,NA,NA,26,NA,NA,NA,NA,NA,NA,NA,20.3,11.5,31.8
Frank Nigro,1983,1984,C,68,8,18,26,-7,41,7,1,0,0,13,5,0,95,8.4,NA,NA,-0.2,0.8,0.5
Janne Niinimaa,1997,2007,D,741,54,265,319,43,733,26,25,3,10,133,125,7,1067,5.1,13818,23:32:00,20.8,38.5,59.2
Alexander Nikishin,2026,2026,D,81,11,22,33,18,33,6,4,1,1,16,6,0,122,9,1473,18:11:00,2.6,4.4,6.9
Nikita Nikitin,2011,2016,D,259,17,59,76,-15,85,11,6,0,5,46,12,1,396,4.3,5010,19:21:00,4.4,9.9,14.4
Andrei Nikolishin,1995,2004,C,628,93,187,280,23,270,74,13,6,9,138,43,6,929,10,7492,16:24:00,10.1,11.4,21.6
Sami Niku,2018,2022,D,67,2,14,16,-2,24,2,0,0,0,13,1,0,64,3.1,984,14:41:00,0.6,1.8,2.3
Alexander Nikulin,2008,2009,C,3,0,0,0,-3,0,0,0,0,0,0,0,0,1,0,15,05:09:00,0,-0.1,-0.2
Chris Nilan,1980,1992,RW,688,110,115,225,-1,3043,103,7,0,11,110,5,0,820,13.4,NA,NA,-2.7,9.1,6.4
Jim Nill,1982,1990,RW,524,58,87,145,-65,854,50,4,4,7,79,2,6,376,15.4,NA,NA,-6.2,5.4,-0.8
Marcus Nilson,1999,2008,LW,521,67,101,168,5,270,47,17,3,11,75,24,2,820,8.2,7628,14:38:00,3.7,9.1,12.8
Jacob Nilsson,2019,2019,C,2,0,0,0,-2,0,0,0,0,0,0,0,0,0,NA,16,07:52:00,0,-0.1,-0.1
Kent Nilsson,1980,1995,C,553,264,422,686,-25,116,151,97,16,28,235,179,8,1374,19.2,NA,NA,46.4,5.9,52.2
Robert Nilsson,2006,2010,C,252,37,81,118,-15,90,26,11,0,3,58,23,0,361,10.2,3544,14:04:00,6.1,3.3,9.5
Ulf Nilsson,1979,1983,C,170,57,112,169,30,85,41,14,2,10,79,31,2,257,22.2,NA,NA,10.1,2.8,12.9
Janne Niskala,2009,2009,D,6,1,2,3,0,6,0,1,0,0,2,0,0,10,10,82,13:42:00,0.3,0.2,0.5
Matt Niskanen,2008,2020,D,949,72,284,356,112,489,51,20,1,17,196,84,4,1554,4.6,19840,20:54:00,22,47.9,69.8
Lou Nistico,1978,1978,C,3,0,0,0,0,6,0,0,0,0,0,0,0,3,0,NA,NA,-0.1,0,-0.1
Reg Noble,1918,1933,LW/D,510,167,106,273,NA,925,NA,NA,NA,15,NA,NA,NA,NA,NA,NA,NA,20.2,14.7,34.9
Andreas Nödl,2009,2013,RW,183,15,21,36,-9,28,13,1,1,2,21,0,0,207,7.2,2173,11:52:00,-0.5,1.7,1.2
Claude Noel,1980,1980,C,7,0,0,0,-3,0,0,0,0,0,0,0,0,5,0,NA,NA,-0.3,0,-0.3
Stefan Noesen,2015,2026,RW,482,83,92,175,3,274,60,23,0,19,70,22,0,792,10.5,6145,12:45:00,8.8,8.3,17.1
Nelson Nogier,2017,2019,D,11,0,0,0,-1,5,0,0,0,0,0,0,0,9,0,127,11:34:00,-0.2,0.1,-0.1
Petteri Nokelainen,2006,2012,C,245,20,21,41,-14,103,19,0,1,3,18,2,1,234,8.5,2467,10:04:00,-0.5,2,1.6
Brandon Nolan,2008,2008,C/LW,6,0,1,1,-2,0,0,0,0,0,1,0,0,2,0,44,07:15:00,0,0,-0.1
Jordan Nolan,2012,2019,C,375,24,28,52,-24,347,24,0,0,3,28,0,0,299,8,3539,09:26:00,-1.6,3.6,2.1
Owen Nolan,1991,2010,RW,1200,422,463,885,-40,1793,244,155,23,53,299,150,14,3128,13.5,14344,18:12:00,72.4,19.3,91.6
Paddy Nolan,1922,1922,LW/D,2,0,0,0,NA,0,NA,NA,NA,0,NA,NA,NA,NA,NA,NA,NA,-0.2,0,-0.1
Ted Nolan,1982,1986,C,78,6,16,22,-18,105,4,0,2,1,15,1,0,99,6.1,NA,NA,-1.2,0.7,-0.5
Simon Nolet,1968,1977,RW,562,150,182,332,-28,187,107,40,3,17,115,66,1,1358,11,NA,NA,17,8.4,25.4
Brian Noonan,1988,1999,RW,629,116,159,275,-37,518,76,38,2,21,114,42,3,1053,11,1154,12:58:00,9.2,7.2,16.3
Niklas Nordgren,2006,2006,LW,58,4,2,6,-8,34,4,0,0,0,2,0,0,38,10.5,411,07:05:00,-0.2,0.1,-0.1
Robert Nordmark,1988,1991,D,236,13,70,83,-36,254,4,9,0,1,18,52,0,385,3.4,NA,NA,2.3,11.5,13.7
Jonas Nordqvist,2007,2007,C,3,0,2,2,1,2,0,0,0,0,2,0,0,2,0,42,13:55:00,0.1,0.1,0.2
Joakim Nordström,2014,2021,C,444,32,43,75,-34,77,30,0,2,6,43,0,0,548,5.8,5582,12:34:00,-4.1,5.6,1.5
Peter Nordström,1999,1999,C,2,0,0,0,-1,0,0,0,0,0,0,0,0,0,NA,16,08:04:00,0,0,-0.1
Maxim Noreau,2010,2011,D,6,0,0,0,-1,0,0,0,0,0,0,0,0,8,0,78,13:05:00,-0.1,0.1,0
Joe Noris,1972,1974,C/D,55,2,5,7,-13,22,2,0,0,0,3,1,1,57,3.5,NA,NA,-1.5,0.5,-1.1
Mattias Norlinder,2022,2022,D,6,0,1,1,2,2,0,0,0,0,1,0,0,2,0,74,12:18:00,0,0.3,0.3
Dwayne Norris,1994,1996,RW,20,2,4,6,2,8,2,0,0,1,3,1,0,17,11.8,NA,NA,-0.1,0.2,0.2
Joshua Norris,2020,2026,C,282,103,88,191,-20,129,65,35,3,21,52,34,2,570,18.1,4935,17:30:00,15.6,5.2,20.8
Rod Norrish,1974,1975,LW,21,3,3,6,-5,2,3,0,0,0,2,1,0,19,15.8,NA,NA,-0.2,0.2,0
Mattias Norström,1994,2008,D,903,18,147,165,8,661,13,3,2,2,120,20,7,757,2.4,16413,21:21:00,-1.9,41.9,40.1
Baldy Northcott,1929,1939,D/LW,448,133,112,245,NA,271,64,8,3,23,64,14,2,NA,NA,NA,NA,25.7,7.4,33.1
Brad Norton,2002,2007,D,124,3,8,11,-3,287,3,0,0,0,8,0,0,46,6.5,998,08:03:00,0.4,1.9,2.3
Jeff Norton,1988,2002,D,799,52,332,384,-29,615,28,22,2,6,182,145,5,1015,5.1,4136,19:53:00,20.7,35.5,56.2
Craig Norwich,1980,1981,D,104,17,58,75,-5,60,6,11,0,1,28,30,0,305,5.6,NA,NA,4.8,6.3,11.1
Lee Norwood,1981,1994,D,503,58,153,211,23,1099,35,22,1,8,79,64,10,685,8.5,NA,NA,9.4,26.1,35.5
Tomáš Nosek,2016,2026,C,514,47,73,120,-17,166,41,1,5,7,68,1,4,627,7.5,6165,12:00:00,-0.3,6.4,6.1
Filip Novák,2006,2007,D,17,0,0,0,-1,6,0,0,0,0,0,0,0,8,0,163,09:36:00,-0.2,0.3,0.1
Thomas Novak,2022,2026,C,285,65,94,159,-8,46,47,18,0,8,72,22,0,453,14.3,3960,13:54:00,10.8,4.4,15.2
Ivan Novoseltsev,2000,2004,RW,234,31,44,75,-47,112,26,4,1,5,34,9,1,314,9.9,3132,13:23:00,2.8,1.8,4.6
Jiří Novotný,2006,2009,C,189,20,31,51,-15,66,17,1,2,0,25,4,2,241,8.3,2763,14:37:00,-0.4,2.4,1.9
Milan Nový,1983,1983,C,73,18,30,48,4,16,15,3,0,3,22,8,0,132,13.6,NA,NA,1.8,1.1,3
Hank Nowak,1974,1977,LW,180,26,29,55,-37,161,25,1,0,3,29,0,0,269,9.7,NA,NA,-1.1,1.3,0.2
Ryan Nugent-Hopkins,2012,2026,C,1030,290,513,803,-29,355,194,87,9,38,268,232,13,2384,12.2,19971,19:23:00,57.2,21.2,78.4
Petteri Nummelin,2001,2008,D,139,9,36,45,-28,34,6,3,0,1,10,26,0,199,4.5,2500,17:59:00,2.9,4.1,7
Teppo Numminen,1989,2009,D,1372,117,520,637,56,513,75,40,2,20,270,234,16,2051,5.7,16762,22:34:00,39.6,69.3,108.9
Kai Nurminen,1997,2001,LW,69,17,11,28,-4,24,13,4,0,1,7,4,0,113,15,31,15:34:00,1.6,1,2.6
Darnell Nurse,2015,2026,D,797,88,235,323,65,725,79,3,6,13,196,33,6,1858,4.7,17935,22:30:00,19,41.3,60.3
Markus Nutivaara,2017,2022,D,275,17,54,71,26,42,16,1,0,2,52,2,0,336,5.1,4340,15:47:00,3.8,11.2,15
Lawrence Nycholat,2004,2009,D,50,2,7,9,-3,24,2,0,0,0,5,2,0,44,4.5,761,15:13:00,0.3,1.1,1.4
Joakim Nygård,2020,2021,F,42,3,6,9,-2,12,2,1,0,0,6,0,0,45,6.7,435,10:22:00,0,0.5,0.5
Mike Nykoluk,1957,1957,RW,32,3,1,4,NA,20,3,0,0,3,1,0,0,NA,NA,NA,NA,-0.8,0.5,-0.3
Alexander Nylander,2017,2025,LW,126,25,24,49,-12,30,22,3,0,3,22,2,0,203,12.3,1638,13:00:00,2.8,1.3,4.2
Michael Nylander,1993,2009,C,920,209,470,679,75,468,146,63,0,33,328,140,2,1671,12.5,12157,17:09:00,46.7,18.4,65
William Nylander,2016,2026,C,749,291,399,690,20,200,207,81,3,51,258,140,1,2163,13.5,13422,17:55:00,61.3,14.1,75.4
Gary Nylund,1983,1993,D,608,32,139,171,-142,1235,28,4,0,1,117,17,5,709,4.5,NA,NA,2.5,21.3,23.8
Jani Nyman,2025,2026,RW,38,7,5,12,-7,10,4,3,0,0,3,2,0,53,13.2,439,11:33:00,0.7,0.3,1
Gustav Nyquist,2012,2026,RW,914,210,333,543,-38,220,153,48,9,29,251,80,2,1849,11.4,15295,16:44:00,36,16.9,52.9
Bill Nyrop,1976,1982,D,207,12,51,63,133,101,8,1,3,3,51,0,0,168,7.1,NA,NA,1.7,16.7,18.4
Bob Nystrom,1973,1986,RW,900,235,278,513,110,1248,208,27,0,38,256,22,0,1823,12.9,NA,NA,20.7,13.3,34
Eric Nystrom,2006,2016,LW,593,75,48,123,-73,401,69,1,5,12,46,0,2,657,11.4,7605,12:50:00,0.2,5.4,5.6
Joel Nystrom,2026,2026,D,38,1,9,10,6,6,1,0,0,0,9,0,0,43,2.3,577,15:11:00,0.4,1.6,2
Dennis O'Brien,1971,1980,D,592,31,91,122,-56,1017,28,2,1,5,83,7,1,556,5.6,NA,NA,0.4,30.1,30.5
Doug O'Brien,2006,2006,D,5,0,0,0,0,2,0,0,0,0,0,0,0,2,0,39,07:44:00,0,0.1,0
Ellard O'Brien,1956,1956,D,2,0,0,0,NA,0,0,0,0,0,0,0,0,NA,NA,NA,NA,-0.1,0,-0.1
Jim O'Brien,2011,2018,C,77,8,5,13,-4,16,7,1,0,1,5,0,0,100,8,860,11:10:00,-0.1,0.8,0.7
Liam O'Brien,2015,2026,C,264,14,25,39,-4,534,14,0,0,0,25,0,0,238,5.9,2539,09:37:00,-1.9,2.7,0.8
Shane O'Brien,2007,2015,D,537,13,79,92,6,916,11,2,0,3,71,5,3,429,3,8979,16:43:00,0.8,20.2,21
Ryan O'Byrne,2008,2013,D,308,5,34,39,-19,369,5,0,0,1,33,0,1,164,3,5364,17:25:00,-1.5,9.8,8.4
Jack O'Callahan,1983,1989,D,389,27,104,131,18,541,17,10,0,3,69,32,3,541,5,NA,NA,3.4,19,22.4
Mike O'Connell,1978,1990,D,860,105,335,440,41,605,61,38,6,10,192,132,11,1737,6,NA,NA,21.5,48.5,70
Buddy O'Connor,1942,1951,C,509,140,257,397,NA,34,121,18,1,20,190,67,0,NA,NA,NA,NA,24,9.3,33.3
Drew O'Connor,2021,2026,F,322,51,53,104,-18,114,46,1,4,6,49,1,3,523,9.8,4411,13:42:00,2.9,4.8,7.7
Logan O'Connor,2019,2026,RW,355,45,60,105,33,145,39,0,6,7,55,0,5,470,9.6,4815,13:34:00,1.1,6.1,7.3
Myles O'Connor,1991,1994,D,43,3,4,7,-3,69,3,0,0,0,3,1,0,38,7.9,NA,NA,-0.1,2,1.9
Eric O'Dell,2014,2015,C,41,3,5,8,-2,29,3,0,0,1,5,0,0,23,13,372,09:05:00,0.2,0.3,0.5
Fred O'Donnell,1973,1974,RW,115,15,11,26,6,98,15,0,0,3,11,0,0,95,15.8,NA,NA,-1.6,1,-0.5
Sean O'Donnell,1995,2012,D,1224,31,198,229,87,1809,26,4,1,9,161,21,16,888,3.5,20835,19:14:00,1.3,57.5,58.8
Don O'Donoghue,1970,1972,RW,125,18,17,35,-52,35,14,3,1,1,13,4,0,129,14,NA,NA,-0.7,0.8,0.2
Bill O'Dwyer,1984,1990,C,120,9,13,22,-8,108,8,1,0,1,11,0,2,133,6.8,NA,NA,-2.3,1.4,-1
Gerry O'Flaherty,1972,1979,LW,438,99,95,194,-32,168,89,6,4,9,84,9,2,777,12.7,NA,NA,5.3,5.6,11
Peanuts O'Flaherty,1941,1942,RW,21,5,1,6,NA,0,5,0,0,0,1,0,0,NA,NA,NA,NA,0,0.2,0.2
Rob O'Gara,2017,2018,D,33,0,3,3,-6,6,0,0,0,0,3,0,0,23,0,513,15:33:00,-0.3,0.7,0.4
George O'Grady,1918,1918,D,4,0,0,0,NA,0,NA,NA,NA,0,NA,NA,NA,NA,NA,NA,NA,-0.3,0.1,-0.2
Ryan O'Marra,2010,2012,C,33,1,6,7,-3,17,1,0,0,0,5,1,0,22,4.5,335,10:09:00,-0.1,0.3,0.2
Jim O'Neil,1934,1942,C/RW,156,6,30,36,NA,109,4,1,1,1,26,4,0,NA,NA,NA,NA,-2.5,3.1,0.6
Paul O'Neil,1974,1976,C/RW,6,0,0,0,-3,0,0,0,0,0,0,0,0,3,0,NA,NA,-0.3,0,-0.3
Brian O'Neill,2016,2016,C,22,0,2,2,-3,8,0,0,0,0,2,0,0,14,0,228,10:22:00,-0.4,0.2,-0.2
Jeff O'Neill,1996,2007,RW,821,237,259,496,-115,670,151,84,2,47,162,95,2,1961,12.1,11642,17:01:00,38.4,11.4,49.8
Tom O'Neill,1944,1945,RW,66,10,12,22,NA,53,6,4,0,1,11,1,0,NA,NA,NA,NA,-1.2,1.5,0.3
Wes O'Neill,2009,2010,D,5,0,0,0,-1,6,0,0,0,0,0,0,0,2,0,52,10:24:00,-0.1,0,0
Will O'Neill,2018,2018,D,1,0,0,0,0,0,0,0,0,0,0,0,0,3,0,9,09:25:00,0,0,0
Willie O'Ree,1958,1961,W,45,4,10,14,-18,26,4,0,0,2,10,0,0,62,6.5,NA,NA,-0.4,0.4,0
Danny O'Regan,2017,2022,C,30,1,5,6,-5,2,0,1,0,0,4,1,0,26,3.8,306,10:12:00,-0.1,0.2,0.1
Tom O'Regan,1984,1986,C/D,61,5,12,17,-19,10,5,0,0,0,12,0,0,52,9.6,NA,NA,-0.8,0.5,-0.3
Cal O'Reilly,2009,2018,C,145,16,33,49,-11,14,12,4,0,2,27,6,0,104,15.4,1944,13:24:00,1.6,1.8,3.4
Ryan O'Reilly,2010,2026,C,1232,328,569,897,-14,216,214,101,13,48,394,164,11,2692,12.2,24157,19:36:00,60.2,27.8,88
Terry O'Reilly,1972,1985,RW,891,204,402,606,222,2095,182,18,4,32,351,48,3,1252,16.3,NA,NA,26.2,15.8,42
Danny O'Shea,1969,1973,C,369,64,115,179,-40,267,54,8,2,11,88,25,2,677,9.5,NA,NA,5.5,4.6,10.1
Kevin O'Shea,1971,1973,RW,134,13,18,31,-44,85,12,0,1,1,17,1,0,131,9.9,NA,NA,-1.8,0.9,-0.9
Chris O'Sullivan,1997,2003,D,62,2,17,19,5,16,1,1,0,1,7,10,0,82,2.4,486,13:53:00,1,3,3.9
Patrick O'Sullivan,2007,2012,C,334,58,103,161,-61,116,43,10,5,7,67,34,2,846,6.9,5615,16:49:00,7.5,4,11.5
Adam Oates,1986,2004,C,1337,341,1079,1420,33,415,226,103,12,56,646,410,23,2392,14.3,10513,20:34:00,94.4,22.6,117
Russell Oatman,1927,1929,LW,120,20,9,29,NA,98,NA,NA,NA,5,NA,NA,NA,NA,NA,NA,NA,2.1,3.1,5.2
Evan Oberg,2010,2012,D,7,0,0,0,2,0,0,0,0,0,0,0,0,4,0,62,08:49:00,-0.1,0.3,0.2
Jaroslav Obšut,2001,2002,D,7,0,0,0,1,2,0,0,0,0,0,0,0,6,0,103,14:46:00,-0.1,0.3,0.2
Chris Oddleifson,1973,1981,C,524,95,191,286,-17,464,73,17,5,8,148,39,4,636,14.9,NA,NA,8.8,7.2,15.9
Lyle Odelein,1990,2006,D,1056,50,202,252,29,2316,36,13,1,5,141,57,4,1123,4.5,11156,20:02:00,7,53.3,60.4
Selmar Odelein,1986,1989,D,18,0,2,2,-2,35,0,0,0,0,1,1,0,19,0,NA,NA,-0.2,0.5,0.3
Jeff Odgers,1992,2003,RW,821,75,70,145,-116,2364,60,15,0,7,61,9,0,716,10.5,2877,07:04:00,-5.3,5.3,0
Gino Odjick,1991,2002,RW,605,64,73,137,-21,2567,58,6,0,13,68,5,0,753,8.5,1416,09:34:00,-3.1,6,2.9
Gerry Odrowski,1961,1972,D,309,12,19,31,-10,111,5,0,7,2,16,2,1,225,5.3,NA,NA,-2,18,16.1
Johnny Oduya,2007,2018,D,850,41,149,190,63,372,36,3,2,6,128,18,3,836,4.9,16913,19:54:00,4.8,40,44.8
Jordan Oesterle,2015,2026,D,409,23,73,96,-60,75,18,5,0,1,62,11,0,489,4.7,7301,17:51:00,3.2,13.3,16.5
Brian Ogilvie,1973,1979,C,90,15,21,36,-23,29,11,4,0,2,19,1,1,146,10.3,NA,NA,0.4,0.7,1.1
John Ogrodnick,1980,1993,LW,928,402,425,827,-63,260,271,121,10,45,281,139,5,2815,14.3,NA,NA,52.9,11.4,64.3
Liam Ohgren,2024,2026,LW,96,11,14,25,-23,4,11,0,0,2,12,1,1,127,8.7,1215,12:39:00,0.2,0.8,0.9
Mattias Öhlund,1998,2011,D,909,93,250,343,-6,885,52,36,5,19,134,105,11,1644,5.7,21803,23:59:00,21.8,44,65.8
Janne Ojanen,1989,1993,C,98,21,23,44,-8,28,19,2,0,2,14,9,0,121,17.4,NA,NA,1,0.9,2
Todd Okerlund,1988,1988,RW,4,0,0,0,0,2,0,0,0,0,0,0,0,3,0,NA,NA,-0.2,0,-0.1
Nikita Okhotyuk,2022,2024,D,67,3,9,12,-25,52,3,0,0,2,9,0,0,63,4.8,1020,15:14:00,0.2,0.8,1
Kyle Okposo,2008,2024,RW,1051,242,372,614,-135,554,170,67,5,34,251,117,4,2375,10.2,17809,16:57:00,42.1,15.3,57.4
Roman Oksiuta,1994,1997,RW,153,46,41,87,-25,100,27,19,0,2,35,6,0,262,17.6,NA,NA,5.8,0.9,6.7
Fredrik Olausson,1987,2003,D,1022,147,434,581,-29,452,73,72,2,20,186,240,8,1869,7.9,5846,18:48:00,40.9,48.1,89
Oskar Olausson,2023,2025,RW,4,0,0,0,0,0,0,0,0,0,0,0,0,5,0,32,08:07:00,-0.1,0,-0.1
Eddie Olczyk,1985,2000,C,1031,342,452,794,-65,874,230,100,12,36,311,131,10,2576,13.3,2036,13:34:00,49.9,10.6,60.5
Jamie Oleksiak,2013,2026,D,757,45,115,160,4,521,44,1,0,10,111,0,4,814,5.5,13249,17:30:00,4.4,29.1,33.5
Steven Oleksy,2013,2017,D,73,3,17,20,17,110,3,0,0,1,17,0,0,64,4.7,1150,15:45:00,1.1,3.6,4.7
Rostislav Olesz,2006,2014,LW,365,57,77,134,-11,118,45,11,1,11,65,11,1,741,7.7,5464,14:58:00,4.5,5.3,9.8
David Oliver,1995,2006,RW,233,49,49,98,-31,84,21,28,0,1,35,14,0,307,16,720,09:14:00,5.7,2,7.7
Harry Oliver,1927,1937,RW,465,127,85,212,NA,147,17,5,1,31,31,4,0,NA,NA,NA,NA,29.7,9.4,39.1
Murray Oliver,1958,1975,C,1127,274,454,728,-169,315,207,62,5,34,349,100,5,2907,9.4,NA,NA,40.9,13.3,54.2
Mathieu Olivier,2020,2026,F,311,46,46,92,-18,479,43,1,2,10,45,0,1,370,12.4,3919,12:36:00,2.8,3.6,6.4
Krzysztof Oliwa,1997,2006,LW,410,17,28,45,-17,1447,16,1,0,5,27,1,0,273,6.2,2309,05:39:00,-1.7,2.4,0.7
Bert Olmstead,1949,1962,LW,848,181,421,602,-1,887,123,55,3,30,279,139,3,440,10.5,NA,NA,41.9,14.6,56.5
Fredrik Olofsson,2023,2024,LW,85,4,9,13,-5,10,4,0,0,2,9,0,0,79,5.1,842,09:54:00,-0.7,0.6,-0.1
Gustav Olofsson,2016,2024,D,63,0,11,11,-4,18,0,0,0,0,10,1,0,38,0,795,12:38:00,0.2,1.2,1.4
Victor Olofsson,2019,2026,RW,447,118,124,242,-42,50,75,43,0,24,90,33,1,923,12.8,6710,15:01:00,17.2,6.2,23.4
Darryl Olsen,1992,1992,D,1,0,0,0,-2,0,0,0,0,0,0,0,0,3,0,NA,NA,0,-0.1,-0.1
Dylan Olsen,2012,2016,D,124,5,17,22,-16,36,5,0,0,0,15,2,0,129,3.9,1854,14:57:00,0.8,2.3,3.1
Dennis Olson,1958,1958,C,3,0,0,0,NA,0,0,0,0,0,0,0,0,NA,NA,NA,NA,-0.1,0,-0.1
Josh Olson,2004,2004,LW,5,1,0,1,1,0,1,0,0,0,0,0,0,6,16.7,41,08:17:00,0.1,0.1,0.2
Christer Olsson,1996,1997,D,56,4,12,16,-10,24,1,3,0,0,2,10,0,58,6.9,NA,NA,0.7,2.6,3.3
Peter Ölvecký,2009,2010,C,32,2,5,7,1,12,2,0,0,1,3,2,0,19,10.5,285,08:53:00,0.1,0.5,0.6
Mark Olver,2011,2013,C,74,10,12,22,-7,39,10,0,0,1,12,0,0,83,12,814,11:00:00,1.3,0.6,1.9
Jimmie Ölvestad,2002,2003,LW,111,3,14,17,1,40,3,0,0,0,12,0,2,129,2.3,1423,12:49:00,-1.8,1.9,0.1
Linus Omark,2011,2014,LW,79,8,24,32,-27,40,7,1,0,0,15,9,0,110,7.3,1147,14:31:00,1.1,0.2,1.3
Ben Ondrus,2006,2009,RW,52,0,2,2,-20,77,0,0,0,0,2,0,0,30,0,420,08:05:00,-1,-0.4,-1.4
Bill Orban,1968,1970,C/LW,114,8,15,23,-23,67,8,0,0,0,14,1,0,86,9.3,NA,NA,-2.4,0.7,-1.7
Phil Oreskovic,2009,2009,D,10,1,1,2,-2,21,1,0,0,0,1,0,0,12,8.3,162,16:14:00,0.1,0.1,0.2
Victor Oreskovich,2010,2012,RW,67,2,7,9,-7,41,2,0,0,0,7,0,0,74,2.7,577,08:37:00,0.5,0.7,1.2
Gates Orlando,1985,1987,C,98,18,26,44,-9,51,14,2,2,1,23,3,0,116,15.5,NA,NA,0.6,1.2,1.7
Jimmy Orlando,1937,1943,D,199,6,25,31,NA,415,4,2,0,1,24,1,0,NA,NA,NA,NA,-1.2,16,14.8
Dave Orleski,1981,1982,LW,2,0,0,0,0,0,0,0,0,0,0,0,0,0,NA,NA,NA,-0.1,0,-0.1
Dmitry Orlov,2012,2026,D,947,79,284,363,108,399,72,6,1,19,230,52,2,1327,6,18997,20:04:00,22,45.6,67.6
Brooks Orpik,2003,2019,D,1035,18,176,194,79,972,17,1,0,1,161,6,9,768,2.3,20159,19:29:00,-1.3,45.1,43.8
Bobby Orr,1967,1979,D,657,270,645,915,582,953,178,76,16,26,366,248,31,3058,8.8,NA,NA,90.1,60.9,150.9
Colton Orr,2004,2015,RW,477,12,12,24,-33,1186,12,0,0,4,12,0,0,173,6.9,2893,06:04:00,-4.5,2,-2.4
Vladimír Országh,1998,2006,RW,289,54,65,119,-22,194,41,11,2,9,48,15,2,442,12.2,4604,15:56:00,5.8,4.9,10.7
Jed Ortmeyer,2004,2012,C,345,22,31,53,-14,161,20,0,2,3,27,1,3,454,4.8,3864,11:12:00,-3.1,3.6,0.4
Oskar Osala,2009,2010,LW,3,0,0,0,-1,0,0,0,0,0,0,0,0,2,0,24,08:04:00,-0.1,0,-0.1
Keith Osborne,1990,1993,RW,16,1,3,4,-3,16,1,0,0,1,3,0,0,15,6.7,NA,NA,-0.2,0.2,-0.1
Mark Osborne,1982,1995,LW/RW,919,212,319,531,-88,1152,163,39,10,27,248,60,11,1610,13.2,NA,NA,18.7,10,28.7
Randy Osburn,1973,1975,LW,27,0,2,2,-5,0,0,0,0,0,2,0,0,15,0,NA,NA,-1,0.3,-0.8
T.J. Oshie,2009,2024,C/RW,1010,302,393,695,87,541,194,99,9,48,269,115,9,2059,14.7,18481,18:18:00,54.3,24.7,79
Mark Osiecki,1992,1993,D,93,3,11,14,-24,43,1,2,0,2,9,0,2,70,4.3,NA,NA,-0.6,2.9,2.3
Zack Ostapchuk,2024,2026,C,120,5,6,11,-20,90,5,0,0,2,6,0,0,72,6.9,1171,09:46:00,-1.7,0.7,-1
Noah Ostlund,2025,2026,C,68,11,16,27,5,16,9,2,0,1,12,4,0,64,17.2,922,13:34:00,1.2,1.1,2.3
Jaroslav Otevřel,1993,1994,LW,16,3,4,7,-11,2,2,1,0,0,2,2,0,15,20,NA,NA,0.2,-0.1,0.1
Brennan Othmann,2024,2026,LW,44,2,3,5,-1,13,2,0,0,0,2,1,0,41,4.9,437,09:55:00,-0.5,0.5,0
Steve Ott,2003,2017,C,848,109,179,288,-66,1555,77,28,4,16,142,28,9,1115,9.8,12366,14:35:00,7.8,11.8,19.6
Ville Ottavainen,2025,2025,D,1,0,1,1,0,0,0,0,0,0,1,0,0,1,0,14,14:24:00,0.1,0,0.1
Joel Otto,1985,1998,C,943,195,313,508,65,1934,121,63,11,26,223,75,15,1357,14.4,738,10:51:00,18.4,11.2,29.6
Michel Ouellet,2006,2009,RW,190,52,64,116,-4,58,25,27,0,2,42,21,1,370,14.1,2576,13:33:00,9.9,2.7,12.6
Xavier Ouellet,2014,2021,D,178,5,23,28,-3,82,5,0,0,0,23,0,0,226,2.2,2870,16:07:00,0,6.3,6.3
Eddie Ouellette,1936,1936,C,43,3,2,5,NA,11,3,0,0,2,1,1,0,NA,NA,NA,NA,-1.1,0.9,-0.3
Gerry Ouellette,1961,1961,RW,35,5,4,9,-7,0,5,0,0,0,4,0,0,41,12.2,NA,NA,-0.3,0.3,0
Alex Ovechkin,2006,2026,LW,1573,929,758,1687,55,857,593,331,5,141,466,291,1,7108,13.1,32155,20:27:00,185.6,35.1,220.7
Dennis Owchar,1975,1980,D,288,30,85,115,-78,200,25,5,0,0,67,13,5,465,6.5,NA,NA,5.8,10,15.8
George Owen,1929,1933,D,183,44,33,77,NA,151,NA,NA,NA,6,NA,NA,NA,NA,NA,NA,NA,14.4,18.2,32.6
Nathan Oystrick,2009,2011,D,65,5,10,15,-2,61,4,1,0,0,8,2,0,55,9.1,976,15:01:00,1,1.4,2.4
Igor Ozhiganov,2019,2019,D,53,3,4,7,0,14,3,0,0,0,4,0,0,43,7,743,14:01:00,0.1,1.1,1.2
Sandis Ozoliņš,1993,2008,D,875,167,397,564,-44,638,96,67,4,26,190,204,3,1771,9.4,12346,22:12:00,51.3,40.5,91.8
Magnus Pääjärvi,2011,2019,LW,467,62,62,124,-54,78,54,6,2,8,52,9,1,787,7.9,6093,13:03:00,2.8,4.9,7.7
Brayden Pachal,2022,2026,D,176,6,22,28,2,194,6,0,0,0,20,0,2,160,3.8,2527,14:21:00,0.3,6.1,6.4
Clayton Pachal,1977,1979,C/LW,35,2,3,5,-12,95,1,1,0,0,1,2,0,23,8.7,NA,NA,-0.9,0.2,-0.7
Max Pacioretty,2009,2025,LW,939,335,346,681,53,509,248,80,7,66,248,95,3,3048,11,16217,17:16:00,64.7,20.9,85.5
Cam Paddock,2009,2009,C,16,2,1,3,-4,0,2,0,0,0,1,0,0,17,11.8,171,10:41:00,0,0.1,0.1
John Paddock,1976,1983,RW,87,8,14,22,-22,86,8,0,0,0,14,0,0,83,9.6,NA,NA,-1.3,0.3,-1
Jim Paek,1991,1995,D,217,5,29,34,2,155,5,0,0,0,27,0,2,141,3.5,NA,NA,-1.5,9,7.5
Nathan Paetsch,2006,2010,D,167,7,35,42,12,114,7,0,0,0,21,14,0,149,4.7,2279,13:39:00,2.4,4.5,7
Jean-Gabriel Pageau,2013,2026,C,871,176,225,401,14,264,128,24,24,27,181,21,23,1457,12.1,14385,16:31:00,19.9,17.4,37.3
Samuel Påhlsson,2001,2012,C,798,68,131,199,-70,356,53,4,11,14,117,7,7,1023,6.6,12974,16:15:00,-8.7,12.7,4
Rosaire Paiement,1968,1972,C,191,48,52,100,-40,343,42,5,1,5,43,9,0,523,9.2,NA,NA,4.7,1.7,6.4
Wilf Paiement,1975,1988,RW,946,356,458,814,-142,1759,254,83,19,29,324,129,5,2719,13.1,NA,NA,49.8,9.7,59.5
Daniel Paille,2006,2016,LW,582,85,87,172,15,135,74,0,11,8,81,1,5,722,11.8,7056,12:07:00,7.9,7.7,15.6
Iiro Pakarinen,2015,2018,RW,134,10,13,23,-11,18,10,0,0,1,9,4,0,175,5.7,1382,10:19:00,-0.2,1.2,1
Pete Palangio,1927,1938,LW,71,13,10,23,NA,28,9,1,0,1,8,2,0,NA,NA,NA,NA,0.8,1.2,2
Ondřej Palát,2013,2026,LW,905,182,338,520,127,266,139,35,8,34,259,74,5,1556,11.7,14686,16:14:00,32.8,20.9,53.8
Aldo Palazzari,1944,1944,RW,35,8,3,11,NA,4,8,0,0,0,3,0,0,NA,NA,NA,NA,-0.6,0.2,-0.3
Doug Palazzari,1975,1979,C,108,18,20,38,-2,23,17,0,1,1,13,7,0,140,12.9,NA,NA,0,1.3,1.3
Žigmund Pálffy,1994,2006,RW,684,329,384,713,83,322,218,92,19,45,213,164,7,2136,15.4,10113,20:51:00,71.7,16.3,88
Michael Paliotta,2015,2016,D,2,0,1,1,0,4,0,0,0,0,1,0,0,4,0,20,10:09:00,0.1,0,0.1
Brad Palmer,1981,1983,LW,168,32,38,70,-25,58,25,7,0,3,30,8,0,362,8.8,NA,NA,0.2,1.6,1.8
Jarod Palmer,2012,2012,RW,6,1,0,1,-2,4,1,0,0,0,0,0,0,14,7.1,80,13:20:00,0,0,0
Rob Palmer,1974,1976,C,16,0,3,3,2,2,0,0,0,0,3,0,0,8,0,NA,NA,-0.4,0.3,-0.1
Robert Palmer,1978,1984,D,320,9,101,110,-6,115,5,3,1,0,82,17,2,390,2.3,NA,NA,2.4,17.3,19.7
Kyle Palmieri,2011,2026,RW,925,276,269,545,-25,443,191,82,3,52,184,84,1,2220,12.4,15106,16:20:00,44.3,17.8,62.2
Nick Palmieri,2010,2012,RW,87,13,12,25,-1,20,12,1,0,2,11,1,0,131,9.9,1089,12:31:00,1.1,1.6,2.7
Aaron Palushaj,2011,2014,RW,68,3,11,14,-1,18,3,0,0,0,11,0,0,71,4.2,615,09:02:00,0.2,0.7,0.8
Ed Panagabko,1956,1957,C,29,0,3,3,NA,38,0,0,0,0,2,0,1,NA,NA,NA,NA,-1,0.4,-0.6
Artemi Panarin,2016,2026,LW,829,330,624,954,141,242,251,79,0,51,414,209,1,2275,14.5,16403,19:47:00,83.9,23.8,107.7
Jay Pandolfo,1997,2013,LW,899,100,126,226,-1,164,91,2,7,19,122,2,2,1123,8.9,12916,15:09:00,-4.7,16.5,11.8
Mike Pandolfo,2004,2004,LW,3,0,0,0,-2,0,0,0,0,0,0,0,0,3,0,25,08:18:00,-0.1,0,-0.1
Richard Pánik,2013,2022,RW,521,88,107,195,8,274,75,12,1,11,92,15,0,777,11.3,6998,13:26:00,10.9,8.2,19
Greg Pankewicz,1994,1999,RW,21,0,3,3,-1,22,0,0,0,0,3,0,0,13,0,134,07:26:00,-0.2,0.1,0
Grigorijs Panteļejevs,1993,1996,LW,54,8,6,14,-11,12,6,2,0,1,5,1,0,54,14.8,NA,NA,-0.4,0.4,0
Joe Papike,1941,1945,RW,20,3,3,6,NA,4,3,0,0,1,3,0,0,NA,NA,NA,NA,-0.1,0.3,0.1
Justin Papineau,2002,2004,C,81,11,8,19,2,12,6,5,0,4,8,0,0,67,16.4,696,08:36:00,1.4,0.7,2.2
Jim Pappin,1964,1977,RW,767,278,295,573,104,667,220,52,6,46,219,71,5,1625,17.1,NA,NA,40.9,12.9,53.8
Cédric Paquette,2014,2022,C,448,51,44,95,-20,391,45,0,6,7,42,1,1,488,10.5,5262,11:45:00,0.8,4.4,5.1
Bob Paradise,1972,1979,D,368,8,54,62,-115,393,7,1,0,1,53,1,0,236,3.4,NA,NA,-1.7,12.7,10.9
Colton Parayko,2016,2026,D,799,81,232,313,61,221,62,17,2,20,199,27,6,1613,5,17950,22:28:00,17.7,43.3,61
Adam Pardy,2009,2017,D,342,4,48,52,7,269,4,0,0,0,45,1,2,251,1.6,5218,15:15:00,-0.2,11.4,11.2
Zayne Parekh,2025,2026,D,37,4,5,9,-8,10,1,3,0,0,2,3,0,49,8.2,633,17:06:00,0.5,1.1,1.6
Ryan Parent,2007,2011,D,106,1,6,7,-18,36,1,0,0,0,6,0,0,49,2,1673,15:47:00,-1.1,2,0.9
Xavier Parent,2026,2026,F,5,0,0,0,-1,2,0,0,0,0,0,0,0,2,0,43,08:34:00,-0.1,0,-0.1
P.A. Parenteau,2007,2017,LW,491,114,182,296,-45,342,77,37,0,12,137,45,0,976,11.7,8252,16:48:00,22.4,7.8,30.2
George Pargeter,1947,1947,LW,4,0,0,0,NA,0,0,0,0,0,0,0,0,NA,NA,NA,NA,-0.2,0.1,-0.1
J.P. Parisé,1966,1979,LW,890,238,356,594,-39,706,186,47,5,29,281,72,3,1908,12.5,NA,NA,33.1,12.4,45.5
Zach Parise,2006,2024,LW,1254,434,455,889,76,444,298,125,11,83,312,133,10,3776,11.5,22337,17:49:00,77.2,31,108.2
Michel Parizeau,1972,1972,C,58,3,14,17,-7,18,1,2,0,1,11,3,0,53,5.7,NA,NA,-0.6,0.7,0.1
Brad Park,1969,1985,D,1113,213,683,896,363,1429,116,92,5,28,390,285,8,2827,7.5,NA,NA,66.3,77.2,143.5
Richard Park,1995,2012,RW,738,102,139,241,-30,266,74,13,15,22,115,18,6,1151,8.9,9745,14:34:00,6,10.6,16.6
Jeff Parker,1987,1991,RW,141,16,19,35,-9,163,16,0,0,2,17,0,2,153,10.5,NA,NA,-1.7,1.7,-0.1
Scott Parker,1999,2008,RW,308,7,14,21,4,699,7,0,0,1,14,0,0,126,5.6,1665,05:24:00,-1.7,2,0.3
Ernie Parkes,1925,1925,RW,17,0,0,0,NA,2,NA,NA,NA,0,NA,NA,NA,NA,NA,NA,NA,-1.3,0.5,-0.9
Greg Parks,1991,1993,C,23,1,2,3,0,6,1,0,0,0,2,0,0,13,7.7,NA,NA,-0.6,0.3,-0.2
Mark Parrish,1999,2011,RW,722,216,171,387,-47,246,142,73,1,40,109,59,3,1247,17.3,11134,15:25:00,32.2,10.4,42.6
George Parros,2006,2014,RW,474,18,18,36,-11,1092,18,0,0,1,18,0,0,214,8.4,2810,05:56:00,-2.3,2.7,0.4
Scott Parse,2010,2012,C,73,14,16,30,19,36,13,1,0,1,16,0,0,93,15.1,792,10:51:00,2.5,1.7,4.2
George Parsons,1937,1939,LW,78,12,13,25,NA,20,11,1,0,4,10,3,0,NA,NA,NA,NA,0.2,1.4,1.6
Juuso Pärssinen,2023,2026,C,157,22,34,56,-8,56,19,3,0,3,25,9,0,149,14.8,1970,12:33:00,2.1,2.1,4.2
Timo Pärssinen,2002,2002,LW,17,0,3,3,0,2,0,0,0,0,3,0,0,16,0,200,11:44:00,-0.2,0.3,0
Dušan Pašek,1989,1989,C,48,4,10,14,-8,30,3,1,0,0,7,3,0,86,4.7,NA,NA,-0.5,0.5,0
Brinson Pasichnuk,2021,2021,D,4,0,0,0,-1,2,0,0,0,0,0,0,0,3,0,46,11:37:00,-0.1,0,0
Dave Pasin,1986,1989,RW,76,18,19,37,-2,50,14,4,0,3,14,5,0,118,15.3,NA,NA,0.8,0.9,1.7
Greg Paslawski,1984,1994,RW,650,187,185,372,-33,169,145,39,3,30,138,46,1,1243,15,NA,NA,16.1,7.8,23.9
David Pastrňák,2015,2026,RW,833,420,513,933,145,414,288,132,0,68,352,161,0,3080,13.6,15458,18:33:00,93.5,23.6,117.1
Pavel Patera,2000,2001,C,32,2,7,9,-9,8,2,0,0,0,6,1,0,32,6.3,458,14:19:00,-0.1,0.3,0.1
Joe Paterson,1981,1989,LW,291,19,37,56,-36,829,17,2,0,3,32,5,0,229,8.3,NA,NA,-6.1,3,-3.1
Mark Paterson,1983,1986,D,29,3,3,6,-8,33,3,0,0,0,3,0,0,20,15,NA,NA,0,1.2,1.3
Rick Paterson,1980,1987,C,430,50,43,93,-7,136,34,2,14,5,38,0,5,332,15.1,NA,NA,-7,4.9,-2.1
Greg Pateryn,2013,2022,D,290,5,39,44,-13,178,5,0,0,0,39,0,0,335,1.5,4872,16:48:00,-0.9,10.3,9.4
Doug Patey,1977,1979,RW,45,4,2,6,-16,8,4,0,0,0,2,0,0,50,8,NA,NA,-1,0.2,-0.8
Larry Patey,1974,1985,C,717,153,163,316,-123,631,112,16,25,19,142,14,7,1119,13.7,NA,NA,6.7,7.8,14.5
Craig Patrick,1972,1979,RW,401,72,91,163,-133,61,61,9,2,3,73,18,0,630,11.4,NA,NA,2.5,3.1,5.6
Glenn Patrick,1974,1977,D,38,2,3,5,-14,72,2,0,0,0,3,0,0,28,7.1,NA,NA,-0.2,1.6,1.3
James Patrick,1984,2004,D,1280,149,490,639,100,759,84,62,3,16,241,234,15,1848,8.1,7094,17:31:00,38.1,66.5,104.6
Lester Patrick,1927,1927,D,1,0,0,0,NA,2,NA,NA,NA,0,NA,NA,NA,NA,NA,NA,NA,0,0.1,0.1
Lynn Patrick,1935,1946,C/LW,455,145,191,336,NA,240,116,23,6,16,157,29,5,NA,NA,NA,NA,26.6,7.9,34.5
Muzz Patrick,1938,1946,D,164,5,26,31,NA,139,5,0,0,1,25,0,1,NA,NA,NA,NA,0.2,13.2,13.4
Nolan Patrick,2018,2022,C,222,32,45,77,-36,83,24,8,0,5,39,6,0,325,9.8,3066,13:49:00,2.3,1.8,4.1
Steve Patrick,1981,1986,RW,250,40,68,108,-5,242,35,5,0,1,60,8,0,284,14.1,NA,NA,0.4,3.4,3.8
Colin Patterson,1984,1993,W,504,96,109,205,92,241,88,3,5,8,103,0,6,612,15.7,NA,NA,2.2,7.7,9.9
Dennis Patterson,1975,1980,D,138,6,22,28,-85,67,6,0,0,0,19,3,0,132,4.5,NA,NA,-0.1,4.8,4.7
Ed Patterson,1994,1997,RW,68,3,3,6,-10,56,3,0,0,0,2,0,1,34,8.8,NA,NA,-1.9,0.2,-1.7
George Patterson,1927,1935,W,270,51,27,78,NA,220,3,0,0,9,2,0,0,NA,NA,NA,NA,3.3,5.5,8.8
Butch Paul,1965,1965,C,3,0,0,0,-1,0,0,0,0,0,0,0,0,8,0,NA,NA,-0.1,0.1,-0.1
Jeff Paul,2003,2003,D,2,0,0,0,0,7,0,0,0,0,0,0,0,0,NA,7,03:32:00,0,0,0
Nick Paul,2016,2026,LW,536,104,110,214,-34,214,83,18,3,14,92,13,5,926,11.2,8229,15:21:00,8.4,8,16.4
Rollie Paulhus,1926,1926,D,33,0,0,0,NA,0,NA,NA,NA,0,NA,NA,NA,NA,NA,NA,NA,-1.3,1.4,0.2
Ondrej Pavel,2024,2024,F,2,0,0,0,-1,2,0,0,0,0,0,0,0,3,0,12,06:06:00,0,0,-0.1
Mark Pavelich,1982,1992,C,355,137,192,329,55,340,83,48,6,17,135,56,1,714,19.2,NA,NA,18.1,6.1,24.1
Marty Pavelich,1948,1957,LW,633,93,159,252,NA,454,82,7,4,20,137,18,4,NA,NA,NA,NA,8.9,12.5,21.4
Joe Pavelski,2007,2024,C,1332,476,592,1068,201,458,290,176,10,75,377,207,8,3706,12.8,24728,18:34:00,92.6,37.5,130.1
Jim Pavese,1982,1989,D,328,13,44,57,-61,689,12,1,0,2,41,2,1,215,6,NA,NA,-1.7,13.9,12.2
Evariste Payer,1918,1918,C/LW,1,0,0,0,NA,0,NA,NA,NA,0,NA,NA,NA,NA,NA,NA,NA,-0.1,0,0
Serge Payer,2001,2007,C,124,7,6,13,-7,49,6,0,1,0,6,0,0,110,6.4,1109,08:57:00,-1.1,0.8,-0.3
Adam Payerl,2014,2014,C,2,0,0,0,-1,2,0,0,0,0,0,0,0,4,0,18,09:09:00,-0.1,0,-0.1
Davis Payne,1996,1997,LW,22,0,1,1,-4,14,0,0,0,0,0,1,0,10,0,NA,NA,-0.8,0.1,-0.6
Steve Payne,1979,1988,LW,613,228,238,466,31,435,148,79,1,19,164,74,0,1621,14.1,NA,NA,25.7,9.5,35.2
Kent Paynter,1988,1994,D,37,1,3,4,-22,69,1,0,0,0,2,1,0,32,3.1,NA,NA,-0.4,0.7,0.3
Pat Peake,1994,1998,C,134,28,41,69,3,105,17,11,0,4,27,14,0,259,10.8,13,12:42:00,3,2,5.1
Chase Pearson,2022,2022,C,3,0,0,0,0,0,0,0,0,0,0,0,0,2,0,20,06:45:00,-0.1,0,0
Mel Pearson,1960,1968,LW,38,2,6,8,-8,23,2,0,0,0,6,0,0,48,4.2,NA,NA,-0.7,0.4,-0.4
Rob Pearson,1992,1997,RW,269,56,54,110,-31,645,40,16,0,8,41,13,0,461,12.1,NA,NA,3,3.1,6.1
Scott Pearson,1989,2000,LW,292,56,42,98,-39,615,53,3,0,10,36,6,0,436,12.8,26,13:15:00,1.3,2.4,3.7
Tanner Pearson,2014,2026,LW,777,157,169,326,10,265,134,19,4,30,142,24,3,1438,10.9,11208,14:25:00,18.9,13.9,32.9
Stephen Peat,2002,2006,RW,130,8,2,10,-16,234,8,0,0,0,2,0,0,41,19.5,733,05:38:00,-0.1,0.1,0.1
Matthew Peca,2017,2022,C,83,6,15,21,-15,6,6,0,0,0,14,0,1,74,8.1,900,10:51:00,0.2,0.3,0.6
Michael Peca,1994,2009,C,864,176,289,465,66,798,110,41,25,33,200,65,24,1484,11.9,12656,18:37:00,24.7,17.5,42.2
Theo Peckham,2008,2013,D,160,4,13,17,-15,388,4,0,0,0,13,0,0,85,4.7,2731,17:04:00,-0.9,4.6,3.7
Andrey Pedan,2016,2016,D,13,0,0,0,-3,18,0,0,0,0,0,0,0,11,0,142,10:57:00,-0.2,0.1,-0.1
Allen Pedersen,1987,1994,D,428,5,36,41,-4,487,5,0,0,0,34,1,1,223,2.2,NA,NA,-5.4,22.7,17.3
Barry Pederson,1981,1992,C,701,238,416,654,64,472,154,72,12,36,246,164,6,1489,16,NA,NA,36.6,11.1,47.7
Denis Pederson,1996,2003,C/RW,435,57,71,128,-18,398,42,14,1,11,62,8,1,624,9.1,4392,12:22:00,3.1,5.2,8.3
Lane Pederson,2021,2026,F,76,4,7,11,-19,38,4,0,0,0,6,1,0,66,6.1,838,11:01:00,-0.9,0.4,-0.4
Mark Pederson,1990,1994,LW,169,35,50,85,-14,77,24,11,0,5,32,18,0,243,14.4,NA,NA,2.8,2,4.9
Tom Pederson,1993,1997,D,240,20,49,69,-36,142,13,7,0,4,23,25,1,428,4.7,NA,NA,2.5,8.8,11.4
Andrew Peeke,2020,2026,D,386,16,59,75,-81,141,15,0,1,1,56,0,3,389,4.1,7484,19:23:00,-0.3,9.7,9.4
Bert Peer,1940,1940,RW,1,0,0,0,NA,0,0,0,0,0,0,0,0,NA,NA,NA,NA,-0.1,0,0
Johnny Peirson,1947,1958,RW,544,153,173,326,NA,309,120,31,2,31,129,43,1,NA,NA,NA,NA,26.9,7.9,34.8
Adam Pelech,2016,2026,D,642,30,147,177,83,283,28,0,2,4,135,3,9,898,3.3,12974,20:13:00,4.9,35.3,40.2
Matt Pelech,2009,2014,RW,13,1,3,4,2,38,1,0,0,1,3,0,0,7,14.3,108,08:19:00,0.4,0.3,0.7
Perry Pelensky,1984,1984,RW,4,0,0,0,0,5,0,0,0,0,0,0,0,4,0,NA,NA,-0.2,0.1,-0.1
Scott Pellerin,1993,2004,LW,536,72,126,198,16,320,53,5,14,10,108,12,6,738,9.8,6333,14:44:00,5.6,8.7,14.3
Jakob Pelletier,2023,2026,LW,90,11,18,29,2,14,9,2,0,3,17,1,0,114,9.6,1063,11:49:00,1,1.4,2.4
Pascal Pelletier,2008,2014,LW,16,0,0,0,-6,0,0,0,0,0,0,0,0,16,0,157,09:49:00,-0.5,-0.1,-0.5
Roger Pelletier,1968,1968,D,1,0,0,0,0,0,0,0,0,0,0,0,0,0,NA,NA,NA,0,0.1,0
Rod Pelley,2007,2012,C,256,9,20,29,-22,102,8,1,0,1,19,1,0,273,3.3,2412,09:25:00,-2.8,2.6,-0.2
André Peloffy,1975,1975,C,9,0,0,0,-8,0,0,0,0,0,0,0,0,7,0,NA,NA,-0.4,0,-0.4
Derek Peltier,2009,2010,D,14,0,0,0,-4,2,0,0,0,0,0,0,0,8,0,173,12:21:00,-0.2,0.1,-0.1
Ville Peltonen,1996,2009,LW,382,52,96,148,-11,119,43,9,0,3,84,11,1,661,7.9,4923,15:15:00,4.4,5.7,10.1
Anthony Peluso,2013,2019,RW,148,4,10,14,-4,220,4,0,0,0,10,0,0,68,5.9,868,05:52:00,-0.4,0.7,0.3
Mike Peluso,1990,1998,LW,458,38,52,90,-15,1951,32,6,0,2,50,2,0,311,12.2,175,07:38:00,-7,6.2,-0.8
Mike Peluso,2002,2004,RW,38,4,2,6,-3,19,4,0,0,1,2,0,0,47,8.5,353,09:17:00,0.1,0.2,0.3
Mike Pelyk,1968,1978,D,441,26,88,114,-14,566,25,1,0,3,70,14,4,545,4.8,NA,NA,3.4,23.4,26.8
Dustin Penner,2006,2014,LW,589,151,159,310,6,354,100,50,1,21,120,39,0,1263,12,9279,15:45:00,23,10.7,33.7
Jeff Penner,2010,2010,D,2,0,0,0,0,0,0,0,0,0,0,0,0,1,0,28,14:01:00,0,0.1,0
Chad Penney,1994,1994,LW,3,0,0,0,-2,2,0,0,0,0,0,0,0,2,0,NA,NA,-0.1,0,-0.1
Cliff Pennington,1961,1963,C,102,17,42,59,-44,6,13,4,0,1,23,19,0,200,8.5,NA,NA,2.2,0.4,2.6
Jim Peplinski,1981,1995,RW,711,161,263,424,52,1467,148,5,8,22,247,12,4,1269,12.7,NA,NA,13.6,8.9,22.5
Nicklaus Perbix,2023,2026,D,298,16,60,76,14,72,16,0,0,4,58,0,2,314,5.1,4952,16:37:00,2.8,11.5,14.3
Stuart Percy,2015,2016,D,12,0,3,3,-6,2,0,0,0,0,1,2,0,14,0,202,16:51:00,0.1,-0.1,0
Alexander Perezhogin,2006,2007,LW,128,15,19,34,16,86,11,4,0,3,16,3,0,212,7.1,1402,10:57:00,0.9,2.3,3.2
Cole Perfetti,2022,2026,C,289,59,98,157,30,68,45,14,0,9,74,24,0,530,11.1,4273,14:47:00,9,6.3,15.3
Brendan Perlini,2017,2022,LW,262,50,31,81,-43,92,40,10,0,3,21,10,0,410,12.2,3329,12:42:00,4.3,2.5,6.8
Fred Perlini,1982,1984,C,8,2,3,5,-2,0,1,1,0,0,2,1,0,15,13.3,NA,NA,0.2,0.1,0.2
Joel Perrault,2006,2011,C,96,12,14,26,-18,68,9,3,0,2,9,5,0,150,8,1189,12:23:00,0.6,0.7,1.3
Fern Perreault,1948,1950,LW,3,0,0,0,NA,0,0,0,0,0,0,0,0,NA,NA,NA,NA,-0.1,0,-0.1
Gabriel Perreault,2025,2026,RW,53,11,15,26,-2,10,8,3,0,2,12,3,0,75,14.7,838,15:49:00,1.3,1.1,2.3
Gilbert Perreault,1971,1987,C,1191,512,814,1326,41,500,370,134,8,81,512,298,4,3077,16.6,NA,NA,96,17.3,113.3
Jacob Perreault,2022,2022,RW,1,0,0,0,-1,0,0,0,0,0,0,0,0,0,NA,11,11:05:00,0,0,-0.1
Mathieu Perreault,2010,2022,C,708,143,209,352,17,322,105,38,0,18,158,50,1,1080,13.2,9672,13:40:00,26.8,10.4,37.2
Yanic Perreault,1994,2008,C,859,247,269,516,-20,402,175,63,9,41,176,88,5,1678,14.7,10567,15:04:00,42.8,12.1,54.9
Éric Perrin,2004,2009,C,245,32,72,104,-15,92,23,5,4,0,49,10,13,384,8.3,3979,16:14:00,3.2,3.5,6.6
David Perron,2008,2026,LW,1238,332,480,812,-11,877,237,91,4,48,313,164,3,2576,12.9,20506,16:34:00,62,24.1,86.1
Nathan Perrott,2002,2006,RW,89,4,5,9,-5,251,4,0,0,2,5,0,0,73,5.5,562,06:19:00,-0.2,0.4,0.2
Brian Perry,1969,1971,C,96,16,29,45,-8,24,14,2,0,1,26,3,0,117,13.7,NA,NA,1.3,1.5,2.8
Corey Perry,2006,2026,RW,1463,464,507,971,56,1566,329,129,6,80,331,172,4,3569,13,24059,16:27:00,85.6,29.4,115
Joel Persson,2020,2020,D,13,0,2,2,-1,2,0,0,0,0,2,0,0,17,0,199,15:19:00,0,0.4,0.3
John Persson,2014,2014,LW,10,1,0,1,-4,6,1,0,0,0,0,0,0,16,6.3,120,12:02:00,-0.1,0,-0.2
Ricard Persson,1996,2002,D,229,10,44,54,16,262,8,2,0,1,36,7,1,271,3.7,2647,16:14:00,2.4,10.2,12.6
Stefan Persson,1978,1986,D,622,52,317,369,176,574,22,30,0,7,132,182,3,786,6.6,NA,NA,18.2,39,57.2
Scott Perunovich,2022,2025,D,108,2,30,32,0,30,2,0,0,0,21,9,0,68,2.9,1679,15:33:00,1.2,3.6,4.8
Brett Pesce,2016,2026,D,736,43,179,222,76,262,38,4,1,10,158,15,6,1116,3.9,15507,21:04:00,7.7,43.5,51.2
Harri Pesonen,2013,2013,LW,4,0,0,0,-1,2,0,0,0,0,0,0,0,3,0,37,09:11:00,-0.1,0,-0.1
Janne Pesonen,2009,2009,LW,7,0,0,0,-3,0,0,0,0,0,0,0,0,3,0,52,07:27:00,-0.2,-0.1,-0.2
George Pesut,1975,1976,D,92,3,22,25,-23,130,1,2,0,0,15,7,0,68,4.4,NA,NA,0.4,4.7,5.1
Nic Petan,2016,2024,C,170,7,28,35,-26,46,7,0,0,2,17,11,0,182,3.8,1774,10:26:00,-0.5,0.8,0.3
JJ Peterka,2022,2026,RW,319,92,104,196,1,116,78,14,0,13,83,21,0,683,13.5,5117,16:02:00,14.5,5.3,19.8
Andrew Peters,2004,2010,LW,229,4,3,7,-17,650,4,0,0,0,3,0,0,87,4.6,887,03:52:00,-1.4,0.2,-1.2
Frank Peters,1931,1931,D,43,0,0,0,NA,57,NA,NA,NA,0,NA,NA,NA,NA,NA,NA,NA,-0.9,4,3.1
Garry Peters,1965,1972,C,311,34,34,68,-50,261,28,3,3,5,28,4,2,577,5.9,NA,NA,-4.6,3.3,-1.3
Jimmy Peters,1946,1954,RW,574,125,150,275,NA,184,110,12,3,15,132,17,1,NA,NA,NA,NA,15.7,9,24.7
Jimmy Peters,1965,1975,C,309,37,36,73,-38,46,27,6,4,4,29,6,1,333,11.1,NA,NA,-3.7,3.9,0.2
Steve Peters,1980,1980,C,2,0,1,1,1,0,0,0,0,0,1,0,0,0,NA,NA,NA,0,0.1,0.1
Warren Peters,2009,2012,C,96,4,4,8,-18,72,4,0,0,0,4,0,0,86,4.7,902,09:24:00,-1.3,0.4,-0.9
Toby Petersen,2001,2013,C,398,33,48,81,-40,50,26,1,6,2,44,4,0,531,6.2,4477,11:15:00,-0.7,3.5,2.8
Brent Peterson,1979,1989,C,620,72,141,213,-4,484,60,6,6,9,120,15,6,630,11.4,NA,NA,-4,9.5,5.5
Brent Peterson,1997,1999,LW,56,9,1,10,-8,6,9,0,0,0,1,0,0,42,21.4,377,09:41:00,0.1,0.5,0.6
Jacob Peterson,2022,2024,C,83,14,11,25,-16,18,12,2,0,5,10,1,0,109,12.8,1008,12:09:00,0.9,0.8,1.7
Andre Petersson,2012,2012,RW,1,0,0,0,0,0,0,0,0,0,0,0,0,0,NA,5,05:02:00,0,0,0
Richard Petiot,2006,2011,D,15,0,3,3,4,25,0,0,0,0,3,0,0,12,0,262,17:30:00,0,0.8,0.8
Michel Petit,1983,1998,D,827,90,238,328,-179,1839,50,38,2,10,143,92,3,1353,6.7,529,16:31:00,15.4,30.4,45.8
Nicholas Petrecki,2013,2013,D,1,0,0,0,0,0,0,0,0,0,0,0,0,0,NA,12,11:58:00,0,0,0
Lennart Petrell,2012,2013,C,95,7,11,18,-14,49,5,0,2,0,9,0,2,59,11.9,982,10:20:00,0,0.6,0.6
Sergei Petrenko,1994,1994,LW,14,0,4,4,-3,0,0,0,0,0,3,1,0,7,0,NA,NA,-0.2,0.1,-0.1
Oleg Petrov,1993,2003,RW,382,72,115,187,-18,101,58,11,3,13,91,24,0,727,9.9,4626,17:08:00,8.9,6.4,15.3
Alexander Petrovic,2013,2026,D,323,7,53,60,-11,411,7,0,0,1,52,0,1,317,2.2,5216,16:09:00,0.7,10.4,11.1
Róbert Petrovický,1993,2001,C,208,27,38,65,-15,118,24,3,0,2,32,6,0,217,12.4,753,09:11:00,1.6,2,3.7
Ronald Petrovický,2001,2007,RW,342,41,51,92,-25,429,34,6,1,7,45,6,0,372,11,4152,12:08:00,2.5,3.4,5.9
Jakub Petružálek,2009,2009,C/RW,2,0,1,1,1,0,0,0,0,0,1,0,0,0,NA,16,08:05:00,0.1,0.1,0.1
Jeff Petry,2011,2026,D,1048,96,298,394,-143,428,70,24,2,17,211,79,8,1754,5.5,22407,21:23:00,23.8,37.1,60.9
Elias Pettersson,2019,2026,C,544,200,308,508,17,108,130,62,8,33,191,110,7,1265,15.8,10362,19:03:00,40.5,12.8,53.4
Elias Pettersson,2025,2026,D,97,4,9,13,-18,49,4,0,0,0,9,0,0,64,6.3,1393,14:21:00,-0.1,2.2,2.2
Jörgen Pettersson,1981,1986,LW,435,174,192,366,-10,117,129,42,3,24,134,57,1,1082,16.1,NA,NA,20.3,5.6,25.9
Marcus Pettersson,2018,2026,D,603,21,159,180,67,374,20,1,0,3,150,7,2,649,3.2,11632,19:17:00,5.5,29.9,35.4
Tomi Pettinen,2003,2006,D,24,0,0,0,-3,18,0,0,0,0,0,0,0,9,0,329,13:41:00,-0.4,0.5,0.1
Eric Pettinger,1929,1931,LW/C,98,7,12,19,NA,85,NA,NA,NA,0,NA,NA,NA,NA,NA,NA,NA,-2.1,2.1,0
Gord Pettinger,1933,1940,C,292,42,72,114,NA,77,36,3,2,7,64,6,0,NA,NA,NA,NA,4.9,6.3,11.2
Matt Pettinger,2001,2010,LW,422,65,58,123,-55,210,44,13,8,10,41,14,3,633,10.3,5570,13:12:00,3.9,3.4,7.3
Rich Peverley,2007,2014,C,442,84,157,241,-7,167,60,18,6,20,110,37,10,865,9.7,7161,16:12:00,15.3,6.7,22
Michael Pezzetta,2022,2026,C,208,15,23,38,-13,276,15,0,0,1,22,1,0,177,8.5,1659,07:59:00,0.5,1.4,1.9
Lyle Phair,1986,1988,LW,48,6,7,13,-18,12,6,0,0,0,4,2,1,50,12,NA,NA,-0.5,0.2,-0.3
Dion Phaneuf,2006,2019,D,1048,137,357,494,-57,1345,62,73,2,28,177,173,7,2514,5.4,24563,23:26:00,38.8,47.7,86.6
Harold Phillipoff,1978,1980,LW,141,26,57,83,25,267,24,2,0,4,54,3,0,213,12.2,NA,NA,3.1,2.3,5.4
Bill Phillips,1930,1930,C,27,1,1,2,NA,6,NA,NA,NA,0,NA,NA,NA,NA,NA,NA,NA,-1.2,0.6,-0.6
Charlie Phillips,1943,1943,D,17,0,0,0,NA,6,0,0,0,0,0,0,0,NA,NA,NA,NA,-0.4,1.1,0.7
Chris Phillips,1998,2015,D,1179,71,217,288,68,756,51,17,3,13,156,42,19,1421,5,24208,20:32:00,11,53.7,64.6
Isaak Phillips,2022,2026,D,59,2,10,12,-37,33,2,0,0,0,10,0,0,57,3.5,924,15:40:00,0.2,-0.1,0.1
Matthew Phillips,2021,2024,F,34,1,4,5,-3,2,1,0,0,0,4,0,0,24,4.2,348,10:14:00,-0.4,0.3,0
Merlyn Phillips,1926,1933,C,302,52,31,83,NA,228,NA,NA,NA,11,NA,NA,NA,NA,NA,NA,NA,5.4,6.5,12
Luke Philp,2023,2023,F,3,0,1,1,0,2,0,0,0,0,1,0,0,0,NA,35,11:41:00,0,0.1,0
Noah Philp,2025,2026,F,32,2,3,5,-6,6,2,0,0,0,3,0,0,31,6.5,305,09:32:00,-0.2,0.1,0
Alexandre Picard,2006,2012,D,253,19,50,69,-31,86,8,11,0,4,36,14,0,291,6.5,4502,17:48:00,4.1,7.9,12
Alexandre Picard,2006,2010,LW,67,0,2,2,-9,58,0,0,0,0,1,1,0,53,0,524,07:49:00,-1.3,0.3,-1.1
Michel Picard,1991,2001,LW,166,28,42,70,-9,103,23,5,0,3,33,9,0,236,11.9,947,13:32:00,2.9,2.4,5.3
Noel Picard,1965,1973,D,336,12,63,75,5,614,11,1,0,3,45,16,2,528,2.3,NA,NA,1.4,22.3,23.7
Robert Picard,1978,1990,D,899,104,319,423,-41,1025,72,27,5,18,206,112,1,1909,5.4,NA,NA,20.7,41.5,62.2
Roger Picard,1968,1968,RW,15,2,2,4,-3,21,2,0,0,0,2,0,0,45,4.4,NA,NA,-0.1,0.2,0.1
Dave Pichette,1981,1988,D,322,41,140,181,-24,348,24,17,0,3,64,76,0,474,8.6,NA,NA,8.9,13.8,22.7
Owen Pickering,2025,2026,D,29,1,2,3,-8,8,1,0,0,0,2,0,0,16,6.3,419,14:26:00,-0.1,0.4,0.3
Hal Picketts,1934,1934,RW,48,3,1,4,NA,32,3,0,0,1,1,0,0,NA,NA,NA,NA,-1.6,0.6,-1
Harry Pidhirny,1958,1958,C,2,0,0,0,NA,0,0,0,0,0,0,0,0,NA,NA,NA,NA,-0.1,0,-0.1
Randy Pierce,1978,1985,RW,277,62,76,138,-60,223,52,8,2,10,58,16,2,557,11.1,NA,NA,4.2,3.5,7.7
Blake Pietila,2016,2019,LW,38,1,3,4,-12,12,1,0,0,0,3,0,0,42,2.4,486,12:47:00,-0.8,0.2,-0.6
Alex Pietrangelo,2009,2025,D,1087,148,489,637,123,355,109,38,1,33,318,154,17,2588,5.7,26491,24:22:00,50.2,67.9,118.2
Tuomas Pihlman,2004,2007,LW,15,1,1,2,-1,12,1,0,0,0,1,0,0,15,6.7,138,09:11:00,-0.1,0.1,0
Antti Pihlström,2008,2009,LW,54,2,5,7,-2,10,1,1,0,0,5,0,0,89,2.2,616,11:24:00,-0.8,0.7,-0.1
Alf Pike,1940,1947,LW/C,234,42,77,119,NA,145,34,7,1,6,70,6,1,NA,NA,NA,NA,3.5,3.9,7.4
Ilkka Pikkarainen,2010,2010,RW,31,1,3,4,-3,10,1,0,0,0,3,0,0,26,3.8,252,08:09:00,-0.2,0.2,0
Karel Pilař,2002,2004,D,90,6,24,30,-2,42,4,2,0,2,15,9,0,128,4.7,1586,17:38:00,2.2,2.8,5
Garrett Pilon,2021,2022,C,3,1,0,1,1,0,1,0,0,0,0,0,0,1,100,29,09:50:00,0.1,0.1,0.2
Rich Pilon,1989,2002,D,631,8,69,77,-48,1745,8,0,0,0,66,3,0,294,2.7,4313,16:39:00,-4.8,24.2,19.5
Pierre Pilote,1956,1969,D,890,80,418,498,187,1257,43,35,2,17,275,134,9,791,7.7,NA,NA,37.8,55.3,93.1
Lawrence Pilut,2019,2023,D,63,2,7,9,-16,24,2,0,0,1,7,0,0,57,3.5,1003,15:56:00,-0.1,1.1,0.9
Gerry Pinder,1970,1972,LW,223,55,69,124,3,135,40,13,2,6,46,23,0,411,13.4,NA,NA,6.6,3.1,9.7
Adam Pineault,2008,2008,RW,3,0,0,0,-2,0,0,0,0,0,0,0,0,5,0,33,11:03:00,-0.1,0,-0.1
Luca Pinelli,2026,2026,C,3,0,0,0,-1,0,0,0,0,0,0,0,0,6,0,41,13:46:00,-0.1,0,-0.1
Brian Pinho,2021,2021,C,2,0,0,0,-2,0,0,0,0,0,0,0,0,3,0,16,07:49:00,0,-0.1,-0.1
Steve Pinizzotto,2013,2015,C,36,2,4,6,-6,74,2,0,0,0,4,0,0,26,7.7,320,08:54:00,0,0.1,0.1
Shane Pinto,2021,2026,C,281,74,78,152,9,112,54,15,5,10,66,8,4,565,13.1,4826,17:10:00,8.8,6.2,15
Neal Pionk,2018,2026,D,587,47,221,268,23,333,33,14,0,9,142,76,3,1111,4.2,12833,21:52:00,15.2,30,45.2
Lasse Pirjetä,2003,2006,C,146,23,27,50,-3,50,20,3,0,3,21,6,0,221,10.4,1617,11:04:00,3.3,1.9,5.2
Esa Pirnes,2004,2004,C,57,3,8,11,-9,12,2,0,1,0,7,1,0,57,5.3,670,11:45:00,-0.3,0.3,0
Kamil Piroš,2002,2004,C,28,4,4,8,-2,10,3,1,0,1,2,2,0,23,17.4,309,11:02:00,0.5,0.2,0.7
Brandon Pirri,2011,2021,C,276,72,49,121,5,91,51,21,0,13,34,15,0,574,12.5,3772,13:40:00,10.9,4,14.9
Alex Pirus,1977,1980,RW,159,30,28,58,-52,94,28,2,0,2,24,4,0,234,12.8,NA,NA,0.6,1.2,1.8
Aleš Píša,2002,2003,D,53,1,3,4,12,26,0,1,0,0,3,0,0,40,2.5,693,13:04:00,-0.2,2.3,2.1
Fernando Pisani,2003,2011,RW,462,87,82,169,5,200,68,15,4,7,71,8,3,698,12.5,6600,14:17:00,8.1,7.7,15.8
Joe Piskula,2007,2015,D,13,0,0,0,-8,10,0,0,0,0,0,0,0,8,0,145,11:10:00,-0.2,-0.3,-0.5
Joni Pitkänen,2004,2013,D,535,57,225,282,-8,484,38,18,1,13,121,101,3,1037,5.5,12640,23:38:00,21.6,25.8,47.4
Lance Pitlick,1995,2002,D,393,16,33,49,-8,298,16,0,0,2,33,0,0,243,6.6,4231,14:54:00,-0.4,16.1,15.8
Rem Pitlick,2019,2024,C,132,21,33,54,-27,54,19,1,1,2,31,1,1,119,17.6,1846,13:59:00,2.1,1.1,3.2
Tyler Pitlick,2014,2026,C,452,58,53,111,-10,126,56,1,1,6,51,1,1,565,10.3,5350,11:50:00,2.4,6.1,8.5
Didier Pitre,1918,1923,RW/D,127,64,35,99,NA,87,NA,NA,NA,12,NA,NA,NA,NA,NA,NA,NA,4.7,3.9,8.6
Domenic Pittis,1997,2004,C,86,5,11,16,-8,71,5,0,0,2,8,3,0,71,7,919,10:49:00,-0.4,0.7,0.3
Libor Pivko,2004,2004,LW,1,0,0,0,0,0,0,0,0,0,0,0,0,2,0,7,06:50:00,0,0,0
Michal Pivoňka,1987,1999,C,825,181,418,599,18,476,113,56,12,27,270,138,10,1468,12.3,963,13:58:00,30.7,12.4,43
Barclay Plager,1968,1977,D,614,44,187,231,61,1115,32,9,3,6,135,42,10,830,5.3,NA,NA,12.2,39.6,51.8
Bill Plager,1968,1976,D,263,4,34,38,-62,294,4,0,0,1,31,2,1,211,1.9,NA,NA,-1.5,12.3,10.8
Bob Plager,1965,1978,D,645,20,126,146,18,800,18,0,2,4,109,9,8,765,2.6,NA,NA,1.6,38.5,40.1
Gerry Plamondon,1946,1951,LW,74,7,13,20,NA,10,6,1,0,3,10,3,0,NA,NA,NA,NA,-0.7,1.5,0.8
Alex Plante,2010,2012,D,10,0,2,2,-1,15,0,0,0,0,2,0,0,9,0,131,13:09:00,0.1,0.2,0.3
Cam Plante,1985,1985,D,2,0,0,0,0,0,0,0,0,0,0,0,0,0,NA,NA,NA,0,0.1,0.1
Dan Plante,1994,1998,RW,159,9,14,23,-31,135,5,0,4,0,13,0,1,180,5,83,11:50:00,-3.2,1.2,-2
Derek Plante,1994,2001,C,450,96,152,248,17,138,69,26,1,14,94,53,5,926,10.4,2534,15:05:00,14.8,6.6,21.4
Pierre Plante,1972,1980,RW,599,125,172,297,-33,599,104,21,0,17,152,17,3,948,13.2,NA,NA,9.4,7.6,16.9
Mark Plantery,1981,1981,D,25,1,5,6,-10,14,1,0,0,0,5,0,0,18,5.6,NA,NA,0,1,0.9
Geoff Platt,2006,2008,C,46,4,10,14,-1,28,4,0,0,0,9,1,0,73,5.5,486,10:34:00,0.4,0.6,1
Adrien Plavsic,1990,1997,D,214,16,56,72,13,161,9,7,0,3,32,23,1,249,6.4,NA,NA,2.5,11,13.5
Hugh Plaxton,1933,1933,LW,17,1,3,4,NA,4,NA,NA,NA,0,NA,NA,NA,NA,NA,57,NA,-0.4,0.3,-0.3
Jim Playfair,1984,1989,D,21,2,4,6,9,51,1,1,0,0,3,1,0,14,14.3,NA,NA,0.1,1.4,1.5
Larry Playfair,1979,1990,D,688,26,94,120,-22,1814,26,0,0,2,92,2,0,462,5.6,NA,NA,-3.7,36.5,32.8
Larry Pleau,1970,1972,C,94,9,15,24,-6,22,8,0,1,3,13,0,2,110,8.2,NA,NA,-1,0.8,-0.2
Tomáš Plekanec,2004,2019,C,1001,233,375,608,55,543,160,53,20,36,239,125,11,2360,9.9,18027,18:01:00,41.1,23.2,64.3
Václav Pletka,2002,2002,RW,1,0,0,0,0,0,0,0,0,0,0,0,0,2,0,12,11:34:00,0,0,0
Charles Pletsch,1921,1921,D,1,0,0,0,NA,NA,NA,NA,NA,NA,NA,NA,NA,NA,NA,NA,NA,-0.1,0,-0.1
Willi Plett,1976,1988,RW,834,222,215,437,-43,2570,187,35,0,27,178,37,0,1408,15.8,NA,NA,15.6,9.2,24.8
Tomáš Plíhal,2007,2009,C,89,7,9,16,0,26,6,0,1,1,9,0,0,123,5.7,916,10:17:00,-0.3,1.2,1
Sergei Plotnikov,2016,2016,LW,45,0,3,3,-3,24,0,0,0,0,3,0,0,41,0,445,09:53:00,-0.9,0.3,-0.6
Rob Plumb,1978,1979,LW,14,3,2,5,-5,2,2,1,0,0,2,0,0,11,27.3,NA,NA,0.1,0.1,0.2
Ron Plumb,1980,1980,D,26,3,4,7,10,14,3,0,0,0,4,0,0,38,7.9,NA,NA,0.2,1.6,1.8
Steve Poapst,1996,2006,D,307,8,28,36,-28,173,8,0,0,2,25,1,2,215,3.7,5601,18:25:00,-1.5,10.4,8.8
Thomas Pöck,2004,2009,D,118,8,9,17,-30,55,8,0,0,0,4,4,1,152,5.3,1716,14:32:00,0.6,1.6,2.2
Harvie Pocza,1980,1982,LW,3,0,0,0,-2,2,0,0,0,0,0,0,0,3,0,NA,NA,-0.1,0,-0.1
Walt Poddubny,1982,1992,LW,468,184,238,422,5,454,125,59,0,15,152,85,1,1124,16.4,NA,NA,25.7,6.6,32.3
Shjon Podein,1993,2003,LW,699,100,106,206,62,439,88,4,8,20,95,6,5,967,10.3,5598,13:08:00,3.2,11.3,14.5
Vasily Podkolzin,2022,2026,RW,300,45,51,96,15,154,42,3,0,10,48,3,0,426,10.6,4005,13:21:00,2.7,5.1,7.7
Andrej Podkonický,2001,2004,C,8,1,0,1,-1,2,1,0,0,0,0,0,0,6,16.7,44,05:27:00,0.1,0,0.1
Ray Podloski,1989,1989,C,8,0,1,1,-1,17,0,0,0,0,1,0,0,3,0,NA,NA,-0.2,0.1,-0.1
Jason Podollan,1997,2002,RW,41,1,5,6,-8,19,0,1,0,0,4,1,0,42,2.4,108,08:59:00,-0.7,0.2,-0.5
Nels Podolsky,1949,1949,LW,1,0,0,0,NA,0,0,0,0,0,0,0,0,NA,NA,NA,NA,0,0,0
Ryan Poehling,2019,2026,C,357,54,76,130,-32,52,42,5,7,5,68,3,5,458,11.8,4821,13:30:00,4.7,4.5,9.2
Rudy Poeschek,1988,2000,RW/D,364,6,25,31,-24,817,6,0,0,1,25,0,0,191,3.1,941,12:04:00,-6.3,12.3,6
Tony Poeta,1952,1952,RW,1,0,0,0,NA,0,0,0,0,0,0,0,0,NA,NA,NA,NA,-0.1,0,0
Austin Poganski,2020,2022,RW,22,0,0,0,-4,7,0,0,0,0,0,0,0,9,0,193,08:46:00,-0.5,0.1,-0.5
John Pohl,2004,2008,C,115,17,21,38,-8,24,13,4,0,2,17,4,0,146,11.6,1172,10:11:00,2.3,0.7,2.9
Bud Poile,1943,1950,RW,311,107,122,229,NA,91,88,18,1,14,100,22,0,NA,NA,NA,NA,17.4,4.8,22.2
Don Poile,1955,1958,C,67,7,9,16,NA,12,4,3,0,1,5,4,0,NA,NA,NA,NA,-0.8,0.9,0.1
Brayden Point,2017,2026,C,720,324,361,685,89,163,210,111,3,63,258,101,2,1758,18.4,13719,19:03:00,61.8,17.3,79.2
Emile Poirier,2015,2016,LW,8,0,1,1,0,2,0,0,0,0,1,0,0,5,0,76,09:28:00,-0.1,0.1,0
Gordie Poirier,1940,1940,C,10,0,1,1,NA,0,0,0,0,0,1,0,0,NA,NA,NA,NA,-0.5,0.1,-0.5
Matthew Poitras,2024,2026,C,69,7,20,27,0,18,7,0,0,2,19,1,0,77,9.1,910,13:12:00,0.8,1.1,1.9
Roman Polák,2007,2020,D,806,26,114,140,-8,643,26,0,0,6,107,5,2,799,3.3,15205,18:52:00,-0.4,34.6,34.2
Vojtěch Polák,2006,2007,LW,5,0,0,0,-2,0,0,0,0,0,0,0,0,5,0,35,07:00:00,-0.1,0,-0.1
Tom Polanic,1970,1971,D,19,0,2,2,-4,53,0,0,0,0,2,0,0,6,0,NA,NA,-0.2,0.7,0.5
John Polich,1940,1941,RW,3,0,1,1,NA,0,0,0,0,0,1,0,0,NA,NA,NA,NA,0,0.1,0
Mike Polich,1978,1981,C/LW,226,24,29,53,-16,57,23,0,1,1,26,1,2,219,11,NA,NA,-3.4,3,-0.3
Jason Polin,2024,2026,F,12,1,0,1,2,2,1,0,0,0,0,0,0,9,11.1,82,06:52:00,0,0.2,0.1
Greg Polis,1971,1980,LW,615,174,169,343,-82,391,128,42,4,14,137,29,3,1587,11,NA,NA,17.3,6.7,24
Dan Poliziani,1959,1959,RW,1,0,0,0,NA,0,0,0,0,0,0,0,0,NA,NA,NA,NA,0,0,0
Jame Pollock,2004,2004,D,9,0,0,0,-1,6,0,0,0,0,0,0,0,19,0,139,15:25:00,-0.2,0.3,0.1
Dennis Polonich,1975,1983,C/RW,390,59,82,141,-77,1242,45,13,1,1,69,13,0,587,10.1,NA,NA,0.2,4.2,4.4
Jason Pominville,2004,2019,RW,1060,293,434,727,44,199,221,62,10,38,286,143,5,2773,10.6,18422,17:23:00,57.5,21.9,79.5
Alexei Ponikarovsky,2001,2013,LW,678,139,184,323,47,419,110,25,4,16,149,33,2,1327,10.5,9741,14:22:00,21.2,12,33.2
Vasiliy Ponomarev,2024,2025,C,9,1,1,2,0,2,1,0,0,0,1,0,0,9,11.1,90,09:57:00,0,0.1,0.2
Paul Pooley,1985,1986,C,15,0,3,3,3,0,0,0,0,0,3,0,0,3,0,NA,NA,-0.4,0.2,-0.1
Tucker Poolman,2018,2023,D,163,6,17,23,2,38,5,0,1,1,17,0,0,191,3.1,2732,16:46:00,-0.5,6,5.5
Larry Popein,1955,1968,C,449,80,141,221,-19,162,73,3,4,6,123,14,4,206,9.2,NA,NA,10,5,15
Poul Popiel,1966,1980,D,225,13,41,54,6,212,11,2,0,4,37,4,0,305,4.3,NA,NA,1.4,10.7,12.1
Mark Popovic,2004,2010,D,81,2,5,7,-8,20,2,0,0,0,5,0,0,57,3.5,1147,14:10:00,-0.4,1.5,1.2
Peter Popovic,1994,2001,D,485,10,63,73,-1,291,9,1,0,0,54,8,1,383,2.6,4503,17:56:00,-2,20.4,18.5
Chris Porter,2009,2016,C,234,15,19,34,-13,39,15,0,0,5,19,0,0,262,5.7,2402,10:16:00,-1.3,2.4,1.1
Kevin Porter,2009,2017,C,249,29,29,58,-27,60,25,2,2,5,26,2,1,268,10.8,3146,12:38:00,0.6,2.2,2.8
Jack Portland,1934,1943,D,388,15,56,71,NA,325,13,2,0,4,50,4,2,NA,NA,NA,NA,0.7,29,29.7
Jukka Porvari,1982,1983,RW,39,3,9,12,-23,4,3,0,0,0,7,2,0,55,5.5,NA,NA,-0.6,0.2,-0.4
Victor Posa,1986,1986,LW/D,2,0,0,0,0,2,0,0,0,0,0,0,0,1,0,NA,NA,-0.1,0,-0.1
Mike Posavad,1986,1987,D,8,0,0,0,0,0,0,0,0,0,0,0,0,2,0,NA,NA,-0.2,0.4,0.3
Marek Posmyk,2000,2001,D,19,1,2,3,0,20,1,0,0,0,2,0,0,22,4.5,251,13:12:00,0.1,0.5,0.6
Martin Pospisil,2024,2026,C,166,13,39,52,13,210,12,1,0,1,36,3,0,250,5.2,2143,12:55:00,0.5,3.2,3.7
Paul Postma,2011,2018,D,205,10,25,35,-5,51,6,4,0,1,23,2,0,183,5.5,2609,12:44:00,1.8,4.3,6.1
Brian Pothier,2001,2010,D,362,26,92,118,29,202,17,9,0,7,55,37,0,571,4.6,6933,19:09:00,7.4,13.9,21.3
Tom Poti,1999,2013,D,824,69,258,327,44,586,39,29,1,19,136,116,6,1261,5.5,18593,22:34:00,21.5,37.4,58.9
Barry Potomski,1996,1998,LW,68,6,5,11,-14,227,5,1,0,1,5,0,0,45,13.3,45,05:01:00,-1.1,0.5,-0.6
Corey Potter,2009,2016,D,130,8,24,32,-11,53,7,1,0,0,11,13,0,160,5,2266,17:26:00,1.7,4.2,5.9
Ryan Potulny,2006,2011,C,126,22,27,49,-18,54,14,7,1,4,21,5,1,229,9.6,1648,13:05:00,2.8,1.1,4
Andrew Poturalski,2017,2025,C,9,0,3,3,-6,2,0,0,0,0,1,2,0,10,0,102,11:20:00,0,-0.1,-0.1
Denis Potvin,1974,1988,D,1060,310,742,1052,456,1356,173,127,10,44,388,332,22,3050,10.2,NA,NA,81.4,79.3,160.7
Jean Potvin,1971,1981,D,613,63,224,287,-61,478,31,27,5,12,111,112,1,927,6.8,NA,NA,15.9,31.3,47.2
Marc Potvin,1991,1996,RW,121,3,5,8,-25,456,3,0,0,0,5,0,0,68,4.4,NA,NA,-3.7,0.8,-3
Daniel Poudrier,1986,1988,D,25,1,5,6,-1,10,1,0,0,1,5,0,0,8,12.5,NA,NA,0,1.4,1.3
Daniel Poulin,1982,1982,D,3,1,1,2,1,2,1,0,0,0,0,1,0,8,12.5,NA,NA,0.1,0.2,0.4
Dave Poulin,1983,1995,C,724,205,325,530,216,482,154,12,39,28,264,29,32,1298,15.8,NA,NA,25.8,14.5,40.3
Patrick Poulin,1992,2002,C,634,101,134,235,-30,299,82,13,6,16,114,15,5,845,12,3071,12:38:00,7.2,8.6,15.7
Samuel Poulin,2023,2026,RW,15,0,2,2,-5,6,0,0,0,0,1,1,0,8,0,151,10:06:00,-0.2,0,-0.2
Benoît Pouliot,2007,2018,LW,625,130,133,263,25,371,101,25,4,26,116,17,0,967,13.4,8517,13:38:00,19.6,11.3,30.9
Derrick Pouliot,2015,2024,D,226,8,46,54,-31,91,5,3,0,6,34,11,1,246,3.3,3815,16:53:00,1.8,6,7.8
Marc Pouliot,2006,2012,C,192,21,36,57,-9,76,20,1,0,3,32,4,0,285,7.4,2267,11:48:00,1.7,2.3,4
Jaroslav Pouzar,1983,1987,LW,186,34,48,82,40,137,30,4,0,4,43,5,0,221,15.4,NA,NA,1,1.8,2.7
Darroll Powe,2009,2014,C,329,28,28,56,-37,214,26,0,2,3,27,0,1,394,7.1,3922,11:55:00,-1.9,2.7,0.8
Ray Powell,1951,1951,C,31,7,15,22,NA,2,6,1,0,1,13,2,0,NA,NA,NA,NA,1.6,0.1,1.7
Owen Power,2022,2026,D,322,27,111,138,16,86,26,1,0,2,87,19,5,506,5.3,7214,22:24:00,7.5,14,21.4
Geoff Powis,1968,1968,C,2,0,0,0,0,0,0,0,0,0,0,0,0,1,0,NA,NA,-0.1,0,-0.1
Lynn Powis,1974,1975,C,130,19,33,52,-44,25,15,4,0,2,19,14,0,220,8.6,NA,NA,0.2,1.2,1.4
Petr Prajsler,1988,1992,D,46,3,10,13,-4,51,2,1,0,0,5,5,0,55,5.5,NA,NA,0.2,1.4,1.7
Babe Pratt,1936,1947,D,518,83,210,293,NA,491,69,12,2,10,170,38,2,NA,NA,NA,NA,23.1,41.6,64.7
Jack Pratt,1931,1932,C/D,37,2,0,2,NA,42,NA,NA,NA,0,NA,NA,NA,NA,NA,NA,NA,-1.5,0.9,-0.6
Kelly Pratt,1975,1975,RW,22,0,6,6,1,15,0,0,0,0,5,1,0,28,0,NA,NA,-0.5,0.2,-0.2
Nolan Pratt,1997,2008,D,592,9,56,65,2,537,9,0,0,3,53,1,2,322,2.8,9440,16:11:00,-3.1,21.9,18.8
Tracy Pratt,1968,1977,D,580,17,97,114,-94,1026,15,2,0,1,90,5,2,497,3.4,NA,NA,-0.4,28,27.6
Tom Preissing,2004,2010,D,326,31,101,132,46,78,16,15,0,4,50,50,1,453,6.8,5791,17:46:00,10.3,15.2,25.5
Dean Prentice,1953,1974,LW,1378,391,469,860,-82,487,292,91,8,47,380,83,6,2573,11.3,NA,NA,56.8,15.4,72.2
Eric Prentice,1944,1944,LW,5,0,0,0,NA,4,0,0,0,0,0,0,0,NA,NA,NA,NA,-0.3,0.1,-0.2
Wayne Presley,1985,1996,RW,684,155,147,302,-39,953,118,22,15,21,103,38,6,1188,13,NA,NA,9.2,7.7,16.9
Rich Preston,1980,1987,RW,580,127,164,291,-38,348,96,27,4,15,126,32,6,976,13,NA,NA,6.8,6.8,13.5
Yves Preston,1979,1981,LW,28,7,3,10,-1,4,6,1,0,2,2,1,0,20,35,NA,NA,0.1,0.3,0.4
Sergei Priakin,1989,1991,RW,46,3,8,11,-9,2,3,0,0,1,8,0,0,45,6.7,NA,NA,-0.7,0.2,-0.5
Jack Price,1952,1954,D,57,4,6,10,NA,24,4,0,0,0,5,1,0,NA,NA,NA,NA,0.4,1.2,1.6
Noel Price,1958,1976,D,500,14,114,128,-67,333,10,3,1,2,97,17,0,773,1.8,NA,NA,2.9,26.5,29.4
Pat Price,1976,1988,D,726,43,218,261,71,1456,37,6,0,3,169,46,3,765,5.6,NA,NA,7.1,39.7,46.8
Tom Price,1975,1979,D,29,0,2,2,-20,12,0,0,0,0,2,0,0,19,0,NA,NA,-0.4,0.5,0.1
Ken Priestlay,1987,1992,C,168,27,34,61,-5,63,21,5,1,1,22,12,0,220,12.3,NA,NA,0.1,1.8,1.9
Joe Primeau,1928,1936,C,310,66,177,243,NA,105,21,6,1,9,50,15,0,NA,NA,NA,NA,23.1,6.2,29.2
Keith Primeau,1991,2006,C,909,266,353,619,124,1541,188,64,14,40,264,74,15,1699,15.7,9132,19:23:00,45.1,18.3,63.4
Kevin Primeau,1981,1981,RW,2,0,0,0,0,4,0,0,0,0,0,0,0,0,NA,NA,NA,-0.1,0,-0.1
Wayne Primeau,1995,2010,C,774,69,125,194,-95,789,55,9,5,8,108,11,6,885,7.8,9554,13:10:00,-1.7,7.1,5.4
Shane Prince,2015,2018,C,128,12,26,38,-6,39,11,1,0,3,24,2,0,181,6.6,1534,11:59:00,1.4,1.2,2.6
Ellie Pringle,1931,1931,D,6,0,0,0,NA,0,NA,NA,NA,0,NA,NA,NA,NA,NA,NA,NA,-0.1,0.6,0.5
David Printz,2006,2007,D,13,0,0,0,-3,4,0,0,0,0,0,0,0,1,0,84,06:29:00,-0.1,0,-0.1
Nikita Prishchepov,2025,2025,C,10,0,0,0,0,0,0,0,0,0,0,0,0,4,0,64,06:22:00,-0.2,0.1,-0.1
Chase Priskie,2022,2022,D,4,0,0,0,2,2,0,0,0,0,0,0,0,4,0,56,14:00:00,-0.1,0.2,0.1
Bob Probert,1986,2002,LW,935,163,221,384,-31,3300,118,45,0,23,179,42,0,1108,14.7,2994,09:57:00,12.3,9,21.3
Martin Procházka,1998,2000,RW,32,2,5,7,-2,8,2,0,0,0,4,1,0,45,4.4,403,12:35:00,-0.3,0.4,0.1
Goldie Prodgers,1920,1925,F/D,111,63,33,96,NA,39,NA,NA,NA,5,NA,NA,NA,NA,NA,NA,NA,9.2,5.6,14.8
Nikolai Prokhorkin,2020,2020,LW,43,4,10,14,-6,6,4,0,0,1,7,3,0,63,6.3,520,12:06:00,0.4,0.5,0.8
Vitali Prokhorov,1993,1995,LW,83,19,11,30,-9,35,16,3,0,2,11,0,0,106,17.9,NA,NA,0.9,0.9,1.8
Mike Prokopec,1996,1997,RW,15,0,0,0,-5,11,0,0,0,0,0,0,0,7,0,NA,NA,-0.6,0,-0.6
Chris Pronger,1994,2012,D,1167,157,541,698,183,1590,72,83,2,27,234,291,16,2610,6,23078,26:03:00,55.7,83.7,139.4
Sean Pronger,1996,2004,C,260,23,36,59,-40,159,20,3,0,4,28,7,1,238,9.7,1597,10:52:00,-0.3,1.7,1.4
André Pronovost,1957,1968,LW,557,94,104,198,-78,405,86,8,0,11,96,8,0,658,9,NA,NA,2.2,8.2,10.4
Jean Pronovost,1969,1982,RW,998,391,383,774,49,413,289,85,17,57,258,112,13,2784,14,NA,NA,54.3,15.8,70.1
Marcel Pronovost,1951,1970,D,1206,88,257,345,39,847,74,9,5,12,217,31,9,800,4.1,NA,NA,21.4,80.1,101.5
Brian Propp,1980,1994,LW,1016,425,579,1004,298,825,283,120,22,59,349,202,28,3119,13.6,NA,NA,63.9,19.7,83.6
Václav Prospal,1997,2013,C,1108,255,510,765,-57,581,175,79,1,34,341,167,2,2417,10.6,18156,17:34:00,54.2,20.2,74.5
Nate Prosser,2010,2021,D,360,11,38,49,-7,231,10,0,1,4,31,5,2,192,5.7,4948,13:45:00,0.5,10.8,11.3
Aliaksei Protas,2022,2026,C,321,68,103,171,53,58,63,0,5,12,96,3,4,531,12.8,4767,14:51:00,10.3,7.5,17.8
Ilya Protas,2026,2026,LW,4,1,3,4,1,2,0,1,0,0,3,0,0,7,14.3,64,15:54:00,0.3,0.1,0.4
Christian Proulx,1994,1994,D,7,1,2,3,0,20,1,0,0,0,1,1,0,11,9.1,NA,NA,0.2,0.4,0.5
Dalton Prout,2012,2020,D,264,7,31,38,-13,321,7,0,0,0,30,1,0,241,2.9,4365,16:32:00,-0.4,7.9,7.5
Ivan Provorov,2017,2026,D,778,86,227,313,-14,279,73,12,1,11,170,50,7,1435,6,18577,23:53:00,17.2,37,54.2
Claude Provost,1956,1970,RW,1005,254,335,589,101,475,203,36,15,46,291,39,5,2176,8.7,NA,NA,34.4,18.3,52.8
Ethan Prow,2022,2022,D,4,1,0,1,-1,0,1,0,0,0,0,0,0,2,50,51,12:44:00,0.1,0,0.2
Joel Prpic,1998,2001,C,18,0,3,3,-6,4,0,0,0,0,3,0,0,13,0,129,07:09:00,-0.1,-0.1,-0.1
Petr Průcha,2006,2011,RW,346,78,68,146,-4,133,47,31,0,8,46,22,0,560,13.9,4605,13:19:00,9.7,5.5,15.2
Brandon Prust,2007,2016,LW,486,40,75,115,16,1036,33,0,7,12,69,2,4,408,9.8,5661,11:39:00,1.2,7.4,8.6
Chris Pryor,1985,1990,D,82,1,4,5,-22,122,1,0,0,0,3,0,1,38,2.6,NA,NA,-1.2,2.5,1.3
Metro Prystai,1948,1958,C,675,151,179,330,NA,229,112,38,1,28,151,26,2,NA,NA,NA,NA,21.2,10.5,31.7
Al Pudas,1927,1927,W,4,0,0,0,NA,0,NA,NA,NA,0,NA,NA,NA,NA,NA,NA,NA,-0.3,0.1,-0.2
Matt Puempel,2015,2019,LW,87,11,5,16,-10,30,7,4,0,2,5,0,0,94,11.7,868,09:59:00,0.6,0.4,1
Bob Pulford,1957,1972,LW,1079,281,362,643,-21,793,203,48,30,29,295,57,10,2607,8.9,NA,NA,38.8,14.2,53
Jesse Puljujärvi,2017,2025,RW,387,58,70,128,6,139,49,9,0,4,63,7,0,709,8.2,5106,13:12:00,4.4,5.7,10.1
Dave Pulkkinen,1973,1973,LW/D,2,0,0,0,-1,0,0,0,0,0,0,0,0,0,NA,NA,NA,0,0.1,0
Teemu Pulkkinen,2014,2017,RW,83,13,9,22,5,32,11,2,0,3,6,3,0,146,8.9,918,11:04:00,1.4,1.2,2.6
Ryan Pulock,2016,2026,D,636,56,185,241,66,123,39,17,0,10,149,32,4,1191,4.7,13454,21:09:00,13.4,35.6,49
Teddy Purcell,2008,2017,RW,571,101,206,307,-45,102,73,28,0,14,128,77,1,1083,9.3,8860,15:31:00,20.4,7.8,28.2
Dale Purinton,2000,2004,D,181,4,16,20,-3,578,4,0,0,0,16,0,0,106,3.8,2103,11:37:00,0.4,3.1,3.5
Fido Purpur,1935,1945,RW,144,25,35,60,NA,46,23,2,0,1,32,2,1,NA,NA,NA,NA,-1.3,2.5,1.2
John Purves,1991,1991,RW,7,1,0,1,-3,0,1,0,0,1,0,0,0,8,12.5,NA,NA,-0.1,0,-0.1
Konstantin Pushkarev,2006,2007,RW,17,2,3,5,-2,8,2,0,0,0,3,0,0,10,20,156,09:12:00,0.2,0.1,0.3
Jamie Pushor,1996,2006,D,521,14,46,60,-52,648,13,0,1,0,44,0,2,412,3.4,6487,17:12:00,-2.2,19.6,17.4
Jean Pusie,1931,1936,D,65,1,4,5,NA,28,1,0,0,1,2,2,0,NA,NA,NA,NA,-0.5,4,3.5
Valtteri Puustinen,2022,2025,RW,66,7,17,24,2,10,5,2,0,0,15,2,0,95,7.4,750,11:22:00,1,0.9,1.8
Nelson Pyatt,1974,1980,C,296,71,63,134,-137,69,63,8,0,5,50,13,0,490,14.5,NA,NA,4.5,1.2,5.8
Taylor Pyatt,2001,2014,LW,859,140,140,280,-14,430,113,25,2,25,124,16,0,1299,10.8,11818,13:45:00,11.7,13.1,24.8
Tom Pyatt,2010,2019,C,445,43,58,101,-41,71,41,1,1,6,53,0,5,522,8.2,5933,13:20:00,-1,4.7,3.7
Mika Pyörälä,2010,2010,C,36,2,2,4,-3,10,2,0,0,0,2,0,0,41,4.9,489,13:36:00,-0.8,0.5,-0.3
Mark Pysyk,2013,2022,D,521,28,76,104,-18,162,27,1,0,3,71,3,2,555,5,8887,17:03:00,2.9,19.1,22
Mikael Pyyhtia,2023,2026,LW,71,5,6,11,-19,8,4,0,1,0,5,1,0,62,8.1,871,12:16:00,-0.8,0.1,-0.7
Bill Quackenbush,1943,1956,D,775,62,223,285,NA,95,51,9,2,11,163,53,7,NA,NA,NA,NA,19.8,48.9,68.7
Max Quackenbush,1951,1952,D,61,4,7,11,NA,30,3,1,0,1,7,0,0,NA,NA,NA,NA,0.5,2.8,3.3
Joel Quenneville,1979,1991,D,803,54,136,190,-85,705,44,6,4,6,105,23,8,748,7.2,NA,NA,1.2,42.6,43.8
John Quenneville,2017,2020,C,42,2,3,5,-4,6,1,1,0,1,2,1,0,56,3.6,505,12:02:00,-0.6,0.5,-0.1
Leo Quenneville,1930,1930,LW/C,25,0,3,3,NA,10,NA,NA,NA,0,NA,NA,NA,NA,NA,NA,NA,-1.1,0.4,-0.7
Kevin Quick,2009,2009,D,6,0,1,1,0,0,0,0,0,0,0,1,0,7,0,80,13:23:00,0,0.2,0.2
Jacob Quillan,2025,2026,F,23,1,1,2,-6,2,1,0,0,0,1,0,0,14,7.1,229,09:57:00,-0.3,0.1,-0.3
John Quilty,1941,1948,C,125,36,34,70,NA,81,28,8,0,5,32,2,0,NA,NA,NA,NA,4.6,1.7,6.3
Kyle Quincey,2006,2018,D,586,36,122,158,8,548,29,7,0,6,75,42,5,893,4,11837,20:12:00,7,27.2,34.2
Alan Quine,2016,2020,C,106,10,18,28,-5,22,6,3,1,1,17,1,0,125,8,1257,11:52:00,0.6,1,1.6
Dan Quinn,1984,1997,C,805,266,419,685,-125,531,136,123,7,37,246,168,5,1775,15,NA,NA,40.2,6,46.2
Jack Quinn,2022,2026,RW,259,59,89,148,-21,59,49,10,0,11,64,24,1,497,11.9,3855,14:53:00,9.7,3,12.8
Pat Quinn,1969,1977,D,606,18,113,131,-6,952,16,0,2,3,106,1,6,545,3.3,NA,NA,0.4,33.8,34.2
Gage Quinney,2020,2020,F,3,0,1,1,-1,0,0,0,0,0,1,0,0,2,0,29,09:43:00,0,0,0
Ken Quinney,1987,1991,RW,59,7,13,20,-4,23,4,3,0,0,11,2,0,61,11.5,NA,NA,-0.2,0.8,0.6
Deron Quint,1996,2007,D,463,46,97,143,-108,166,30,16,0,3,47,50,0,885,5.2,7203,18:42:00,10.1,11.7,21.8
Stéphane Quintal,1989,2004,D,1037,63,180,243,-89,1320,51,8,4,10,136,34,10,1478,4.3,10404,20:12:00,7,43.6,50.5
Jean-François Quintin,1992,1993,LW,22,5,5,10,-2,4,5,0,0,0,3,2,0,24,20.8,NA,NA,0.3,0.3,0.6
Karel Rachůnek,2000,2008,D,371,22,118,140,49,227,9,12,1,4,67,49,2,532,4.1,7382,19:54:00,9.2,18.8,28
Jonathan Racine,2014,2014,D,1,0,0,0,-1,2,0,0,0,0,0,0,0,0,NA,16,15:35:00,0,-0.1,-0.1
Yves Racine,1990,1998,D,508,37,194,231,-39,439,19,17,1,3,101,90,3,860,4.3,1234,20:34:00,11.3,20.3,31.6
Darren Raddysh,2022,2026,D,248,35,108,143,25,111,22,13,0,8,79,29,0,443,7.9,4790,19:19:00,11.4,11.1,22.5
Taylor Raddysh,2022,2026,RW,372,52,67,119,-48,78,38,11,3,3,54,13,0,498,10.4,5150,13:51:00,2.3,5.1,7.4
Lukáš Radil,2019,2020,C,50,7,4,11,4,14,7,0,0,2,4,0,0,52,13.5,516,10:19:00,0.3,0.7,1
Branko Radivojevič,2002,2008,RW,393,52,68,120,-35,252,42,9,1,13,56,12,0,526,9.9,5313,13:31:00,3.2,4.6,7.8
Yip Radley,1931,1937,D,18,0,1,1,NA,13,0,0,0,0,1,0,0,NA,NA,NA,NA,-0.2,1.4,1.1
Alexander Radulov,2007,2022,RW,524,144,224,368,62,344,106,38,0,24,158,66,0,1122,12.8,8873,16:56:00,28.4,13.5,41.8
Igor Radulov,2003,2004,LW,43,9,7,16,-5,22,6,3,0,0,6,1,0,61,14.8,546,12:43:00,1.2,0.4,1.7
Nate Raduns,2009,2009,RW,1,0,0,0,0,0,0,0,0,0,0,0,0,0,NA,6,06:02:00,0,0,0
Brian Rafalski,2000,2011,D,833,79,436,515,178,282,39,39,1,16,239,195,2,1533,5.2,19078,22:54:00,40.7,58.2,98.9
Brogan Rafferty,2019,2021,D,3,0,1,1,-2,0,0,0,0,0,1,0,0,4,0,41,13:33:00,0.1,-0.1,0
Michael Raffl,2014,2022,LW,590,89,90,179,-7,235,81,4,4,23,86,2,2,801,11.1,7874,13:21:00,6.3,8.8,15.1
Herb Raglan,1986,1994,RW,343,33,56,89,-30,775,33,0,0,4,55,1,0,396,8.3,NA,NA,-4,4,0
Rags Raglan,1951,1953,D,100,4,9,13,NA,52,4,0,0,0,7,2,0,NA,NA,NA,NA,0,5.4,5.4
Marcus Ragnarsson,1996,2004,D,632,37,140,177,-8,482,22,15,0,7,89,44,7,692,5.3,10909,22:10:00,7.5,29.8,37.3
Rickard Rakell,2013,2026,RW,862,260,307,567,-41,180,195,64,1,34,220,83,4,2191,11.9,15035,17:27:00,43,16.4,59.4
Rhett Rakhshani,2011,2012,RW,7,0,0,0,-1,2,0,0,0,0,0,0,0,5,0,84,12:01:00,-0.2,0.1,-0.2
Don Raleigh,1944,1956,C,535,101,219,320,NA,96,81,20,0,13,177,40,2,NA,NA,NA,NA,20.9,6,26.9
Greg Rallo,2012,2013,C,11,1,0,1,-5,2,0,1,0,0,0,0,0,11,9.1,99,09:00:00,0,-0.1,-0.1
Brad Ralph,2001,2001,LW,1,0,0,0,0,0,0,0,0,0,0,0,0,0,NA,5,05:16:00,0,0,0
John Ramage,2015,2016,D,2,0,0,0,-3,0,0,0,0,0,0,0,0,4,0,32,16:10:00,0,-0.2,-0.2
Rob Ramage,1980,1994,D,1044,139,425,564,-178,2226,62,76,1,20,210,208,7,2883,4.8,NA,NA,29.4,45.6,75.1
Tim Ramholt,2008,2008,D,1,0,0,0,-1,0,0,0,0,0,0,0,0,0,NA,1,00:45:00,0,-0.1,-0.1
Beattie Ramsay,1928,1928,D,43,0,2,2,NA,10,NA,NA,NA,0,NA,NA,NA,NA,NA,NA,NA,-1.1,3.7,2.6
Craig Ramsay,1972,1985,LW,1070,252,420,672,324,201,208,17,27,32,352,48,20,1617,15.6,NA,NA,28.6,23.9,52.4
Les Ramsay,1945,1945,LW,11,2,2,4,NA,2,2,0,0,0,2,0,0,NA,NA,NA,NA,-0.1,0.2,0.1
Mike Ramsey,1980,1997,D,1070,79,266,345,203,1012,65,12,2,15,205,52,9,1429,5.5,NA,NA,9.2,68.2,77.4
Wayne Ramsey,1978,1978,D,2,0,0,0,0,0,0,0,0,0,0,0,0,0,NA,NA,NA,0,0.1,0.1
Ken Randall,1918,1927,RW/D,219,70,51,121,NA,581,NA,NA,NA,15,NA,NA,NA,NA,NA,NA,NA,9.7,20.4,30.1
Tyler Randell,2016,2016,RW,27,6,0,6,-2,47,6,0,0,1,0,0,0,18,33.3,189,06:59:00,0.8,0.1,0.9
Brendan Ranford,2015,2015,LW,1,0,0,0,0,0,0,0,0,0,0,0,0,0,NA,9,09:19:00,0,0,0
Paul Ranger,2006,2014,D,323,24,82,106,-11,254,22,0,2,3,62,16,4,407,5.9,6695,20:44:00,6,13.4,19.4
Paul Ranheim,1989,2003,LW,1013,161,199,360,-2,288,132,8,21,20,173,12,14,1584,10.2,4997,10:56:00,9.5,11.6,21.1
George Ranieri,1957,1957,LW,2,0,0,0,NA,0,0,0,0,0,0,0,0,NA,NA,NA,NA,-0.1,0,-0.1
Sampo Ranta,2022,2023,LW,16,0,0,0,-4,6,0,0,0,0,0,0,0,14,0,153,09:34:00,-0.4,0,-0.4
Mikko Rantanen,2016,2026,RW,715,316,466,782,93,501,207,109,0,48,287,179,0,1978,16,14589,20:24:00,68.2,19.3,87.5
Joonas Rask,2013,2013,C,2,0,1,1,-1,0,0,0,0,0,1,0,0,0,NA,16,08:01:00,0.1,0,0
Victor Rask,2015,2022,C,506,89,134,223,-22,86,73,16,0,17,90,43,1,848,10.5,7573,14:58:00,12.3,8.7,20.9
Adam Raška,2022,2024,RW,13,0,0,0,1,7,0,0,0,0,0,0,0,3,0,110,08:28:00,-0.3,0.2,-0.1
Dennis Rasmussen,2016,2018,C,139,9,12,21,9,24,9,0,0,1,12,0,0,138,6.5,1448,10:25:00,-0.8,1.8,1.1
Erik Rasmussen,1998,2007,LW/C,545,52,76,128,5,305,50,2,0,8,72,4,0,596,8.7,6281,11:31:00,1.2,8,9.2
Michael Rasmussen,2019,2026,C,454,66,88,154,-50,243,58,6,2,7,78,7,3,617,10.7,6329,13:56:00,4,5.9,9.9
Peter Ratchuk,1999,2001,D,32,1,1,2,-2,10,1,0,0,0,1,0,0,45,2.2,439,13:43:00,-0.1,0.7,0.6
Isaac Ratcliffe,2022,2022,LW,10,1,3,4,-1,10,1,0,0,0,1,2,0,14,7.1,107,10:45:00,0.2,0.1,0.3
Jean Ratelle,1961,1981,C,1280,491,776,1267,236,276,350,137,4,68,560,213,3,2916,16.8,NA,NA,94.8,24,118.9
Jack Rathbone,2021,2023,D,28,2,3,5,-5,4,2,0,0,0,2,1,0,39,5.1,405,14:28:00,0.2,0.5,0.7
Mike Rathje,1994,2007,D,768,30,150,180,26,491,16,12,2,3,103,41,6,755,4,13424,21:37:00,4,38.5,42.5
Jake Rathwell,1975,1975,RW,1,0,0,0,0,0,0,0,0,0,0,0,0,0,NA,NA,NA,0,0,0
Ty Rattie,2014,2019,RW,99,13,17,30,-4,12,13,0,0,2,16,1,0,154,8.4,1123,11:21:00,1.4,1.1,2.5
Dan Ratushny,1993,1993,D,1,0,1,1,0,2,0,0,0,0,1,0,0,2,0,NA,NA,0.1,0,0.1
Aatu Räty,2023,2026,C,113,13,15,28,-6,40,13,0,0,1,14,1,0,113,11.5,1257,11:07:00,0.5,1.5,2
Aku Raty,2024,2024,RW,1,0,1,1,0,0,0,0,0,0,1,0,0,0,NA,12,11:45:00,0.1,0,0.1
Chad Rau,2012,2012,C,9,2,0,2,-1,0,2,0,0,2,0,0,0,7,28.6,98,10:53:00,0.2,0.1,0.3
Kyle Rau,2016,2022,C,61,2,5,7,-8,15,2,0,0,0,5,0,0,64,3.1,597,09:47:00,-0.7,0.3,-0.4
Errol Rausse,1980,1982,LW,31,7,3,10,3,0,7,0,0,0,3,0,0,27,25.9,NA,NA,0,0.5,0.6
Pekka Rautakallio,1980,1982,D,235,33,121,154,13,122,23,10,0,5,79,42,0,409,8.1,NA,NA,8.4,12.7,21
Matt Ravlich,1963,1973,D,411,12,78,90,17,364,12,0,0,2,63,10,5,333,3.6,NA,NA,1.4,23.2,24.6
Rob Ray,1990,2004,RW,900,41,50,91,-38,3207,39,2,0,4,49,1,0,370,11.1,2004,05:05:00,-14.4,8.1,-6.4
Armand Raymond,1938,1940,D,22,0,3,3,NA,14,0,0,0,0,2,1,0,NA,NA,NA,NA,-0.3,0.9,0.6
Lucas Raymond,2022,2026,LW/RW,399,123,207,330,-73,110,91,31,1,20,121,86,0,842,14.6,7259,18:12:00,24.2,6.4,30.6
Mason Raymond,2008,2017,LW,546,115,136,251,-2,156,86,26,3,17,102,33,1,1200,9.6,8373,15:20:00,16.6,8.4,25
Paul Raymond,1933,1939,RW,76,2,3,5,NA,2,2,0,0,1,1,0,0,NA,NA,NA,NA,-3.1,1.2,-1.9
Matt Read,2012,2019,RW,449,88,100,188,0,83,70,11,7,17,79,19,2,768,11.5,7342,16:21:00,10.2,8,18.2
Mel Read,1947,1947,C,6,0,0,0,NA,8,0,0,0,0,0,0,0,NA,NA,NA,NA,-0.3,0.1,-0.2
Ryan Ready,2006,2006,LW,7,0,1,1,0,0,0,0,0,0,1,0,0,9,0,57,08:08:00,-0.1,0.1,0
Ken Reardon,1941,1950,D,353,26,96,122,NA,604,22,4,0,6,69,24,3,NA,NA,NA,NA,7.8,26,33.8
Terry Reardon,1939,1947,C/RW,194,47,53,100,NA,83,38,9,0,4,47,5,1,NA,NA,NA,NA,3.9,3.5,7.4
Marty Reasoner,1999,2013,C,798,97,169,266,-34,379,78,15,4,10,125,30,14,1088,8.9,11212,14:03:00,6.4,11.3,17.7
Marc Reaume,1955,1971,D,344,8,43,51,-16,271,7,1,0,1,30,12,1,53,0,NA,NA,-0.4,18.6,18.2
Ryan Reaves,2011,2026,RW,962,66,74,140,-61,1137,63,3,0,9,74,0,0,622,10.6,8388,08:43:00,-1.9,7.3,5.4
Billy Reay,1944,1953,C,479,105,162,267,NA,202,86,18,1,19,137,22,3,NA,NA,NA,NA,15.5,9.2,24.7
Mark Recchi,1989,2011,RW,1652,577,956,1533,0,1033,359,200,18,91,573,369,14,3820,15.1,19576,19:07:00,120,27.5,147.5
Joel Rechlicz,2009,2012,RW,26,0,1,1,-3,105,0,0,0,0,1,0,0,8,0,105,04:02:00,-0.2,0,-0.2
Gord Redahl,1959,1959,RW,18,0,1,1,NA,0,0,0,0,0,1,0,0,NA,NA,NA,NA,-0.7,0.2,-0.5
Wade Redden,1997,2013,D,1023,109,348,457,160,665,55,53,1,21,194,147,7,1805,6,21429,22:46:00,34.4,60.6,95
George Redding,1925,1926,LW/D,33,3,2,5,NA,10,NA,NA,NA,0,NA,NA,NA,NA,NA,11,NA,-0.1,0.5,0.3
Liam Reddox,2008,2011,LW,100,6,18,24,-17,34,5,1,0,0,17,0,1,136,4.4,1260,12:36:00,-0.5,0.6,0.2
Craig Redmond,1985,1989,D,191,16,68,84,-59,134,9,7,0,0,37,27,4,278,5.8,NA,NA,3.2,5.6,8.8
Dick Redmond,1970,1982,D,771,133,312,445,-6,504,76,55,2,16,172,135,5,2102,6.3,NA,NA,27.9,38,66
Keith Redmond,1994,1994,LW,12,1,0,1,-3,20,1,0,0,0,0,0,0,9,11.1,NA,NA,-0.3,0,-0.3
Mickey Redmond,1968,1976,RW,538,233,195,428,-11,219,170,63,0,29,129,66,0,1779,13.1,NA,NA,34.6,7.4,42
Zach Redmond,2013,2018,D,133,9,29,38,12,50,6,2,1,1,23,6,0,157,5.7,1998,15:01:00,2.8,5.4,8.1
Mark Reeds,1982,1989,RW,365,45,114,159,-5,135,39,4,2,7,107,5,2,471,9.6,NA,NA,0.1,5,5.2
Scott Reedy,2022,2022,C,35,7,2,9,-8,10,4,3,0,2,2,0,0,33,21.2,392,11:11:00,0.4,0.3,0.8
Joe Reekie,1986,2002,D,902,25,139,164,150,1326,24,1,0,5,126,4,9,829,3,6223,18:55:00,-1.8,55.7,53.9
Dylan Reese,2010,2015,D,78,3,14,17,-9,40,3,0,0,1,14,0,0,69,4.3,1230,15:46:00,0.8,2,2.7
Bill Regan,1930,1933,D,66,3,2,5,NA,69,NA,NA,NA,0,NA,NA,NA,NA,NA,NA,NA,-0.3,5.4,5
Larry Regan,1957,1961,RW,280,41,95,136,-1,71,33,5,3,6,74,18,3,104,6.7,NA,NA,4.4,4.5,9
Richie Regehr,2006,2007,D,20,1,3,4,-1,6,0,1,0,0,2,1,0,16,6.3,211,10:34:00,0.3,0.5,0.7
Robyn Regehr,2000,2015,D,1089,36,163,199,30,972,24,11,1,4,121,33,9,1112,3.2,22737,20:53:00,-1,53.3,52.3
Pavol Regenda,2023,2026,F,42,10,3,13,-7,16,6,4,0,2,3,0,0,66,15.2,517,12:18:00,0.8,0.3,1.2
Darcy Regier,1978,1984,D,26,0,2,2,-3,35,0,0,0,0,2,0,0,17,0,NA,NA,-0.4,1.1,0.8
Steve Regier,2006,2009,LW,26,3,1,4,-3,8,1,2,0,0,1,0,0,22,13.6,211,08:07:00,0.1,0.1,0.3
Peter Regin,2009,2015,C,243,23,44,67,1,64,22,1,0,3,35,7,2,353,6.5,3002,12:21:00,1.4,3.6,4.9
Brent Regner,2016,2016,D,7,0,0,0,-2,4,0,0,0,0,0,0,0,7,0,81,11:35:00,-0.1,0,-0.1
Alec Regula,2021,2026,D,51,1,3,4,-21,51,1,0,0,0,3,0,0,39,2.6,791,15:31:00,-0.5,0.3,-0.2
Dutch Reibel,1954,1959,C,409,84,161,245,NA,73,63,20,1,19,98,62,1,NA,NA,NA,NA,17.3,7.2,24.5
Jeremy Reich,2004,2008,LW,99,2,4,6,-18,161,2,0,0,1,3,0,1,69,2.9,811,08:12:00,-1.5,0.2,-1.3
Kristian Reichel,2022,2023,F,15,1,2,3,-2,7,1,0,0,0,2,0,0,19,5.3,156,10:25:00,-0.1,0.1,0.1
Lukas Reichel,2022,2026,LW,198,23,39,62,-63,36,21,2,0,2,34,5,0,237,9.7,2634,13:18:00,1,1.5,2.5
Robert Reichel,1991,2004,C,830,252,378,630,58,388,181,68,3,34,221,155,2,1973,12.8,6506,16:33:00,47.8,12.8,60.6
Craig Reichert,1997,1997,RW,3,0,0,0,-2,0,0,0,0,0,0,0,0,3,0,NA,NA,-0.1,0,-0.2
Brandon Reid,2003,2007,C,13,2,4,6,4,0,2,0,0,0,4,0,0,25,8,132,10:08:00,0.5,0.3,0.8
Darren Reid,2006,2007,RW,21,0,1,1,-9,18,0,0,0,0,1,0,0,11,0,154,07:21:00,-0.4,-0.2,-0.5
Dave Reid,1953,1956,C,7,0,0,0,NA,0,0,0,0,0,0,0,0,NA,NA,NA,NA,-0.3,0.1,-0.2
Dave Reid,1984,2001,LW,961,165,204,369,54,253,120,17,28,22,169,18,17,1420,11.6,3544,12:50:00,8.8,14.3,23
Gord Reid,1937,1937,D,1,0,0,0,NA,2,0,0,0,0,0,0,0,NA,NA,NA,NA,0,0,0
Reg Reid,1925,1926,LW,39,1,0,1,NA,4,NA,NA,NA,1,NA,NA,NA,NA,NA,NA,NA,-2.7,0.7,-2
Tom Reid,1968,1978,D,701,17,113,130,-123,654,16,1,0,5,93,14,6,814,2.1,NA,NA,-1.5,33.1,31.5
Dave Reierson,1989,1989,D,2,0,0,0,1,2,0,0,0,0,0,0,0,1,0,NA,NA,0,0.2,0.1
Ed Reigle,1951,1951,D,17,0,2,2,NA,25,0,0,0,0,2,0,0,NA,NA,NA,NA,-0.1,0.9,0.8
Mike Reilly,2016,2026,D,460,19,114,133,-3,190,14,2,3,3,85,28,1,762,2.5,7774,16:54:00,5.9,16,21.8
David Reinbacher,2026,2026,D,2,0,1,1,0,0,0,0,0,0,1,0,0,3,0,26,13:09:00,0.1,0.1,0.1
Cole Reinhardt,2022,2026,LW,76,9,6,15,-8,36,9,0,0,2,6,0,0,60,15,760,10:00:00,0.3,0.7,1
Griffin Reinhart,2015,2016,D,37,0,2,2,-5,26,0,0,0,0,2,0,0,28,0,638,17:14:00,-0.6,1,0.4
Max Reinhart,2013,2015,C,23,1,4,5,-5,6,1,0,0,0,3,1,0,36,2.8,277,12:01:00,-0.1,0.1,0
Paul Reinhart,1980,1990,D,648,133,426,559,26,277,65,65,3,14,210,213,3,1257,10.6,NA,NA,36.7,32.9,69.7
Sam Reinhart,2015,2026,C,839,323,357,680,-67,183,181,129,13,51,241,109,7,2012,16.1,15873,18:55:00,57.4,16.5,73.8
Ollie Reinikka,1927,1927,C/RW,16,0,0,0,NA,0,NA,NA,NA,0,NA,NA,NA,NA,NA,NA,NA,-1.1,0.5,-0.6
Mitch Reinke,2018,2018,D,1,0,0,0,0,0,0,0,0,0,0,0,0,1,0,13,13:05:00,0,0,0
Steve Reinprecht,2000,2011,C,663,140,242,382,21,186,100,35,5,17,163,72,7,981,14.3,10443,15:45:00,25.3,12.9,38.2
Todd Reirden,1999,2004,D,183,11,35,46,-14,181,9,2,0,1,25,9,1,255,4.3,3239,17:42:00,2.6,5.6,8.1
Leo Reise,1921,1930,D,223,39,35,74,NA,204,NA,NA,NA,5,NA,NA,NA,NA,NA,NA,NA,7.6,13.9,21.6
Leo Reise,1946,1954,D,494,28,81,109,NA,397,24,3,1,3,70,10,1,NA,NA,NA,NA,5.4,31.9,37.3
Erik Reitz,2006,2009,D,48,1,1,2,-7,69,1,0,0,0,1,0,0,22,4.5,495,10:19:00,-0.3,0.9,0.6
Sheldon Rempal,2019,2024,RW,21,2,1,3,-6,4,1,1,0,0,1,0,0,24,8.3,193,09:11:00,-0.1,0,0
Matt Rempe,2024,2026,C,85,5,6,11,4,149,5,0,0,1,6,0,0,57,8.8,677,07:58:00,-0.3,1,0.6
Mark Renaud,1980,1984,D,152,6,50,56,-59,86,5,1,0,0,42,7,1,178,3.4,NA,NA,1.3,4.9,6.2
Mikael Renberg,1994,2004,RW,661,190,274,464,54,372,132,55,3,21,207,67,0,1591,11.9,5955,14:47:00,37.3,10.8,48.1
Borna Rendulic,2015,2017,RW,15,1,1,2,-1,6,1,0,0,0,1,0,0,8,12.5,131,08:43:00,0,0.1,0.1
Dan Renouf,2017,2023,D,24,0,3,3,-6,23,0,0,0,0,3,0,0,21,0,264,11:00:00,0,0.1,0.1
Michal Řepík,2009,2012,RW,72,9,11,20,-7,36,8,1,0,0,8,3,0,119,7.6,773,10:44:00,0.9,0.7,1.6
Tarmo Reunanen,2021,2021,D,4,0,1,1,1,0,0,0,0,0,1,0,0,5,0,53,13:17:00,0,0.2,0.2
Bobby Reynolds,1990,1990,LW,7,1,1,2,-3,0,1,0,0,0,1,0,0,13,7.7,NA,NA,0,0,-0.1
Jon Rheault,2013,2013,RW,5,0,0,0,0,0,0,0,0,0,0,0,0,5,0,53,10:34:00,-0.1,0.1,-0.1
Pascal Rhéaume,1997,2006,C,318,39,52,91,-10,144,25,11,3,4,46,5,1,378,10.3,3762,11:54:00,3,3.6,6.6
Pat Ribble,1976,1983,D,349,19,60,79,-14,365,15,4,0,2,55,4,1,416,4.6,NA,NA,0.2,16.7,17
Mike Ribeiro,2000,2017,C,1074,228,565,793,5,577,153,73,2,32,357,206,2,1581,14.4,18813,17:31:00,57.6,21.5,79
Mike Ricci,1991,2007,C,1099,243,362,605,-20,974,125,105,13,41,240,109,13,1552,15.7,8775,15:49:00,33.4,15.4,48.8
Steven Rice,1991,1998,RW,329,64,61,125,-43,275,48,16,0,6,46,15,0,535,12,406,08:38:00,4.3,3.1,7.4
Anthony Richard,2019,2026,C,40,6,8,14,-3,8,6,0,0,1,7,1,0,40,15,429,10:44:00,0.7,0.4,1.1
Henri Richard,1956,1975,C,1258,358,688,1046,243,932,311,47,0,53,572,115,1,3199,8.5,NA,NA,75.5,23.3,98.7
Jacques Richard,1973,1983,LW,556,160,187,347,-77,307,122,35,3,18,121,66,0,1306,12.3,NA,NA,15.3,5.5,20.8
Jean-Marc Richard,1988,1990,D,5,2,1,3,-4,2,1,1,0,0,0,1,0,5,40,NA,NA,0.3,0,0.3
Maurice Richard,1943,1960,RW,978,544,422,966,18,1287,397,143,4,84,309,111,2,166,11.4,NA,NA,105.3,20,125.3
Mike Richard,1988,1990,C,7,0,2,2,-1,2,0,0,0,0,2,0,0,10,0,NA,NA,-0.1,0.1,0
Tanner Richard,2017,2017,C,3,0,0,0,-2,2,0,0,0,0,0,0,0,1,0,38,12:42:00,-0.1,0,-0.1
Brad Richards,2001,2016,C,1126,298,634,932,-66,251,195,95,8,41,346,282,6,3451,8.6,22386,19:53:00,69.1,23.6,92.8
Justin Richards,2021,2023,F,3,0,2,2,0,0,0,0,0,0,2,0,0,2,0,32,10:35:00,0.1,0,0.2
Mike Richards,2006,2016,C,749,181,306,487,16,585,103,50,28,30,174,122,10,1688,10.7,13515,18:03:00,34.6,15.6,50.2
Todd Richards,1991,1992,D,8,0,4,4,-6,4,0,0,0,0,0,4,0,7,0,NA,NA,0.1,0.1,0.2
Travis Richards,1995,1996,D,3,0,0,0,-1,2,0,0,0,0,0,0,0,1,0,NA,NA,-0.1,0.1,0
Brad Richardson,2006,2022,C,869,111,143,254,-31,443,94,2,15,22,135,1,7,1276,8.7,11714,13:29:00,6,13.2,19.3
Dave Richardson,1964,1968,LW,45,3,2,5,-5,25,3,0,0,1,2,0,0,25,12,NA,NA,-1.3,0.4,-0.9
Glen Richardson,1976,1976,LW,24,3,6,9,-1,19,3,0,0,0,5,1,0,27,11.1,NA,NA,-0.1,0.3,0.2
Ken Richardson,1975,1979,C,49,8,13,21,3,16,7,1,0,1,12,1,0,46,17.4,NA,NA,0.3,0.8,1.1
Luke Richardson,1988,2009,D,1417,35,166,201,-119,2055,28,3,4,3,140,13,13,1160,3,12417,17:40:00,-6.9,52.5,45.5
Bob Richer,1973,1973,C,3,0,0,0,0,0,0,0,0,0,0,0,0,0,NA,NA,NA,-0.1,0,-0.1
Stéphane Richer,1985,2002,RW,1054,421,398,819,76,614,315,93,13,72,281,111,6,2849,14.8,2786,14:49:00,61.2,16.4,77.6
Stéphane Richer,1993,1995,D,27,1,5,6,-10,20,1,0,0,1,4,1,0,27,3.7,NA,NA,0,0.9,0.9
Danny Richmond,2006,2008,D,49,0,3,3,-12,75,0,0,0,0,3,0,0,28,0,563,11:29:00,-0.3,0.2,-0.1
Steve Richmond,1984,1989,D,159,4,23,27,-37,514,4,0,0,0,21,0,2,88,4.5,NA,NA,-1,5.5,4.5
Barry Richter,1996,2001,D,151,11,34,45,-15,76,10,1,0,2,19,15,0,206,5.3,1825,18:49:00,2.7,5.4,8.1
Dave Richter,1982,1990,D,365,9,40,49,-38,1030,9,0,0,0,38,0,2,156,5.8,NA,NA,-3.2,16.9,13.7
Mike Ridley,1986,1997,C,866,292,466,758,36,424,186,87,19,46,318,136,12,1513,19.3,NA,NA,48,12.6,60.6
Tobias Rieder,2015,2021,C,478,64,81,145,-89,52,53,6,5,3,63,15,3,879,7.3,7159,14:59:00,2.7,5.2,8
Morgan Rielly,2014,2026,D,950,98,451,549,-41,279,81,16,1,17,283,163,5,1997,4.9,20947,22:03:00,40.5,34.8,75.3
Michel Riesen,2001,2001,RW,12,0,1,1,2,4,0,0,0,0,1,0,0,16,0,119,09:54:00,-0.2,0.2,0
Marshall Rifai,2024,2026,D,3,0,0,0,1,0,0,0,0,0,0,0,0,2,0,33,11:00:00,0,0.1,0.1
Juuso Riikola,2019,2022,D,80,3,10,13,8,18,1,2,0,1,8,2,0,89,3.4,1207,15:05:00,0.1,2.9,3
Bill Riley,1975,1980,RW,139,31,30,61,-18,320,19,12,0,3,23,7,0,147,21.1,NA,NA,2,1.8,3.8
Jack Riley,1933,1936,C,104,10,22,32,NA,8,9,1,0,1,20,1,1,NA,NA,NA,NA,0.1,1.7,1.8
Jim Riley,1927,1927,LW,9,0,2,2,NA,10,NA,NA,NA,0,NA,NA,NA,NA,NA,NA,NA,-0.2,0.1,-0.1
Zac Rinaldo,2012,2021,C,374,18,24,42,-43,758,18,0,0,4,24,0,0,293,6.1,3169,08:28:00,-2.4,1.7,-0.7
Sam Rinzel,2025,2026,D,62,3,15,18,-8,44,3,0,0,1,11,4,0,104,2.9,1178,19:00:00,0.6,2.7,3.3
Rip Riopelle,1948,1950,LW,169,27,16,43,NA,71,21,6,0,4,14,2,0,NA,NA,NA,NA,-0.7,3.2,2.6
Gerry Rioux,1980,1980,RW,8,0,0,0,-2,6,0,0,0,0,0,0,0,4,0,NA,NA,-0.3,0.1,-0.2
Pierre Rioux,1983,1983,RW,14,1,2,3,-3,4,1,0,0,0,2,0,0,9,11.1,NA,NA,-0.3,0.1,-0.2
Vic Ripley,1929,1935,LW,280,51,49,100,NA,170,8,0,0,11,20,0,0,NA,NA,NA,NA,6.8,5.2,11.9
Doug Risebrough,1975,1987,C,740,185,286,471,213,1542,167,11,7,28,258,25,3,1300,14.2,NA,NA,19.7,12.9,32.6
Rasmus Rissanen,2015,2015,D,6,0,0,0,-5,4,0,0,0,0,0,0,0,3,0,90,14:59:00,-0.1,-0.2,-0.3
Gary Rissling,1979,1985,LW,221,23,30,53,-47,1006,21,2,0,2,26,4,0,166,13.9,NA,NA,-2.7,3,0.4
Patrick Rissmiller,2004,2011,LW,192,18,28,46,-9,60,16,2,0,3,25,2,1,263,6.8,2320,12:05:00,-0.1,2.9,2.8
Rasmus Ristolainen,2014,2026,D,820,57,261,318,-169,399,41,15,1,8,149,106,6,1513,3.8,18518,22:35:00,16.6,32.3,48.9
Jani Rita,2002,2006,LW,66,9,5,14,-4,10,9,0,0,0,5,0,0,68,13.2,575,08:42:00,0.6,0.5,1.1
Bob Ritchie,1977,1978,LW,29,8,4,12,-14,10,6,2,0,0,4,0,0,52,15.4,NA,NA,0.5,0.1,0.6
Brett Ritchie,2015,2023,RW,391,50,35,85,-13,255,46,4,0,6,30,5,0,627,8,4357,11:09:00,2,4.4,6.4
Byron Ritchie,1999,2008,C,324,25,33,58,-35,373,22,2,1,2,26,5,2,320,7.8,3552,10:58:00,-1.2,2.8,1.6
Calum Ritchie,2025,2026,C,72,14,17,31,-21,22,9,5,0,4,11,6,0,90,15.6,965,13:24:00,1.8,0.5,2.3
Dave Ritchie,1918,1926,D,57,15,6,21,NA,50,NA,NA,NA,2,NA,NA,NA,NA,NA,NA,NA,0.3,3.6,4
Nick Ritchie,2016,2023,LW,481,84,102,186,-29,483,68,16,0,13,78,24,0,834,10.1,6557,13:38:00,9.3,6.7,16.1
Mattias Ritola,2008,2012,RW,43,4,5,9,-7,17,4,0,0,2,5,0,0,67,6,436,10:09:00,0.2,0.2,0.4
Alex Ritson,1945,1945,C,1,0,0,0,NA,0,0,0,0,0,0,0,0,NA,NA,NA,NA,-0.1,0,0
Alan Rittinger,1944,1944,W,19,3,7,10,NA,0,3,0,0,0,7,0,0,NA,NA,NA,NA,-0.1,0.2,0
Bob Rivard,1968,1968,C/LW,27,5,12,17,0,4,4,1,0,1,9,2,1,62,8.1,NA,NA,0.9,0.5,1.3
Gus Rivers,1930,1932,RW,88,4,5,9,NA,10,NA,NA,NA,2,NA,NA,NA,NA,NA,NA,NA,-3.1,1.9,-1.2
Jamie Rivers,1996,2007,D,454,17,49,66,4,385,11,6,0,2,32,16,1,418,4.1,5822,13:21:00,1.4,14.2,15.7
Shawn Rivers,1993,1993,D,4,0,2,2,-2,2,0,0,0,0,2,0,0,3,0,NA,NA,0.1,0.1,0.2
Wayne Rivers,1962,1969,RW,108,15,30,45,-15,94,14,1,0,1,25,5,0,184,8.2,NA,NA,0.9,1.1,2
Craig Rivet,1995,2011,D,923,50,187,237,-4,1171,35,15,0,5,120,62,5,989,5.1,16514,19:07:00,10.1,42.1,52.2
Garth Rizzuto,1971,1971,C,37,3,4,7,-16,16,2,1,0,0,3,0,1,33,9.1,NA,NA,-0.7,0,-0.7
Andy Roach,2006,2006,D,5,1,2,3,0,10,0,1,0,0,0,2,0,2,50,72,14:20:00,0.3,0.2,0.5
Mickey Roach,1920,1927,C,211,77,37,114,NA,54,NA,NA,NA,9,NA,NA,NA,NA,NA,NA,NA,7.3,4.6,12
Colby Robak,2012,2015,D,47,0,4,4,-2,25,0,0,0,0,3,0,1,39,0,745,15:51:00,-0.5,1.5,1
Mario Roberge,1991,1995,LW,112,7,7,14,-1,314,7,0,0,3,7,0,0,37,18.9,NA,NA,-2.7,1.3,-1.3
Serge Roberge,1991,1991,RW,9,0,0,0,0,24,0,0,0,0,0,0,0,0,NA,NA,NA,-0.3,0.1,-0.2
Claude Robert,1951,1951,LW,23,1,0,1,NA,9,1,0,0,0,0,0,0,NA,NA,NA,NA,-0.8,0.3,-0.5
René Robert,1971,1982,RW,744,284,418,702,-5,597,211,73,0,36,231,186,1,2310,12.3,NA,NA,49.4,10.2,59.6
Phil Roberto,1970,1977,RW,385,75,106,181,-47,464,63,12,0,9,87,18,1,919,8.2,NA,NA,5.1,4.6,9.7
David Roberts,1994,1998,LW,125,20,33,53,5,85,14,5,1,4,26,6,1,177,11.3,108,08:17:00,1.9,1.5,3.4
Doug Roberts,1966,1975,RW,419,43,104,147,-125,342,33,10,0,6,83,20,1,657,6.5,NA,NA,2.3,6.9,9.2
Gary Roberts,1987,2009,LW,1224,438,472,910,229,2560,316,109,13,52,362,106,4,2374,18.4,10933,17:07:00,68.7,23.2,91.9
Gordie Roberts,1980,1994,D,1097,61,359,420,56,1582,50,10,1,5,277,71,11,1108,5.5,NA,NA,12.3,56.6,68.9
Jim Roberts,1964,1978,D/RW,1006,126,194,320,136,623,99,10,17,16,154,27,13,1375,9.2,NA,NA,11,46.9,57.9
Jim Roberts,1977,1979,LW,106,17,23,40,-30,33,16,1,0,0,18,5,0,157,10.8,NA,NA,0.3,1,1.2
Fred Robertson,1932,1934,D,28,1,0,1,NA,35,0,1,0,0,0,0,0,NA,NA,NA,NA,-0.3,2.3,2
Geordie Robertson,1983,1983,RW,5,1,2,3,-1,7,1,0,0,0,0,2,0,10,10,NA,NA,0.1,0,0.1
George Robertson,1948,1949,LW/C,31,2,5,7,NA,6,1,1,0,0,4,1,0,NA,NA,NA,NA,-0.5,0.7,0.1
Jason Robertson,2020,2026,LW,455,213,277,490,118,130,153,60,0,40,180,97,0,1399,15.2,8388,18:26:00,45,14.1,59.1
Matthew Robertson,2025,2026,D,73,6,12,18,0,38,6,0,0,2,12,0,0,81,7.4,1272,17:25:00,0.7,3,3.7
Nicholas Robertson,2021,2026,LW,233,48,40,88,-10,34,43,5,0,6,36,4,0,385,12.5,2762,11:51:00,5.9,2.6,8.4
Torrie Robertson,1981,1990,LW,442,49,99,148,-50,1751,42,7,0,9,85,14,0,388,12.6,NA,NA,-3.5,5.4,1.8
Bert Robertsson,1998,2001,D,123,4,10,14,-9,75,4,0,0,0,9,0,1,63,6.3,1148,09:20:00,-0.1,1.3,1.2
Justin Robidas,2025,2026,C,4,1,2,3,1,0,1,0,0,0,2,0,0,5,20,44,10:55:00,0.3,0.1,0.4
Stéphane Robidas,2000,2015,D,937,57,201,258,16,713,32,23,2,8,125,71,5,1283,4.4,19042,20:19:00,11.8,43.1,55
Florent Robidoux,1981,1984,LW,52,7,4,11,-7,75,6,1,0,0,3,0,1,37,18.9,NA,NA,-0.9,0.5,-0.4
Bobby Robins,2015,2015,C,3,0,0,0,0,14,0,0,0,0,0,0,0,0,NA,23,07:35:00,-0.1,0,0
Tristen Robins,2023,2023,RW,3,0,0,0,-1,0,0,0,0,0,0,0,0,2,0,41,13:43:00,-0.1,0,-0.1
Buddy Robinson,2016,2023,RW,62,4,8,12,5,36,4,0,0,1,8,0,0,72,5.6,581,09:22:00,0,1,1
Doug Robinson,1965,1971,LW,240,44,67,111,-8,36,37,7,0,4,60,7,0,375,11.7,NA,NA,3.7,3,6.6
Earl Robinson,1929,1940,RW/C,419,83,98,181,NA,151,48,12,5,11,62,16,3,NA,NA,NA,NA,11.7,7.1,18.8
Eric Robinson,2018,2026,LW,455,66,75,141,9,77,63,0,3,12,72,0,3,621,10.6,5645,12:24:00,4.8,7.2,12
Larry Robinson,1973,1992,D,1384,208,750,958,722,793,139,66,3,29,500,243,7,2332,8.9,NA,NA,60.5,109,169.5
Moe Robinson,1980,1980,D,1,0,0,0,0,0,0,0,0,0,0,0,0,0,NA,NA,NA,0,0.1,0
Nathan Robinson,2004,2006,C,7,0,0,0,-1,2,0,0,0,0,0,0,0,6,0,37,05:18:00,-0.1,0,-0.1
Rob Robinson,1992,1992,D,22,0,1,1,-4,8,0,0,0,0,1,0,0,9,0,NA,NA,-0.4,0.8,0.5
Scott Robinson,1990,1990,RW,1,0,0,0,0,2,0,0,0,0,0,0,0,0,NA,NA,NA,0,0,0
Louis Robitaille,2006,2006,LW,2,0,0,0,-1,5,0,0,0,0,0,0,0,0,NA,9,04:42:00,0,-0.1,-0.1
Luc Robitaille,1987,2006,LW,1431,668,726,1394,71,1177,418,247,3,89,463,260,3,3961,16.9,9890,16:31:00,118.5,20.1,138.6
Mike Robitaille,1970,1977,D,382,23,105,128,-3,280,15,8,0,0,69,35,1,860,2.7,NA,NA,5,21.6,26.5
Randy Robitaille,1997,2008,C,531,84,172,256,-64,201,54,30,0,10,113,59,0,886,9.5,7606,14:21:00,14.2,6.5,20.7
Dave Roche,1996,2002,LW,171,15,15,30,-20,334,12,3,0,3,14,1,0,151,9.9,281,07:13:00,-1.8,0.6,-1.2
Des Roche,1931,1935,RW,113,20,18,38,NA,54,16,1,0,1,9,2,0,NA,NA,NA,NA,2.5,2.4,4.9
Earl Roche,1931,1935,LW,147,25,27,52,NA,48,16,3,0,5,20,2,0,NA,NA,NA,NA,2.3,2,4.3
Ernie Roche,1951,1951,D,4,0,0,0,NA,2,0,0,0,0,0,0,0,NA,NA,NA,NA,-0.1,0.2,0.2
Travis Roche,2001,2007,D,60,6,14,20,-2,24,4,2,0,1,6,8,0,38,15.8,997,16:37:00,1.5,2,3.6
Dave Rochefort,1967,1967,C,1,0,0,0,-1,0,0,0,0,0,0,0,0,0,NA,NA,NA,0,0,0
Leon Rochefort,1961,1976,RW,617,121,147,268,-35,93,103,13,5,14,103,42,2,1237,9.8,NA,NA,7.6,8.5,16.1
Normand Rochefort,1981,1994,D,598,39,119,158,84,570,34,4,1,6,97,15,7,793,4.9,NA,NA,1.7,33.7,35.4
Harvey Rockburn,1930,1933,D,94,4,3,7,NA,264,NA,NA,NA,1,NA,NA,NA,NA,NA,NA,NA,-0.9,6.8,5.9
Eddie Rodden,1927,1931,C,90,6,14,20,NA,60,NA,NA,NA,0,NA,NA,NA,NA,NA,NA,NA,-1,1.7,0.7
Jack Rodewald,2018,2019,RW,10,0,0,0,-1,2,0,0,0,0,0,0,0,2,0,72,07:09:00,-0.2,0,-0.2
Marc Rodgers,2000,2000,RW,21,1,1,2,-3,10,1,0,0,0,1,0,0,17,5.9,166,07:55:00,-0.1,0,-0.1
Anton Rodin,2017,2017,RW,3,0,1,1,1,0,0,0,0,0,1,0,0,2,0,27,08:55:00,0,0.1,0.1
Bryan Rodney,2009,2012,D,34,1,12,13,-8,12,1,0,0,0,5,7,0,30,3.3,509,14:58:00,0.9,0.4,1.4
Evan Rodrigues,2016,2026,C,616,107,163,270,-17,217,78,28,1,9,133,27,3,1392,7.7,9417,15:17:00,11.1,10.9,22
Jeremy Roenick,1989,2009,C,1363,513,703,1216,153,1463,301,184,28,92,436,247,20,3281,15.6,13725,17:54:00,98.1,27.6,125.8
Stacy Roest,1999,2003,RW,244,28,48,76,-8,54,21,3,4,5,43,5,0,331,8.5,2961,12:08:00,2.7,3.2,5.9
John Rogers,1974,1975,RW,14,2,4,6,0,0,2,0,0,0,4,0,0,15,13.3,NA,NA,0.1,0.2,0.3
Mike Rogers,1980,1986,C,484,202,317,519,-51,184,148,38,16,12,185,122,10,1240,16.3,NA,NA,31.9,4.8,36.8
Jeff Rohlicek,1988,1989,C,9,0,0,0,-4,8,0,0,0,0,0,0,0,4,0,NA,NA,-0.3,0,-0.3
Leif Rohlin,1996,1997,D,96,8,24,32,4,40,7,1,0,0,15,8,1,109,7.3,NA,NA,1.7,4,5.7
Jon Rohloff,1995,1997,D,150,7,25,32,-21,129,5,2,0,1,13,10,2,226,3.1,NA,NA,0.6,5.8,6.4
Todd Rohloff,2002,2004,D,75,0,6,6,-19,40,0,0,0,0,6,0,0,41,0,1183,15:46:00,-0.6,1.2,0.6
Dale Rolfe,1960,1975,D,509,25,125,150,56,556,21,3,1,1,107,13,5,1019,2.5,NA,NA,5.4,29.8,35.2
Brian Rolston,1995,2012,C,1256,342,419,761,65,472,211,98,33,72,247,162,10,3836,8.9,20072,18:38:00,52.1,28.3,80.4
Larry Romanchych,1971,1977,RW,298,68,97,165,-37,102,49,19,0,7,71,26,0,545,12.5,NA,NA,6.7,3.8,10.5
Russell Romaniuk,1992,1996,LW,102,13,14,27,-14,63,7,6,0,2,10,4,0,104,12.5,NA,NA,-0.7,1,0.3
Alexander Romanov,2021,2026,D,369,17,67,84,26,163,17,0,0,0,64,1,2,512,3.3,7429,20:08:00,0.9,17.4,18.3
Doug Rombough,1973,1976,C,150,24,27,51,8,80,22,2,0,3,23,4,0,166,14.5,NA,NA,-0.2,2.8,2.5
Aaron Rome,2007,2014,D,226,6,22,28,-17,185,5,1,0,1,19,3,0,194,3.1,3562,15:46:00,-0.5,5.6,5.2
Dale Rominski,2000,2000,RW,3,0,1,1,1,2,0,0,0,0,1,0,0,0,NA,25,08:23:00,0,0.1,0.1
Doc Romnes,1931,1940,LW/C,360,67,137,204,NA,40,46,5,0,12,86,32,1,NA,NA,NA,NA,14.5,7,21.5
Ed Ronan,1992,1997,RW,182,13,23,36,3,101,13,0,0,2,23,0,0,141,9.2,NA,NA,-2.9,2.2,-0.7
Skene Ronan,1919,1919,D/C,11,0,0,0,NA,6,NA,NA,NA,0,NA,NA,NA,NA,NA,NA,NA,-1,0.4,-0.5
Cliff Ronning,1987,2004,C,1137,306,563,869,46,453,197,109,0,34,324,238,1,2804,10.9,8934,17:07:00,59.2,18.9,78.1
Jonas Rönnqvist,2001,2001,RW,38,0,4,4,-7,14,0,0,0,0,3,1,0,30,0,404,10:37:00,-0.7,0.3,-0.4
Len Ronson,1961,1969,LW,18,2,1,3,-6,10,2,0,0,2,1,0,0,25,8,NA,NA,-0.4,0.1,-0.3
Paul Ronty,1948,1955,C,488,101,211,312,NA,103,71,29,1,12,171,39,1,NA,NA,NA,NA,23.1,5.7,28.8
Kevin Rooney,2017,2026,C,331,33,28,61,-11,134,28,0,5,2,26,0,2,332,9.9,3846,11:37:00,-1.3,4.4,3.1
Steve Rooney,1985,1989,LW,154,15,13,28,-16,496,13,2,0,2,13,0,0,137,10.9,NA,NA,-2.8,1.7,-1.1
Filip Roos,2023,2024,D,21,1,2,3,-9,4,1,0,0,0,2,0,0,21,4.8,335,15:56:00,0,0.2,0.2
Bill Root,1983,1988,D,247,11,23,34,-16,180,7,3,1,0,19,1,3,232,4.7,NA,NA,-1.7,11.6,9.9
Pavel Rosa,1999,2004,RW,36,5,13,18,-1,6,5,0,0,0,9,4,0,70,7.1,481,13:21:00,1.2,0.5,1.7
Jay Rosehill,2010,2014,LW,117,5,3,8,-24,352,5,0,0,1,3,0,0,54,9.3,655,05:36:00,0.4,-0.5,-0.1
Calle Rosén,2018,2024,D,93,11,20,31,10,22,11,0,0,2,20,0,0,109,10.1,1379,14:50:00,2.4,3.1,5.5
Isak Rosen,2024,2026,RW,51,6,5,11,-9,0,5,1,0,0,3,2,0,49,12.2,549,10:46:00,0.1,0.3,0.4
Jack Roslovic,2017,2026,C,594,123,173,296,-46,96,99,21,3,18,146,26,1,965,12.7,8542,14:23:00,17.6,8.1,25.7
Art Ross,1918,1918,D,3,1,0,1,NA,12,NA,NA,NA,0,NA,NA,NA,NA,NA,NA,NA,0,0.3,0.3
Jared Ross,2009,2010,C,13,0,0,0,-5,2,0,0,0,0,0,0,0,16,0,100,07:43:00,-0.3,-0.1,-0.4
Jim Ross,1952,1953,D,62,2,11,13,NA,29,1,1,0,0,10,1,0,NA,NA,NA,NA,0.5,2.4,2.9
Marco Rossi,2022,2026,C,234,57,79,136,-33,95,45,12,0,7,55,24,0,386,14.8,3998,17:05:00,8,3.7,11.7
Roly Rossignol,1944,1946,RW,14,3,5,8,NA,6,3,0,0,0,5,0,0,NA,NA,NA,NA,0.2,0.3,0.5
Kyle Rossiter,2002,2004,D,11,0,1,1,-3,9,0,0,0,0,1,0,0,1,0,129,11:46:00,0,0,0
Darcy Rota,1974,1984,LW,794,256,239,495,9,973,209,47,0,25,197,42,0,1556,16.5,NA,NA,24.4,12.6,37
Randy Rota,1973,1977,C/LW,212,38,39,77,-83,60,33,5,0,2,35,4,0,425,8.9,NA,NA,0.2,1.9,2.1
Sam Rothschild,1925,1928,LW,100,8,7,15,NA,25,NA,NA,NA,2,NA,NA,NA,NA,NA,NA,NA,-3,3,-0.1
Rolly Roulston,1936,1938,LW/D,24,0,6,6,NA,10,0,0,0,0,6,0,0,NA,NA,NA,NA,0.3,2,2.3
Tom Roulston,1981,1986,C/RW,195,47,49,96,-13,74,40,6,1,2,40,9,0,324,14.5,NA,NA,2.3,1.3,3.6
Magnus Roupé,1988,1989,LW,40,3,5,8,-5,42,2,1,0,0,4,1,0,52,5.8,NA,NA,-0.7,0.4,-0.4
Allan Rourke,2004,2008,D,55,1,4,5,4,31,1,0,0,0,3,1,0,31,3.2,675,12:16:00,-0.1,1.8,1.7
Bob Rouse,1984,2000,D,1061,37,181,218,-34,1559,29,4,4,6,155,19,7,1115,3.3,2725,16:19:00,-0.9,53.8,52.9
Lukáš Rousek,2023,2024,RW,17,1,3,4,1,0,1,0,0,0,3,0,0,7,14.3,182,10:42:00,0,0.2,0.2
Bobby Rousseau,1961,1975,RW,942,245,458,703,123,357,181,54,10,45,274,181,3,2535,9.7,NA,NA,45.2,15.4,60.7
Guy Rousseau,1955,1957,LW,4,0,1,1,NA,2,0,0,0,0,1,0,0,NA,NA,NA,NA,-0.1,0.1,0
Roland Rousseau,1953,1953,D,2,0,0,0,NA,0,0,0,0,0,0,0,0,NA,NA,NA,NA,0,0.1,0.1
Antoine Roussel,2013,2022,LW,607,85,112,197,-12,1063,84,1,0,15,100,8,4,776,11,7981,13:09:00,8.4,7.9,16.3
Jean-Marc Routhier,1990,1990,RW,8,0,0,0,-3,9,0,0,0,0,0,0,0,8,0,NA,NA,-0.3,0.1,-0.3
Bobby Rowe,1925,1925,RW/D,4,1,0,1,NA,0,NA,NA,NA,0,NA,NA,NA,NA,NA,NA,NA,0.1,0,0.1
Mike Rowe,1985,1987,D,11,0,0,0,-10,11,0,0,0,0,0,0,0,12,0,NA,NA,-0.2,0,-0.2
Ron Rowe,1948,1948,C/LW,5,1,0,1,NA,0,0,1,0,0,0,0,0,NA,NA,NA,NA,0,0.1,0
Tom Rowe,1977,1983,RW,357,85,100,185,-79,615,72,12,1,8,80,20,0,754,11.3,NA,NA,6.2,2.9,9.1
Carter Rowney,2017,2022,RW,249,24,39,63,-12,36,20,0,4,2,36,0,3,186,12.9,2945,11:50:00,0.8,3,3.8
André Roy,1996,2009,RW,515,35,33,68,-17,1169,35,0,0,5,33,0,0,349,10,3281,06:32:00,1.2,3.1,4.3
Derek Roy,2004,2015,C,738,189,335,524,29,391,126,55,8,35,218,113,4,1583,11.9,13412,18:10:00,38.1,15.2,53.3
Jean-Yves Roy,1995,1998,RW,61,12,16,28,-6,26,10,2,0,1,15,1,0,115,10.4,2,00:50:00,1.3,0.6,2
Joshua Roy,2024,2026,RW,38,6,5,11,-8,4,6,0,0,0,5,0,0,50,12,441,11:36:00,0.4,0.2,0.6
Kevin Roy,2018,2019,C,28,6,1,7,2,6,5,1,0,1,1,0,0,28,21.4,380,13:35:00,0.3,0.5,0.8
Mathieu Roy,2006,2013,D,66,2,11,13,-13,76,2,0,0,0,9,0,2,59,3.4,975,14:46:00,0.4,1.3,1.7
Matt Roy,2019,2026,D,517,29,120,149,103,155,28,0,1,4,109,5,6,803,3.6,10181,19:42:00,5,30.3,35.4
Nicolas Roy,2018,2026,C,442,76,115,191,37,194,64,11,1,15,98,14,3,637,11.9,6566,14:51:00,8,8.5,16.5
Stéphane Roy,1988,1988,C,12,1,0,1,-6,0,1,0,0,0,0,0,0,14,7.1,NA,NA,-0.3,0,-0.3
Gaétan Royer,2002,2002,RW,3,0,0,0,-1,2,0,0,0,0,0,0,0,0,NA,15,04:57:00,0,0,-0.1
Rémi Royer,1999,1999,D,18,0,0,0,-10,67,0,0,0,0,0,0,0,24,0,245,13:37:00,-0.2,-0.4,-0.6
Michal Rozsíval,2000,2017,D,963,68,241,309,83,704,38,28,2,18,167,66,8,1055,6.4,19647,20:24:00,17.3,50.9,68.2
Gino Rozzini,1945,1945,C,31,5,10,15,NA,20,5,0,0,0,9,0,1,NA,NA,NA,NA,0,0.4,0.4
Kristiāns Rubīns,2022,2022,D,3,0,0,0,-2,4,0,0,0,0,0,0,0,5,0,35,11:45:00,0,-0.1,-0.1
German Rubtsov,2020,2020,C,4,0,0,0,-1,0,0,0,0,0,0,0,0,1,0,27,06:48:00,-0.1,0,-0.1
Steve Rucchin,1995,2007,C,735,171,318,489,30,164,101,63,7,24,209,99,10,1317,13,10996,20:02:00,30.4,15.7,46.1
Mike Rucinski,1989,1989,C,1,0,0,0,0,0,0,0,0,0,0,0,0,0,NA,NA,NA,0,0,0
Mike Rucinski,1998,2001,D,26,0,2,2,1,10,0,0,0,0,2,0,0,13,0,296,11:23:00,-0.2,0.9,0.7
Martin Ručinský,1992,2008,LW,961,241,371,612,46,821,165,61,15,35,247,117,7,2158,11.2,11424,17:35:00,39.9,17.3,57.3
Bernie Ruelle,1944,1944,LW,2,1,0,1,NA,0,1,0,0,0,0,0,0,NA,NA,NA,NA,0,0,0.1
Jason Ruff,1993,1994,LW,14,3,3,6,1,10,2,1,0,1,3,0,0,22,13.6,NA,NA,0.2,0.3,0.5
Lindy Ruff,1980,1991,D/LW,691,105,195,300,-15,1266,86,17,2,22,145,47,3,1151,9.1,NA,NA,6.1,18.1,24.2
Kent Ruhnke,1976,1976,RW,2,0,1,1,1,0,0,0,0,0,1,0,0,2,0,NA,NA,0,0.1,0
Chad Ruhwedel,2013,2025,D,369,13,37,50,-7,94,13,0,0,1,33,4,0,396,3.3,5581,15:08:00,-0.5,10.7,10.2
Darren Rumble,1991,2004,D,193,10,26,36,-72,216,10,0,0,0,17,7,2,231,4.3,481,13:22:00,0,4.6,4.6
David Rundblad,2012,2016,D,113,4,21,25,-6,30,4,0,0,1,15,6,0,135,3,1550,13:43:00,1.4,2.6,4
Thomas Rundqvist,1985,1985,C,2,0,1,1,1,0,0,0,0,0,1,0,0,1,0,NA,NA,0,0.1,0
Paul Runge,1931,1938,C/LW,142,18,22,40,NA,57,14,3,1,2,20,1,0,NA,NA,NA,NA,0,2.4,2.4
Arttu Ruotsalainen,2021,2022,F,35,7,3,10,-10,14,7,0,0,0,3,0,0,51,13.7,452,12:54:00,0.5,0.2,0.7
Reijo Ruotsalainen,1982,1990,D,446,107,237,344,65,180,70,37,0,16,142,94,1,1382,7.7,NA,NA,22.3,26,48.3
Duane Rupp,1963,1973,D,374,24,93,117,-29,220,18,5,1,3,57,35,1,668,3.6,NA,NA,5.3,20.9,26.2
Mike Rupp,2003,2014,C,610,54,45,99,-28,855,50,4,0,9,39,5,1,588,9.2,5303,08:42:00,1.3,5.3,6.5
Terry Ruskowski,1980,1989,C,629,113,313,426,-63,1354,75,34,4,19,234,71,8,643,17.6,NA,NA,13.5,7,20.5
Cam Russell,1990,1999,D,396,9,21,30,8,872,9,0,0,1,21,0,0,201,4.5,889,10:43:00,-4.4,21.2,16.8
Church Russell,1946,1948,LW/C,90,20,16,36,NA,12,15,5,0,0,13,3,0,NA,NA,NA,NA,1.1,1.3,2.4
Kris Russell,2008,2022,D,912,48,206,254,2,271,37,11,0,8,149,53,4,1100,4.4,17442,19:07:00,11.3,37.8,49.1
Patrick Russell,2019,2021,RW,59,0,7,7,-11,14,0,0,0,0,7,0,0,76,0,649,11:00:00,-1.1,0.4,-0.7
Phil Russell,1973,1987,D,1016,99,325,424,47,2038,79,14,6,9,258,59,8,1760,5.6,NA,NA,19.7,59.9,79.5
Ryan Russell,2012,2012,C,41,2,0,2,-7,2,2,0,0,0,0,0,0,39,5.1,479,11:41:00,-0.9,0.3,-0.7
Robbie Russo,2017,2017,D,19,0,0,0,2,2,0,0,0,0,0,0,0,18,0,305,16:04:00,-0.4,0.9,0.5
Bryan Rust,2015,2026,RW,710,232,270,502,38,231,182,43,7,34,190,73,7,1741,13.3,12530,17:39:00,38.4,14.8,53.2
Jan Rutta,2018,2025,D,380,21,69,90,21,203,19,2,0,2,62,2,5,434,4.8,6668,17:33:00,2.8,16.6,19.4
Christian Ruuttu,1987,1995,C,621,134,298,432,40,714,98,26,10,19,209,83,6,1277,10.5,NA,NA,19.4,9.5,28.9
Jarkko Ruutu,2000,2011,RW,652,58,84,142,-21,1078,52,3,3,8,77,2,5,634,9.1,7210,11:04:00,0.6,7.1,7.7
Tuomo Ruutu,2004,2016,C/LW,735,148,198,346,-70,596,104,44,0,15,159,39,0,1278,11.6,11500,15:39:00,21.5,10.4,31.9
Adam Ružička,2021,2024,C,117,14,26,40,0,32,12,2,0,3,18,8,0,135,10.4,1249,10:41:00,1.7,1.4,3.1
Štefan Ružička,2006,2008,RW,55,4,13,17,-1,47,3,1,0,0,9,4,0,86,4.7,635,11:33:00,0.4,0.7,1.1
Vladimír Růžička,1990,1994,C,233,82,85,167,-57,129,45,37,0,9,48,37,0,541,15.2,NA,NA,10.3,1.6,11.9
Bobby Ryan,2008,2021,LW,866,261,308,569,-12,470,195,63,3,26,229,79,0,2137,12.2,14638,16:54:00,49.6,15.1,64.7
Derek Ryan,2016,2025,C,606,82,127,209,14,158,65,11,6,7,103,16,8,691,11.9,7739,12:46:00,7.8,9,16.9
Joakim Ryan,2018,2021,D,145,4,20,24,1,33,4,0,0,1,19,0,1,170,2.4,2314,15:58:00,-0.1,5.4,5.4
Matt Ryan,2006,2006,C,12,0,1,1,-4,2,0,0,0,0,1,0,0,8,0,73,06:07:00,-0.1,-0.1,-0.2
Michael Ryan,2007,2009,C,83,7,8,15,-15,34,6,0,1,0,8,0,0,118,5.9,862,10:23:00,-0.2,0.2,0
Prestin Ryan,2006,2006,D,1,0,0,0,-1,2,0,0,0,0,0,0,0,0,NA,8,07:30:00,0,-0.1,-0.1
Terry Ryan,1997,1999,LW,8,0,0,0,0,36,0,0,0,0,0,0,0,0,NA,17,03:26:00,-0.3,0.1,-0.2
Kerby Rychel,2015,2019,LW,43,3,11,14,5,19,3,0,0,0,11,0,0,44,6.8,420,09:47:00,0.7,0.7,1.4
Warren Rychel,1989,1999,LW,406,38,39,77,-35,1422,35,2,1,6,37,2,0,401,9.5,133,04:44:00,-4.7,3.1,-1.6
Mark Rycroft,2002,2007,RW,226,21,25,46,-9,113,20,0,1,4,24,1,0,275,7.6,2567,11:22:00,-0.2,3,2.8
Michael Ryder,2004,2015,RW,806,237,247,484,18,353,144,90,3,42,157,90,0,1921,12.3,12509,15:31:00,42.1,15.1,57.2
Andy Rymsha,1992,1992,D,6,0,0,0,-3,23,0,0,0,0,0,0,0,4,0,NA,NA,-0.1,0.1,0
Drake Rymsha,2021,2021,C,1,0,0,0,1,0,0,0,0,0,0,0,0,0,NA,13,13:16:00,0,0.1,0
Rick Rypien,2006,2011,C,119,9,7,16,-15,226,8,0,1,1,6,0,1,97,9.3,877,07:22:00,0.1,0.2,0.4
Jason Ryznar,2006,2006,LW,8,0,0,0,-1,2,0,0,0,0,0,0,0,1,0,43,05:19:00,-0.1,0,-0.1
Jonas Røndbjerg,2022,2026,RW,80,3,8,11,-9,8,3,0,0,0,8,0,0,87,3.4,832,10:24:00,-1,0.6,-0.4
Brandon Saad,2012,2026,LW,984,269,269,538,36,182,224,36,9,48,230,33,6,2180,12.3,16098,16:22:00,39.4,18.7,58.1
Aleksi Saarela,2020,2020,C,9,2,2,4,2,0,2,0,0,0,1,1,0,15,13.3,110,12:15:00,0.3,0.2,0.5
Simo Saarinen,1985,1985,D,8,0,0,0,-5,8,0,0,0,0,0,0,0,8,0,NA,NA,-0.2,0.1,0
Shaun Sabol,1990,1990,D,2,0,0,0,0,0,0,0,0,0,0,0,0,2,0,NA,NA,0,0.1,0.1
Bob Sabourin,1952,1952,LW,1,0,0,0,NA,2,0,0,0,0,0,0,0,NA,NA,NA,NA,-0.1,0,0
Gary Sabourin,1968,1977,RW,627,169,188,357,-7,397,137,30,2,25,155,33,0,1716,9.8,NA,NA,19.3,10,29.3
Ken Sabourin,1989,1992,D,74,2,8,10,14,201,2,0,0,0,8,0,0,40,5,NA,NA,-0.6,4.6,4
Scott Sabourin,2020,2026,F,72,3,9,12,-10,147,3,0,0,0,9,0,0,46,6.5,537,07:27:00,0,0.2,0.2
David Sacco,1994,1996,RW,35,5,13,18,-4,22,2,3,0,0,9,4,0,35,14.3,NA,NA,0.6,0.3,0.9
Joe Sacco,1991,2003,RW,738,94,119,213,-44,421,80,7,7,13,101,13,5,1153,8.2,3355,10:29:00,3.2,7.7,10.9
Larry Sacharuk,1973,1977,D,151,29,33,62,-25,42,13,16,0,5,19,14,0,336,8.6,NA,NA,4.4,5.9,10.2
Kirill Safronov,2002,2003,D,35,2,2,4,-15,16,2,0,0,0,1,1,0,23,8.7,530,15:08:00,0.1,-0.2,-0.1
Rocky Saganiuk,1979,1984,RW/C,259,57,65,122,-50,201,51,6,0,9,56,9,0,437,13,NA,NA,2.7,2,4.8
Joe Sakic,1989,2009,C,1378,625,1016,1641,30,614,388,205,32,86,573,426,17,4621,13.5,15666,21:40:00,141.7,26.1,167.8
Brian Salcido,2009,2009,D,2,0,1,1,2,0,0,0,0,0,1,0,0,1,0,25,12:18:00,0.1,0.2,0.3
Ruslan Salei,1997,2011,D,917,45,159,204,-25,1065,37,7,1,4,105,52,2,1321,3.4,18926,21:20:00,4.6,42.3,46.9
Don Saleski,1972,1980,RW,543,128,125,253,72,629,105,12,11,20,113,8,4,1166,11,NA,NA,8.5,7.5,16
Anssi Salmela,2009,2011,D,112,4,17,21,-11,44,2,1,1,1,17,0,0,139,2.9,1763,15:44:00,0.6,3.4,4
Tony Salmelainen,2004,2007,LW,70,6,12,18,-4,30,6,0,0,1,11,1,0,71,8.5,688,09:50:00,0.6,0.6,1.1
Börje Salming,1974,1990,D,1148,150,637,787,170,1344,97,47,6,13,366,260,11,2539,5.9,NA,NA,48.9,63.9,112.8
Robin Salo,2022,2023,D,32,3,6,9,-5,8,3,0,0,0,4,2,0,33,9.1,473,14:48:00,0.6,0.8,1.4
Sami Salo,1999,2014,D,878,99,240,339,130,286,42,56,1,24,120,111,9,1581,6.3,18318,20:52:00,25.8,47.1,72.9
Miikka Salomäki,2015,2020,RW,167,12,15,27,-2,76,12,0,0,2,14,0,1,172,7,1848,11:04:00,-1,1.9,0.9
Andreas Salomonsson,2002,2003,RW,71,5,9,14,-13,36,4,1,0,1,9,0,0,78,6.4,809,11:24:00,-0.2,0.4,0.2
Elias Salomonsson,2026,2026,D,32,1,4,5,-6,12,1,0,0,0,3,1,0,37,2.7,575,17:58:00,-0.1,1,0.9
Barry Salovaara,1975,1976,D,90,2,13,15,-19,70,1,1,0,1,13,0,0,76,2.6,NA,NA,-0.5,3.8,3.4
Bryce Salvador,2001,2015,D,786,24,86,110,-9,696,22,2,0,9,78,2,6,555,4.3,14905,18:58:00,-2.8,34.1,31.3
Josh Samanski,2026,2026,F,23,1,2,3,0,6,1,0,0,0,2,0,0,8,12.5,239,10:23:00,-0.3,0.3,0
Dylan Samberg,2022,2026,D,281,10,55,65,69,112,10,0,0,2,51,2,2,318,3.1,5071,18:03:00,1,16.7,17.8
Phil Samis,1950,1950,D,2,0,0,0,NA,0,0,0,0,0,0,0,0,NA,NA,NA,NA,0,0.1,0.1
Dmitri Samorukov,2022,2023,D,3,0,0,0,-3,2,0,0,0,0,0,0,0,1,0,32,10:44:00,0,-0.2,-0.2
Mackie Samoskevich,2024,2026,RW,155,27,35,62,-14,42,19,8,0,6,22,13,0,301,9,2144,13:50:00,2.9,2.3,5.3
Gary Sampson,1984,1987,LW,105,13,22,35,9,25,12,0,1,1,21,1,0,99,13.1,NA,NA,-0.7,1.7,1
Jérôme Samson,2010,2012,RW,46,2,7,9,-4,18,1,1,0,0,6,1,0,76,2.6,413,08:59:00,0.1,0.3,0.4
Sergei Samsonov,1998,2011,LW,888,235,336,571,11,209,184,51,0,38,211,124,1,1774,13.2,14576,16:25:00,44.5,16.5,61
Henrik Samuelsson,2015,2015,C/RW,3,0,0,0,-2,2,0,0,0,0,0,0,0,4,0,40,13:16:00,-0.1,0,-0.1
Kjell Samuelsson,1986,1999,D,813,48,138,186,144,1225,42,5,1,7,114,20,4,813,5.9,1678,17:40:00,1.8,47.4,49.2
Martin Samuelsson,2003,2004,RW,14,0,1,1,-2,2,0,0,0,0,1,0,0,10,0,120,08:35:00,-0.2,0,-0.2
Mattias Samuelsson,2021,2026,D,290,20,64,84,44,116,19,0,1,5,60,1,3,335,6,6094,21:01:00,2.8,14.5,17.3
Mikael Samuelsson,2001,2014,RW,699,149,197,346,50,370,101,45,3,18,128,68,1,1795,8.3,10372,14:50:00,23.3,12.5,35.7
Philip Samuelsson,2014,2016,D,13,0,0,0,-4,2,0,0,0,0,0,0,0,14,0,209,16:04:00,-0.3,0.1,-0.1
Ulf Samuelsson,1985,2000,D,1080,57,275,332,173,2453,47,9,1,9,203,63,9,1251,4.6,3610,18:42:00,9,63.1,72.1
Scott Sandelin,1987,1992,D,25,0,4,4,-3,2,0,0,0,0,2,2,0,10,0,NA,NA,-0.2,1.2,1
Derek Sanderson,1966,1978,C,598,202,250,452,141,911,142,26,34,21,196,32,22,1554,13,NA,NA,31,9.9,40.9
Geoff Sanderson,1991,2008,LW,1104,355,345,700,-100,511,232,116,7,48,230,111,4,3072,11.6,8776,14:52:00,55.6,14.2,69.8
Jake Sanderson,2023,2026,D,303,39,142,181,4,55,24,15,0,10,70,68,4,632,6.2,7142,23:34:00,12.8,16.1,29
Ed Sandford,1948,1956,LW,503,106,145,251,NA,355,91,15,0,16,122,22,1,NA,NA,NA,NA,16,7,23
Linus Sandin,2022,2022,F,1,0,0,0,0,0,0,0,0,0,0,0,0,1,0,7,06:59:00,0,0,0
Rasmus Sandin,2020,2026,D,382,25,120,145,15,112,24,1,0,6,94,26,0,405,6.2,7181,18:48:00,7.8,15.7,23.5
Axel Sandin Pellikka,2026,2026,D,67,7,14,21,-20,18,6,1,0,1,8,6,0,68,10.3,1087,16:14:00,1.4,1.3,2.7
Jim Sandlak,1986,1996,RW,549,110,119,229,-28,821,81,28,1,16,91,27,1,946,11.6,NA,NA,4.7,6.9,11.6
Charlie Sands,1933,1944,C/RW,429,99,112,211,NA,56,92,5,2,16,93,14,2,NA,NA,25,NA,13.8,7.4,20.8
Tomas Sandström,1985,1999,RW,983,394,462,856,8,1193,265,119,10,44,294,162,6,2740,14.4,2111,15:38:00,59.8,11.6,71.4
Terran Sandwith,1998,1998,D,8,0,0,0,-4,6,0,0,0,0,0,0,0,4,0,107,13:23:00,-0.2,0.1,-0.1
Zach Sanford,2017,2024,LW,334,49,55,104,-8,144,43,5,1,11,50,4,1,418,11.7,4422,13:14:00,3.1,5.1,8.2
Bobby Sanguinetti,2010,2013,D,45,2,4,6,-6,8,2,0,0,1,3,1,0,58,3.4,639,14:12:00,0.1,0.6,0.8
Travis Sanheim,2018,2026,D,660,65,185,250,-38,279,59,3,3,9,161,17,7,1017,6.4,14351,21:45:00,13.6,28.3,41.9
Everett Sanipass,1987,1991,LW,164,25,34,59,-32,358,22,3,0,2,25,8,1,185,13.5,NA,NA,0,1.2,1.2
Tommi Santala,2004,2007,C,63,2,7,9,-7,46,2,0,0,1,6,1,0,43,4.7,555,08:49:00,-0.4,0.4,0
Steven Santini,2016,2026,D,135,5,19,24,-7,59,5,0,0,0,18,0,1,163,3.1,2243,16:37:00,0.3,4.7,5.1
Mike Santorelli,2009,2016,C,406,64,74,138,-47,78,54,8,2,8,59,12,3,709,9,5628,13:52:00,6.8,5,11.8
Oleg Saprykin,2000,2007,LW,325,55,82,137,-7,240,43,12,0,4,63,19,0,649,8.5,4182,12:52:00,8.1,4.8,12.9
Yves Sarault,1995,2002,LW,106,10,10,20,-20,51,8,2,0,1,10,0,0,141,7.1,463,10:18:00,-0.7,0.5,-0.2
Gary Sargent,1976,1983,D,402,61,161,222,29,273,33,28,0,6,82,78,1,876,7,NA,NA,14.2,25.5,39.7
Cory Sarich,1999,2014,D,969,21,137,158,-9,1089,20,0,1,6,121,4,12,849,2.5,17257,17:49:00,-0.5,36.5,36
Craig Sarner,1975,1975,RW,7,0,0,0,-3,0,0,0,0,0,0,0,0,5,0,NA,NA,-0.3,0,-0.3
Peter Sarno,2004,2006,C,7,1,0,1,2,2,1,0,0,0,0,0,0,5,20,72,10:19:00,0,0.1,0.2
Dick Sarrazin,1969,1972,RW,100,20,35,55,-9,22,11,8,1,3,23,10,2,198,10.1,NA,NA,2.3,1.6,3.9
Fred Sasakamoose,1954,1954,C,11,0,0,0,NA,6,0,0,0,0,0,0,0,NA,NA,NA,NA,-0.5,0,-0.5
Grant Sasser,1984,1984,C,3,0,0,0,-2,0,0,0,0,0,0,0,0,2,0,NA,NA,-0.1,0,-0.1
Max Sasson,2025,2026,F,95,16,10,26,-12,26,16,0,0,0,9,1,0,93,17.2,1073,11:18:00,1.2,1.1,2.2
Miroslav Šatan,1996,2010,LW,1050,363,372,735,20,464,227,120,16,50,243,121,8,2582,14.1,17359,19:02:00,60.2,22,82.3
Glen Sather,1967,1976,LW,658,80,113,193,15,724,65,9,6,11,93,16,4,645,12.4,NA,NA,-5.1,8.5,3.4
Kurt Sauer,2003,2010,D,357,5,28,33,-15,250,5,0,0,0,25,0,3,205,2.4,6405,17:56:00,-3.3,13.3,10.1
Michael Sauer,2009,2012,D,98,4,14,18,28,96,3,1,0,2,14,0,0,70,5.7,1715,17:30:00,0.4,6.3,6.8
Bernie Saunders,1980,1981,LW,10,0,1,1,-2,8,0,0,0,0,1,0,0,9,0,NA,NA,-0.3,0.1,-0.3
David Saunders,1988,1988,LW,56,7,13,20,-15,10,6,1,0,3,6,6,1,100,7,NA,NA,-0.1,0.4,0.3
Ted Saunders,1934,1934,RW,18,1,3,4,NA,4,1,0,0,0,3,0,0,NA,NA,NA,NA,-0.3,0.2,-0.1
Ashton Sautner,2018,2020,D,23,0,3,3,2,4,0,0,0,0,3,0,0,25,0,317,13:47:00,-0.1,0.9,0.8
J.F. Sauvé,1981,1987,C,290,65,138,203,0,117,29,36,0,3,58,80,0,405,16,NA,NA,6.9,3.7,10.6
Max Sauve,2012,2012,C,1,0,0,0,0,0,0,0,0,0,0,0,0,0,NA,4,03:43:00,0,0,0
Yann Sauvé,2011,2014,D,8,0,0,0,-4,0,0,0,0,0,0,0,0,7,0,102,12:44:00,-0.1,-0.1,-0.2
Andre Savage,1999,2003,C,66,10,14,24,-4,14,8,2,0,2,11,3,0,92,10.9,817,12:23:00,1.3,0.8,2.1
Brian Savage,1994,2006,LW,674,192,167,359,-80,321,132,58,2,31,129,38,0,1449,13.3,7551,15:48:00,26.9,7.7,34.6
Joel Savage,1991,1991,RW,3,0,1,1,-2,0,0,0,0,0,1,0,0,2,0,NA,NA,0,0,-0.1
Reggie Savage,1991,1994,C,34,5,7,12,-2,28,2,3,0,0,5,2,0,47,10.6,NA,NA,0.1,0.4,0.4
Tony Savage,1935,1935,D,49,1,5,6,NA,16,0,1,0,0,4,1,0,NA,NA,NA,NA,-0.2,2.5,2.4
André Savard,1974,1985,C,790,211,271,482,120,411,185,16,10,25,244,21,6,1382,15.3,NA,NA,20.6,12.4,33
David Savard,2012,2025,D,870,54,188,242,-29,467,48,6,0,7,162,19,7,1133,4.8,17621,20:15:00,9.6,35.1,44.6
Denis Savard,1981,1997,C/RW,1196,473,865,1338,103,1336,326,127,20,56,491,361,13,3142,15.1,NA,NA,87.4,17.8,105.2
Jean Savard,1978,1980,C,43,7,12,19,4,29,5,2,0,2,12,0,0,45,15.6,NA,NA,0.4,0.8,1.2
Marc Savard,1998,2011,C,807,207,499,706,-54,737,123,80,4,36,279,212,8,1932,10.7,14952,18:32:00,53.3,14.4,67.7
Serge Savard,1967,1983,D,1040,106,333,439,462,590,74,23,9,14,254,67,12,1390,7.6,NA,NA,24.7,77.8,102.5
Ryan Savoia,1999,1999,C,3,0,0,0,-1,0,0,0,0,0,0,0,0,0,NA,7,02:27:00,0,0,-0.1
Matthew Savoie,2024,2026,C,86,15,20,35,0,24,9,4,2,4,18,2,0,138,10.9,1250,14:32:00,1.5,1.4,2.9
Raymond Sawada,2009,2011,RW,11,1,0,1,-1,0,1,0,0,0,0,0,0,5,20,90,08:11:00,-0.1,0.1,0
Kevin Sawyer,1996,2003,LW,110,3,3,6,-7,403,3,0,0,0,3,0,0,47,6.4,584,05:51:00,-1.1,0.7,-0.4
Luca Sbisa,2009,2021,D,549,20,93,113,-18,385,19,1,0,5,79,10,4,537,3.7,9905,18:03:00,2.5,19.8,22.2
Peter Scamurra,1976,1980,D,132,8,25,33,-57,59,5,2,1,0,24,1,0,110,7.3,NA,NA,0.6,3.6,4.2
Marco Scandella,2011,2024,D,784,51,119,170,11,294,46,4,1,10,98,14,7,991,5.1,14918,19:02:00,5.2,34.5,39.7
Brandon Scanlin,2024,2024,D,1,0,0,0,0,0,0,0,0,0,0,0,0,0,NA,11,10:46:00,0,0,0
Dave Scatchard,1998,2011,C,659,128,141,269,-38,1040,105,18,5,20,113,21,7,1141,11.2,9066,13:45:00,16.1,8.2,24.3
Colton Sceviour,2011,2022,C/RW,535,66,90,156,-14,136,58,4,4,8,76,9,5,941,7,6803,12:43:00,4.9,6.5,11.4
Darin Sceviour,1987,1987,RW,1,0,0,0,0,0,0,0,0,0,0,0,0,1,0,NA,NA,0,0,0
Matthew Schaefer,2026,2026,D,82,23,36,59,13,38,15,8,0,4,26,10,0,221,10.4,2024,24:41:00,5.6,6.4,12
Peter Schaefer,1999,2011,LW,572,99,162,261,60,200,70,17,12,15,117,38,7,863,11.5,8822,15:25:00,12.8,11,23.8
Reid Schaefer,2026,2026,LW,46,6,2,8,-11,15,6,0,0,1,2,0,0,38,15.8,445,09:40:00,0.1,0.2,0.3
Butch Schaeffer,1937,1937,D,5,0,0,0,NA,6,0,0,0,0,0,0,0,NA,NA,NA,NA,-0.1,0.3,0.2
Tim Schaller,2015,2020,LW,276,29,28,57,-29,92,24,0,5,3,28,0,0,352,8.2,3273,11:51:00,-0.1,2.8,2.8
Kevin Schamehorn,1977,1981,RW,10,0,0,0,-4,17,0,0,0,0,0,0,0,3,0,NA,NA,-0.4,0,-0.4
Petr Schastlivy,2000,2004,LW,129,18,22,40,3,30,11,7,0,5,18,4,0,207,8.7,1456,11:17:00,2.2,1.7,3.8
Mark Scheifele,2012,2026,C,960,372,535,907,79,464,274,96,2,65,398,130,7,2129,17.5,19363,20:10:00,76.4,24.8,101.2
John Schella,1971,1972,D,115,2,18,20,-36,224,2,0,0,0,17,1,0,136,1.5,NA,NA,-0.4,3.2,2.8
Brayden Schenn,2010,2026,C,1102,296,428,724,-71,660,199,96,1,62,310,118,0,2185,13.5,19237,17:27:00,51.4,19.6,71
Luke Schenn,2009,2026,D,1121,45,167,212,-54,893,42,2,1,3,161,1,5,1322,3.4,19248,17:10:00,3.8,36.5,40.3
Nikita Scherbak,2017,2019,RW,37,6,2,8,-8,10,3,2,1,0,0,2,0,54,11.1,463,12:31:00,0.2,0.3,0.5
Chuck Scherza,1944,1945,LW/C,36,6,6,12,NA,35,6,0,0,0,6,0,0,NA,NA,NA,NA,-0.6,0.3,-0.3
Cameron Schilling,2013,2019,D,10,0,1,1,-2,4,0,0,0,0,1,0,0,6,0,124,12:22:00,-0.1,0.1,0
Ken Schinkel,1960,1973,RW,636,127,198,325,-170,163,102,22,3,21,142,51,5,1395,9.1,NA,NA,12.9,5.8,18.7
Brad Schlegel,1992,1994,D,48,1,8,9,-7,10,1,0,0,0,7,1,0,39,2.6,NA,NA,-0.2,1.8,1.6
David Schlemko,2009,2019,D,415,18,76,94,9,124,16,2,0,5,46,30,0,557,3.2,7186,17:19:00,3.6,17.3,20.9
Andy Schliebener,1982,1985,D,84,2,11,13,-33,74,2,0,0,0,10,1,0,87,2.3,NA,NA,-0.7,2.9,2.3
Jordan Schmaltz,2017,2019,D,42,0,5,5,-7,12,0,0,0,0,4,1,0,21,0,501,11:56:00,-0.1,0.6,0.5
Nick Schmaltz,2017,2026,C,669,175,322,497,-6,154,118,54,3,28,244,75,3,1251,14,11948,17:52:00,33.7,13.7,47.4
Bobby Schmautz,1968,1981,RW,764,271,286,557,37,988,207,57,7,36,199,82,5,2102,12.9,NA,NA,35.3,10.1,45.4
Cliff Schmautz,1971,1971,RW,57,13,19,32,-8,33,11,2,0,2,9,10,0,109,11.9,NA,NA,1.6,0.7,2.3
Chris Schmidt,2003,2003,C/D,10,0,2,2,-1,5,0,0,0,0,2,0,0,10,0,100,10:01:00,-0.1,0.1,0
Clarence Schmidt,1944,1944,RW,7,1,0,1,NA,2,1,0,0,0,0,0,0,NA,NA,NA,NA,-0.2,0.1,-0.2
Jackie Schmidt,1943,1943,LW,45,6,7,13,NA,6,6,0,0,1,7,0,0,NA,NA,NA,NA,-0.9,0.9,-0.1
Milt Schmidt,1937,1955,C/D,776,229,346,575,NA,466,194,31,4,35,276,67,3,NA,NA,NA,NA,50,13.4,63.3
Nate Schmidt,2014,2026,D,822,57,204,261,137,174,49,8,0,7,159,42,3,1071,5.3,15555,18:55:00,13.4,42.8,56.2
Norm Schmidt,1984,1988,D,125,23,33,56,-1,73,19,4,0,0,26,6,1,242,9.5,NA,NA,3,6.4,9.4
Otto Schmidt,1944,1944,D,2,0,0,0,NA,0,0,0,0,0,0,0,0,NA,NA,NA,NA,-0.1,0.1,0
Robert Schnabel,2002,2004,D,22,0,3,3,6,34,0,0,0,0,3,0,0,10,0,304,13:48:00,0,1.2,1.2
Werner Schnarr,1925,1926,C,26,0,0,0,NA,0,NA,NA,NA,0,NA,NA,NA,NA,NA,NA,NA,-2.1,0,-2
Andy Schneider,1994,1994,LW,10,0,0,0,-6,15,0,0,0,0,0,0,0,4,0,NA,NA,-0.4,0,-0.4
Braden Schneider,2022,2026,D,367,20,67,87,18,85,18,0,2,3,65,1,1,395,5.1,6329,17:15:00,2.5,15.1,17.6
Cole Schneider,2016,2017,LW,6,0,1,1,2,0,0,0,0,0,1,0,0,11,0,54,08:58:00,0,0.2,0.1
Mathieu Schneider,1988,2010,D,1289,223,520,743,66,1245,119,100,4,36,223,293,4,3092,7.2,18710,23:03:00,63.4,69.4,132.8
Danny Schock,1971,1971,LW,20,1,2,3,0,0,1,0,0,0,2,0,0,8,12.5,NA,NA,-0.5,0.2,-0.3
Ron Schock,1964,1978,C,909,166,351,517,-74,258,121,31,14,24,287,51,13,1715,9.7,NA,NA,19.6,10.8,30.4
Jim Schoenfeld,1973,1985,D,719,51,204,255,236,1132,35,16,0,5,172,23,9,1251,4.1,NA,NA,9.2,53.2,62.5
Dwight Schofield,1977,1988,D,211,8,22,30,2,628,8,0,0,1,19,3,0,98,8.2,NA,NA,-1.9,10.6,8.7
Wally Schreiber,1988,1989,RW,41,8,10,18,-9,12,4,2,2,2,5,5,0,70,11.4,NA,NA,0.3,0.4,0.7
Rob Schremp,2007,2011,C,114,20,34,54,-23,26,11,9,0,3,26,8,0,165,12.1,1579,13:51:00,3.6,0.7,4.3
Sweeney Schriner,1935,1946,LW,484,201,206,407,NA,148,168,29,4,34,160,43,3,NA,NA,NA,NA,40.1,7.5,47.6
Jordan Schroeder,2013,2018,C,165,18,24,42,5,14,17,1,0,2,23,1,0,188,9.6,1760,10:40:00,1.8,2.2,4
Christoph Schubert,2006,2010,D,315,25,47,72,27,263,21,3,1,1,38,9,0,436,5.7,4053,12:52:00,4.3,8.5,12.9
Corey Schueneman,2022,2025,D,35,2,5,7,-4,8,2,0,0,0,4,1,0,42,4.8,558,15:56:00,0.2,0.8,1
Jimmy Schuldt,2019,2025,D,9,0,1,1,-3,0,0,0,0,0,1,0,0,5,0,131,14:35:00,-0.1,0.1,0
Paxton Schulte,1994,1997,LW,2,0,0,0,1,4,0,0,0,0,0,0,0,1,0,NA,NA,-0.1,0.1,0
Dave Schultz,1972,1980,LW,535,79,121,200,41,2292,75,4,0,11,114,7,0,642,12.3,NA,NA,0.5,7.2,7.7
Jeff Schultz,2007,2016,D,409,11,65,76,78,137,10,0,1,1,63,0,2,217,5.1,7499,18:20:00,0.7,19.3,20
Jesse Schultz,2007,2007,RW,2,0,0,0,0,0,0,0,0,0,0,0,0,6,0,20,10:09:00,-0.1,0,0
Justin Schultz,2013,2024,D,745,71,253,324,-57,198,57,14,0,17,142,111,0,1151,6.2,14663,19:41:00,23.6,25.2,48.8
Nick Schultz,2002,2017,D,1069,30,145,175,-18,483,26,4,0,4,127,9,9,815,3.7,20377,19:04:00,-1.8,49.9,48.2
Ray Schultz,1998,2003,D,45,0,4,4,-1,155,0,0,0,0,4,0,0,12,0,499,11:05:00,-0.2,1.3,1.1
Maynard Schurman,1980,1980,LW,7,0,0,0,-1,0,0,0,0,0,0,0,0,5,0,NA,NA,-0.3,0,-0.2
Rod Schutt,1978,1986,LW,286,77,92,169,-31,177,60,17,0,12,75,17,0,651,11.8,NA,NA,6.8,3.3,10.1
Jaden Schwartz,2012,2026,C,861,233,320,553,28,245,170,58,5,31,261,57,2,1903,12.2,15098,17:32:00,39.8,19.5,59.3
Cole Schwindt,2022,2026,RW,77,5,9,14,-2,4,5,0,0,0,9,0,0,59,8.5,735,09:32:00,-0.2,0.8,0.6
Scott Scissons,1991,1994,C,2,0,0,0,0,0,0,0,0,0,0,0,0,1,0,NA,NA,-0.1,0,0
Enio Sclisizzi,1948,1953,LW,81,12,11,23,NA,26,11,1,0,1,8,3,0,NA,NA,NA,NA,0,1.4,1.4
Ganton Scott,1923,1925,RW,57,1,1,2,NA,0,NA,NA,NA,0,NA,NA,NA,NA,NA,NA,NA,-4,1.3,-2.7
John Scott,2009,2016,LW,286,5,6,11,-19,544,5,0,0,0,6,0,0,108,4.6,2033,07:07:00,-1.8,2.8,0.9
Laurie Scott,1927,1928,LW/C,62,6,3,9,NA,28,NA,NA,NA,1,NA,NA,NA,NA,NA,NA,NA,-1.1,1.4,0.2
Richard Scott,2002,2004,LW,10,0,0,0,0,28,0,0,0,0,0,0,0,2,0,42,04:13:00,-0.1,0,-0.1
Darrel Scoville,2000,2004,D,16,0,1,1,-3,12,0,0,0,0,1,0,0,7,0,239,14:55:00,-0.2,0.3,0.2
Claudio Scremin,1992,1993,D,17,0,1,1,-5,29,0,0,0,0,1,0,0,22,0,NA,NA,-0.3,0.6,0.3
Howard Scruton,1983,1983,D,4,0,4,4,-4,9,0,0,0,0,4,0,0,4,0,NA,NA,0.2,0,0.2
Rob Scuderi,2004,2016,D,783,8,102,110,25,198,8,0,0,1,98,0,4,437,1.8,15141,19:20:00,-5.3,35.9,30.6
Brent Seabrook,2006,2020,D,1114,103,361,464,111,661,63,38,2,19,230,121,10,1996,5.2,24442,21:56:00,32,56.5,88.5
Glen Seabrooke,1987,1989,C,19,1,6,7,0,4,1,0,0,0,4,2,0,13,7.7,NA,NA,-0.1,0.2,0.1
Donovan Sebrango,2025,2026,D,43,0,7,7,-9,68,0,0,0,0,7,0,0,32,0,635,14:46:00,-0.1,0.8,0.7
Al Secord,1979,1990,LW,766,273,223,496,7,2093,207,66,0,28,172,51,0,1627,16.8,NA,NA,24.8,8.7,33.5
Daniel Sedin,2001,2018,LW,1306,393,648,1041,147,546,255,138,0,86,415,229,4,3474,11.3,22211,17:00:00,92,31.1,123.1
Henrik Sedin,2001,2018,C,1330,240,830,1070,165,680,172,61,7,38,520,308,2,1856,12.9,23271,17:30:00,75.7,32.9,108.6
Lukáš Sedlák,2017,2023,C,192,18,17,35,6,68,17,0,1,0,16,0,1,194,9.3,1890,09:51:00,0.3,2.3,2.6
Ron Sedlbauer,1975,1981,LW,430,143,86,229,-54,210,112,30,1,15,65,20,1,970,14.7,NA,NA,11.3,5.4,16.7
Nick Seeler,2018,2026,D,453,15,57,72,16,337,15,0,0,2,52,0,5,481,3.1,6965,15:23:00,0,17.4,17.4
Ronan Seeley,2026,2026,D,1,0,0,0,0,0,0,0,0,0,0,0,0,0,NA,15,15:12:00,0,0,0
Steve Seftel,1991,1991,LW,4,0,0,0,-2,2,0,0,0,0,0,0,0,2,0,NA,NA,-0.2,0,-0.1
Brandon Segal,2009,2013,RW,103,11,11,22,1,85,11,0,0,3,11,0,0,105,10.5,865,08:24:00,1.1,1,2.1
Dan Seguin,1971,1974,LW,37,2,6,8,-7,50,2,0,0,0,5,1,0,24,8.3,NA,NA,-0.7,0.3,-0.4
Steve Seguin,1985,1985,W,5,0,0,0,-5,9,0,0,0,0,0,0,0,5,0,NA,NA,-0.2,-0.1,-0.3
Tyler Seguin,2011,2026,C,1016,367,459,826,99,309,270,95,2,64,313,142,4,3247,11.3,18335,18:03:00,75.9,24.2,100
Earl Seibert,1932,1946,D,657,89,187,276,NA,766,59,18,6,13,139,33,6,NA,NA,NA,NA,23.1,43.1,66.2
Dennis Seidenberg,2003,2018,D,859,44,207,251,39,359,36,8,0,8,150,53,4,1430,3.1,17815,20:44:00,10.9,38.2,49.1
Moritz Seider,2022,2026,D,409,39,201,240,-13,222,25,13,1,7,105,92,4,808,4.8,9765,23:52:00,15.3,21.8,37.1
Ric Seiling,1978,1987,RW/C,738,179,208,387,111,573,144,26,9,23,176,23,9,1160,15.4,NA,NA,12.2,13.2,25.5
Rod Seiling,1963,1979,D,979,62,269,331,145,603,53,6,3,11,208,50,11,1679,3.7,NA,NA,14.6,61,75.6
Jiří Šejba,1991,1991,LW,11,0,2,2,-5,8,0,0,0,0,2,0,0,10,0,NA,NA,-0.3,0,-0.3
Peter Sejna,2003,2007,LW,49,7,4,11,-6,12,4,3,0,0,2,2,0,82,8.5,605,12:21:00,0.2,0.5,0.7
Jiří Sekáč,2015,2016,LW,108,10,19,29,-5,38,7,3,0,0,17,2,0,134,7.5,1391,12:53:00,0.5,1.4,1.9
Andrej Sekera,2007,2022,D,842,51,202,253,12,212,38,10,3,6,144,55,3,1091,4.7,16777,19:56:00,13.1,38.9,52
Ľubomír Sekeráš,2001,2004,D,213,18,53,71,-27,122,9,9,0,4,30,21,2,236,7.6,4456,20:55:00,4.8,9.3,14.1
Teemu Selänne,1993,2014,RW,1451,684,773,1457,95,660,422,255,7,110,438,333,2,4540,15.1,20679,18:34:00,142.9,29.4,172.3
Brit Selby,1965,1972,LW,347,55,62,117,-32,171,47,7,1,10,50,11,1,445,12.4,NA,NA,0.3,4.5,4.9
Steve Self,1977,1977,C,3,0,0,0,-3,0,0,0,0,0,0,0,0,3,0,NA,NA,-0.1,0,-0.2
Alexander Selivanov,1995,2001,RW,459,121,114,235,-57,379,80,41,0,23,79,35,0,1105,11,4060,15:09:00,17.1,5.2,22.3
Luke Sellars,2002,2002,D,1,0,0,0,0,2,0,0,0,0,0,0,0,0,NA,3,03:27:00,0,0,0
Eric Selleck,2013,2016,LW,3,0,1,1,2,22,0,0,0,0,1,0,0,3,0,25,08:28:00,0,0.1,0.2
Sean Selmser,2001,2001,LW,1,0,0,0,0,5,0,0,0,0,0,0,0,2,0,11,11:03:00,0,0,0
Brad Selwood,1971,1980,D,162,7,40,47,-11,153,2,5,0,1,29,11,0,220,3.2,NA,NA,1.3,8.1,9.4
Alexander Semak,1992,1997,C,289,83,91,174,22,187,67,13,3,12,68,20,3,561,14.8,NA,NA,9.8,4.1,13.9
Brandy Semchuk,1993,1993,RW,1,0,0,0,0,2,0,0,0,0,0,0,0,0,NA,NA,NA,0,0,0
Dave Semenko,1980,1988,LW,575,65,88,153,5,1175,56,9,0,8,79,9,0,391,16.6,NA,NA,-7.3,4.4,-2.9
Alexei Semenov,2003,2009,D,211,7,26,33,1,249,4,3,0,0,24,2,0,159,4.4,3253,15:25:00,0.6,6.7,7.3
Anatoli Semenov,1991,1997,C/LW,362,68,126,194,25,122,49,16,3,10,95,24,7,580,11.7,NA,NA,7.3,4.7,12.1
Alexander Semin,2004,2016,LW,650,239,278,517,71,582,170,65,4,32,159,116,3,1871,12.8,11503,17:42:00,50.8,14.7,65.5
Kirill Semyonov,2022,2022,C,3,0,0,0,-2,0,0,0,0,0,0,0,0,1,0,30,10:02:00,-0.1,0,-0.1
Brett Seney,2019,2024,LW,66,6,8,14,-17,39,6,0,0,0,7,1,0,61,9.8,694,10:31:00,0.1,0.3,0.4
George Senick,1953,1953,LW,13,2,3,5,NA,8,2,0,0,0,2,1,0,NA,NA,NA,NA,0.2,0.1,0.3
Beckett Sennecke,2026,2026,F,81,23,37,60,-11,62,21,1,1,2,25,12,0,196,11.7,1420,17:32:00,4.3,1,5.3
Zachary Senyshyn,2019,2022,RW,16,1,2,3,-1,4,1,0,0,0,2,0,0,15,6.7,151,09:26:00,0,0.2,0.1
Jyrki Seppä,1984,1984,D,13,0,2,2,-9,6,0,0,0,0,0,2,0,7,0,NA,NA,-0.1,0,-0.1
Ron Serafini,1974,1974,D,2,0,0,0,-2,2,0,0,0,0,0,0,0,0,NA,NA,NA,0,0,0
Mikhail Sergachev,2017,2026,D,629,73,296,369,42,358,51,20,2,13,179,113,4,1145,6.4,13471,21:25:00,27.1,29.1,56.2
Jeff Serowik,1991,1999,D,28,0,6,6,-3,16,0,0,0,0,3,3,0,27,0,414,15:56:00,0.2,0.6,0.7
George Servinis,1988,1988,LW,5,0,0,0,-2,0,0,0,0,0,0,0,0,8,0,NA,NA,-0.2,0,-0.2
Tim Sestito,2009,2015,C,101,0,8,8,-11,55,0,0,0,0,8,0,0,63,0,996,09:51:00,-2,1,-0.9
Tom Sestito,2008,2017,LW,154,10,11,21,-21,499,8,2,0,1,10,1,0,61,16.4,1007,06:33:00,0.6,0.3,0.9
Devin Setoguchi,2008,2017,RW,516,131,130,261,-11,177,91,40,0,22,101,29,0,1187,11,7848,15:13:00,20.2,9,29.2
Jaroslav Ševčík,1990,1990,LW,13,0,2,2,-5,2,0,0,0,0,1,1,0,9,0,NA,NA,-0.4,0.1,-0.3
Cam Severson,2003,2006,LW,37,3,0,3,-3,63,2,1,0,0,0,0,0,27,11.1,254,06:51:00,0,0.2,0.2
Damon Severson,2015,2026,D,855,81,267,348,-107,531,67,13,1,11,193,69,5,1316,6.2,17955,21:00:00,21.7,31.4,53.1
Brent Severyn,1990,1999,LW,328,10,30,40,-30,825,8,2,0,1,27,2,1,297,3.4,428,06:23:00,-4.4,9.5,5.1
Pierre Sévigny,1994,1998,LW,78,4,5,9,1,64,3,1,0,1,5,0,0,27,14.8,32,10:30:00,-1.9,1,-0.9
Ben Sexton,2018,2018,C,2,0,0,0,-1,0,0,0,0,0,0,0,0,1,0,21,10:17:00,-0.1,0,-0.1
Dan Sexton,2010,2011,RW,88,13,19,32,-9,20,10,3,0,0,18,1,0,171,7.6,1098,12:29:00,1.8,0.8,2.6
Michael Sgarbossa,2013,2025,C,93,9,16,25,-1,27,8,1,0,1,14,2,0,85,10.6,982,10:34:00,0.8,1.1,1.9
Max Shabanov,2026,2026,F,44,5,13,18,-5,2,5,0,0,0,8,5,0,56,8.9,602,13:41:00,0.6,0.7,1.3
Eddie Shack,1959,1975,LW,1047,239,226,465,-111,1431,192,47,0,48,182,44,0,2130,10.9,NA,NA,18,12.6,30.7
Joe Shack,1943,1945,LW,70,9,27,36,NA,20,8,1,0,1,27,0,0,NA,NA,NA,NA,-0.1,0.5,0.4
Konstantin Shafranov,1997,1997,RW,5,2,1,3,1,0,2,0,0,0,1,0,0,8,25,NA,NA,0.3,0.1,0.4
Paul Shakes,1974,1974,D,21,0,4,4,-13,12,0,0,0,0,4,0,0,29,0,NA,NA,-0.1,0.5,0.4
Yevgeny Shaldybin,1997,1997,D,3,1,0,1,-2,0,1,0,0,0,0,0,0,5,20,NA,NA,0.1,0,0.1
Brendan Shanahan,1988,2009,LW,1524,656,698,1354,151,2489,396,237,23,109,414,270,14,5086,12.9,14678,18:06:00,118.4,29.5,148
Sean Shanahan,1976,1978,C/RW,40,1,3,4,-14,47,1,0,0,0,3,0,0,35,2.9,NA,NA,-1.2,0.2,-1.1
Dave Shand,1977,1985,D,421,19,84,103,81,544,18,0,1,2,80,2,2,385,4.9,NA,NA,0.6,26.2,26.8
Daniel Shank,1990,1992,RW,77,13,14,27,-3,175,13,0,0,1,14,0,0,75,17.3,NA,NA,0,0.8,0.8
Chuck Shannon,1940,1940,D,4,0,0,0,NA,2,0,0,0,0,0,0,0,NA,NA,NA,NA,-0.1,0.2,0.1
Darrin Shannon,1989,1998,LW,506,87,163,250,-26,344,58,29,0,11,132,27,4,670,13,755,13:01:00,8.3,6,14.3
Darryl Shannon,1989,2001,D,544,28,111,139,30,523,22,5,1,3,88,19,4,587,4.8,4902,21:19:00,4.5,27.5,32
Gerry Shannon,1934,1938,LW,180,23,29,52,NA,80,22,0,1,3,23,6,0,NA,NA,NA,NA,0.2,2.6,2.8
Ryan Shannon,2007,2012,C,305,35,64,99,-24,90,20,14,1,3,51,13,0,445,7.9,3839,12:35:00,3.6,3.6,7.2
Jeff Shantz,1994,2003,C,642,72,139,211,-1,341,53,11,8,9,114,18,7,728,9.9,5885,14:47:00,2.2,9,11.2
Yegor Sharangovich,2021,2026,C,437,116,110,226,-78,71,87,19,10,15,86,18,6,861,13.5,7118,16:17:00,13.9,5.7,19.6
Vadim Sharifijanov,1997,2000,LW,92,16,21,37,-2,50,14,2,0,2,14,5,2,121,13.2,1167,12:58:00,2.2,1.1,3.3
MacGregor Sharp,2010,2010,C,8,0,0,0,0,0,0,0,0,0,0,0,0,6,0,33,04:10:00,-0.1,0,-0.1
Patrick Sharp,2003,2018,LW,939,287,333,620,39,536,196,74,17,49,225,102,6,2706,10.6,15994,17:02:00,53.8,17.4,71.1
Jeff Sharples,1987,1989,D,105,14,35,49,18,70,9,5,0,0,17,18,0,143,9.8,NA,NA,2.5,5.7,8.2
Glen Sharpley,1977,1982,C,389,117,161,278,-71,199,87,29,1,12,131,28,2,846,13.8,NA,NA,14.9,4,18.9
Kevin Shattenkirk,2011,2024,D,952,103,381,484,-29,544,59,44,0,15,212,166,3,1886,5.5,19311,20:17:00,39.3,41.3,80.6
Scott Shaunessy,1987,1989,D/LW,7,0,0,0,-1,23,0,0,0,0,0,0,0,0,NA,NA,NA,-0.1,0.3,0.2
Andrew Shaw,2012,2021,C,544,116,131,247,24,573,88,28,0,14,104,27,0,1013,11.5,8294,15:15:00,16.3,9.6,25.9
Brad Shaw,1986,1999,D,377,22,137,159,-93,208,11,11,0,1,49,83,5,613,3.6,220,13:44:00,6.2,14.9,21.1
David Shaw,1983,1998,D,769,41,153,194,-35,906,25,13,3,6,103,46,4,1106,3.7,192,13:43:00,2.2,40,42.2
Logan Shaw,2016,2022,RW,232,16,23,39,-13,37,14,1,1,3,20,1,2,273,5.9,2436,10:30:00,-0.9,2.3,1.3
Mason Shaw,2022,2024,C,82,8,12,20,-3,118,8,0,0,0,10,0,2,120,6.7,857,10:27:00,0.3,1,1.3
Norm Shay,1925,1926,D/RW,53,5,4,9,NA,34,NA,NA,NA,1,NA,NA,NA,NA,NA,NA,NA,-1.6,0.5,-1.2
Pat Shea,1932,1932,D,10,0,1,1,NA,0,NA,NA,NA,0,NA,NA,NA,NA,NA,NA,NA,0,0.8,0.8
Ryan Shea,2024,2026,D,150,9,32,41,22,42,9,0,0,0,31,1,0,108,8.3,2555,17:02:00,1.8,6.9,8.6
Riley Sheahan,2012,2023,C,637,74,120,194,-54,97,58,12,4,7,102,13,5,825,9,8896,13:58:00,3.8,8.5,12.3
Rob Shearer,2001,2001,C,2,0,0,0,-2,0,0,0,0,0,0,0,0,0,NA,14,06:45:00,0,-0.1,-0.1
Conor Sheary,2016,2026,LW,654,131,153,284,5,142,114,14,3,22,132,21,0,1099,11.9,9126,13:57:00,17,10.6,27.5
Doug Shedden,1982,1991,C/RW,416,139,186,325,-124,176,85,52,2,14,119,67,0,941,14.8,NA,NA,16.4,3.2,19.7
Bobby Sheehan,1970,1982,C,310,48,63,111,-41,50,41,6,1,4,51,12,0,471,10.2,NA,NA,0.6,4.1,4.7
Neil Sheehy,1984,1992,D,379,18,47,65,29,1316,17,1,0,0,45,1,1,260,6.9,NA,NA,-1.7,19.3,17.6
Tim Sheehy,1978,1980,RW,27,2,1,3,-7,0,2,0,0,0,1,0,0,32,6.3,NA,NA,-0.7,0.1,-0.6
Jody Shelley,2001,2013,LW,627,18,36,54,-35,1538,17,1,0,2,34,2,0,391,4.6,3854,06:09:00,-3.3,3.3,0
Doug Shelton,1968,1968,RW,5,0,1,1,-3,2,0,0,0,0,1,0,0,1,0,NA,NA,-0.1,0,-0.2
Frank Sheppard,1928,1928,C/LW,9,1,0,1,NA,0,NA,NA,NA,0,NA,NA,NA,NA,NA,NA,NA,0,0.2,0.2
Gregg Sheppard,1973,1982,C,657,205,293,498,129,243,156,32,17,32,212,66,15,1635,12.5,NA,NA,29.2,11.1,40.3
James Sheppard,2008,2015,C,394,23,68,91,-38,192,23,0,0,4,59,9,0,412,5.6,4972,12:37:00,-1.8,4.8,3
Johnny Sheppard,1927,1934,LW,311,69,58,127,NA,228,3,0,0,8,3,1,0,NA,NA,NA,NA,12.7,6.4,19.1
Ray Sheppard,1988,2000,RW,817,357,300,657,10,212,231,125,1,52,196,102,2,2114,16.9,1987,16:25:00,54.3,10.1,64.4
John Sherf,1936,1944,LW,19,0,0,0,NA,8,0,0,0,0,0,0,0,NA,NA,NA,NA,-1,0.3,-0.7
Fred Shero,1948,1950,D,145,6,14,20,NA,137,4,2,0,0,12,2,0,NA,NA,NA,NA,0.2,7.9,8.1
Gordon Sherritt,1944,1944,D,8,0,0,0,NA,12,0,0,0,0,0,0,0,NA,NA,NA,NA,-0.2,0.7,0.5
Gord Sherven,1984,1988,C,97,13,22,35,-5,33,12,1,0,2,20,1,1,125,10.4,NA,NA,-0.4,0.8,0.4
Kiefer Sherwood,2019,2026,RW,335,66,65,131,3,170,56,8,2,13,57,7,1,580,11.4,4571,13:39:00,6.6,5.9,12.5
Kole Sherwood,2019,2022,RW,12,0,1,1,-2,9,0,0,0,0,1,0,0,17,0,109,09:03:00,-0.2,0.1,-0.1
Jeff Shevalier,1995,2000,LW,32,5,9,14,-6,8,4,1,0,0,5,3,1,45,11.1,11,02:14:00,0.7,0.2,0.9
Jack Shewchuk,1939,1945,D,187,9,19,28,NA,160,8,1,0,0,16,2,1,NA,NA,NA,NA,-0.9,13.9,13
Alex Shibicky,1936,1946,RW,324,109,92,201,NA,161,87,21,1,11,77,11,4,NA,NA,NA,NA,17.5,6.4,24
Al Shields,1928,1938,D,459,42,47,89,NA,618,13,3,2,4,26,7,0,NA,NA,37,NA,7,24.7,31.2
Bill Shill,1943,1947,RW,79,21,13,34,NA,18,20,1,0,3,12,1,0,NA,NA,NA,NA,1.1,1.4,2.6
Jack Shill,1934,1939,C,160,15,20,35,NA,70,14,1,0,1,18,2,0,NA,NA,NA,NA,-2.3,2.7,0.5
Dominik Shine,2025,2026,F,27,3,1,4,-1,22,3,0,0,0,1,0,0,18,16.7,203,07:30:00,0.1,0.2,0.4
Hunter Shinkaruk,2016,2017,C,15,2,2,4,-7,4,1,1,0,0,1,1,0,17,11.8,194,12:55:00,0.1,-0.1,0
Brendan Shinnimin,2015,2015,C,12,0,1,1,-1,8,0,0,0,0,1,0,0,10,0,132,11:02:00,-0.3,0.1,-0.1
Rick Shinske,1977,1979,C,63,5,16,21,-19,10,4,1,0,1,15,1,0,50,10,NA,NA,-0.5,0.4,-0.1
Vadim Shipachyov,2018,2018,LW,3,1,0,1,3,2,1,0,0,1,0,0,0,3,33.3,32,10:35:00,0.1,0.1,0.3
Jim Shires,1971,1973,LW,56,3,6,9,-25,32,2,1,0,0,5,1,0,58,5.2,NA,NA,-1.3,0.1,-1.3
Sergei Shirokov,2010,2011,RW,8,1,0,1,-3,2,1,0,0,0,0,0,0,10,10,98,12:12:00,-0.1,0,-0.1
Timofei Shishkanov,2004,2006,LW,24,3,2,5,-2,6,3,0,0,0,2,0,0,26,11.5,199,08:18:00,0.2,0.2,0.4
Paul Shmyr,1969,1982,D,343,13,72,85,-1,528,13,0,0,2,65,4,3,323,4,NA,NA,1,19.6,20.6
Bruce Shoebottom,1988,1991,D,35,1,4,5,1,53,1,0,0,0,4,0,0,24,4.2,NA,NA,-0.3,2.2,1.9
Devin Shore,2016,2025,C,498,52,92,144,-61,79,42,5,5,7,72,19,1,523,9.9,6017,12:05:00,3.5,4.7,8.2
Drew Shore,2013,2021,C,98,9,17,26,-20,30,5,2,2,2,15,2,0,149,6,1314,13:25:00,0.3,0.7,1
Eddie Shore,1927,1940,D,551,105,179,284,NA,1099,23,2,1,22,60,24,1,NA,NA,NA,NA,47,51.5,98.4
Hamby Shore,1918,1918,D/LW,18,3,8,11,NA,51,NA,NA,NA,0,NA,NA,NA,NA,NA,NA,NA,-0.4,0.5,0.1
Nick Shore,2015,2020,C,299,18,41,59,-14,98,17,0,1,3,37,4,0,321,5.6,3601,12:03:00,-1.8,3.8,2
Steve Short,1978,1979,LW,6,0,0,0,-5,2,0,0,0,0,0,0,0,2,0,NA,NA,-0.1,0.1,-0.1
Gary Shuchuk,1991,1996,RW,142,13,26,39,-6,70,13,0,0,1,26,0,0,125,10.4,NA,NA,-1.1,1.4,0.3
Ron Shudra,1988,1988,D,10,0,5,5,5,6,0,0,0,0,5,0,0,8,0,NA,NA,0.2,0.6,0.8
Justin Shugg,2015,2015,LW,3,0,0,0,0,2,0,0,0,0,0,0,0,3,0,17,05:42:00,0,0,0
Steve Shutt,1973,1985,LW,930,424,393,817,394,410,329,95,0,50,310,82,1,2403,17.6,NA,NA,58.9,20.6,79.6
Denis Shvidki,2001,2004,RW,76,11,14,25,-5,30,9,2,0,2,9,5,0,72,15.3,896,11:47:00,1.3,0.8,2.2
Babe Siebert,1926,1939,LW/D,594,140,154,294,NA,1002,36,12,0,24,57,14,0,NA,NA,NA,NA,33.2,17.6,50.8
Jonas Siegenthaler,2019,2026,D,449,10,72,82,23,255,9,1,0,2,69,0,3,419,2.4,8438,18:48:00,-1.3,19.8,18.5
Patrick Sieloff,2016,2018,D,2,2,0,2,-1,2,2,0,0,1,0,0,0,4,50,29,14:35:00,0.4,0,0.4
Duncan Siemens,2015,2018,D,20,1,1,2,-7,25,1,0,0,0,1,0,0,16,6.3,248,12:24:00,0,0,0
Jaime Sifers,2009,2010,D,37,0,2,2,-3,24,0,0,0,0,1,1,0,34,0,477,12:53:00,-0.4,0.7,0.3
Jonathan Sigalet,2007,2007,D,1,0,0,0,-2,4,0,0,0,0,0,0,0,1,0,15,14:41:00,0,-0.1,-0.1
Mike Siklenka,2003,2004,RW,2,0,0,0,0,0,0,0,0,0,0,0,0,1,0,7,03:24:00,0,0,0
Dylan Sikura,2018,2022,C,58,3,14,17,5,0,3,0,0,0,14,0,0,82,3.7,640,11:02:00,0.2,0.8,1
Jakob Silfverberg,2013,2024,LW,820,168,205,373,5,264,127,29,12,22,162,37,6,1843,9.1,13426,16:22:00,20,16.2,36.2
Dave Silk,1980,1986,RW,249,54,59,113,-8,271,46,8,0,3,43,16,0,388,13.9,NA,NA,1.6,3,4.6
Zach Sill,2014,2016,C,93,2,3,5,-9,98,2,0,0,0,3,0,0,70,2.9,843,09:04:00,-1.6,0.6,-1
Cole Sillinger,2022,2026,C,367,51,89,140,-58,177,45,5,1,7,82,5,2,663,7.7,5525,15:03:00,3.3,3.9,7.2
Mike Sillinger,1991,2009,C,1049,240,308,548,-191,644,147,69,24,25,208,89,11,1762,13.6,12339,18:12:00,30,10.8,40.9
Owen Sillinger,2025,2025,F,1,0,0,0,0,2,0,0,0,0,0,0,0,0,NA,13,13:09:00,0,0,0
Mike Siltala,1982,1988,RW,7,1,0,1,0,2,1,0,0,0,0,0,0,5,20,NA,NA,-0.1,0.1,0
Risto Siltanen,1980,1987,D,562,90,265,355,-79,266,35,54,1,8,105,159,1,1269,7.1,NA,NA,19.9,24.3,44.2
Jon Sim,1999,2011,LW,469,75,64,139,-43,314,58,17,0,9,58,6,0,829,9,5313,11:20:00,7.3,3.9,11.3
Trevor Sim,1990,1990,RW,3,0,1,1,0,2,0,0,0,0,1,0,0,0,NA,NA,NA,0,0,0
Martin Simard,1991,1993,RW,44,1,5,6,-5,183,0,1,0,0,5,0,0,19,5.3,NA,NA,-1.1,0.3,-0.8
Dmitriy Simashev,2026,2026,D,27,0,1,1,-11,23,0,0,0,0,1,0,0,25,0,411,15:13:00,-0.4,0,-0.4
Radim Šimek,2019,2023,D,209,7,22,29,-41,74,7,0,0,1,22,0,0,171,4.1,3139,15:01:00,-0.3,4.4,4.1
Roman Šimíček,2001,2002,C,63,7,10,17,-8,59,4,3,0,1,4,6,0,37,18.9,709,11:15:00,0.5,0.5,1
Charlie Simmer,1975,1988,LW,712,342,369,711,115,544,215,125,2,42,248,121,0,1531,22.3,NA,NA,47.8,12.7,60.5
Wayne Simmonds,2009,2023,RW,1037,263,263,526,-92,1313,158,102,3,44,194,68,1,2130,12.3,15807,15:15:00,40.8,14.4,55.2
Al Simmons,1972,1976,D,11,0,1,1,-2,21,0,0,0,0,1,0,0,11,0,NA,NA,-0.1,0.4,0.2
Ben Simon,2002,2006,LW,81,3,1,4,-13,47,3,0,0,0,1,0,0,51,5.9,539,06:40:00,-0.7,0.1,-0.7
Chris Simon,1993,2008,LW,782,144,161,305,28,1824,111,33,0,18,137,24,0,1246,11.6,7320,12:19:00,17.9,10.7,28.6
Cully Simon,1943,1945,D,130,4,11,15,NA,121,4,0,0,0,11,0,0,NA,NA,NA,NA,-1.8,11.5,9.7
Dominik Simon,2016,2022,C,256,22,55,77,0,80,21,1,0,1,51,4,0,355,6.2,3136,12:15:00,1.2,3.5,4.7
Jason Simon,1994,1997,LW,5,0,0,0,-1,34,0,0,0,0,0,0,0,0,NA,NA,NA,-0.2,0,-0.2
Thain Simon,1947,1947,D,3,0,0,0,NA,0,0,0,0,0,0,0,0,NA,NA,NA,NA,-0.1,0.2,0.1
Todd Simon,1994,1994,C,15,0,1,1,-3,0,0,0,0,0,0,1,0,14,0,NA,NA,-0.5,0.1,-0.4
Frank Simonetti,1985,1988,D,115,5,8,13,-9,76,5,0,0,1,7,1,0,75,6.7,NA,NA,-1.1,5.8,4.7
Bobby Simpson,1977,1983,LW,175,35,29,64,-4,98,35,0,0,4,26,3,0,269,13,NA,NA,0.5,2.2,2.7
Cliff Simpson,1947,1947,C,6,0,1,1,NA,0,0,0,0,0,1,0,0,NA,NA,NA,NA,-0.2,0.1,-0.1
Craig Simpson,1986,1995,LW,634,247,250,497,3,657,155,91,1,29,164,86,0,1044,23.7,NA,NA,31.5,7.7,39.2
Dillon Simpson,2017,2017,D,3,0,0,0,0,2,0,0,0,0,0,0,0,2,0,33,10:53:00,0,0.1,0
Joe Simpson,1926,1931,D,228,21,19,40,NA,172,NA,NA,NA,3,NA,NA,NA,NA,NA,NA,NA,3.2,17.5,20.7
Reid Simpson,1992,2004,LW,301,18,18,36,-11,838,16,2,0,2,18,0,0,148,12.2,1095,05:35:00,-1.5,2.4,0.8
Todd Simpson,1996,2006,D,580,14,63,77,13,1357,14,0,0,2,61,0,2,477,2.9,8182,16:38:00,-0.9,22.1,21.2
Al Sims,1974,1983,D,476,49,116,165,119,286,42,7,0,6,78,35,3,797,6.1,NA,NA,6.6,27.6,34.2
Shane Sims,2011,2011,D,1,0,0,0,0,0,0,0,0,0,0,0,0,0,NA,7,06:34:00,0,0,0
Reg Sinclair,1951,1953,RW/C,208,49,43,92,NA,139,35,11,3,8,34,9,0,NA,NA,NA,NA,5.9,3,8.9
Alex Singbush,1941,1941,D,32,0,5,5,NA,15,0,0,0,0,5,0,0,NA,NA,NA,NA,-0.2,1.6,1.4
Ilkka Sinisalo,1982,1992,RW,582,204,223,427,126,208,145,47,12,31,155,58,10,1151,17.7,NA,NA,22,9.7,31.7
Ville Sirén,1986,1990,D,290,14,68,82,15,276,12,2,0,0,41,26,1,298,4.7,NA,NA,1.1,15.3,16.5
Bob Sirois,1975,1980,RW,286,92,120,212,-53,42,68,23,1,7,92,28,0,719,12.8,NA,NA,13,2.9,16
Mike Sislo,2014,2016,RW,42,3,2,5,-5,6,2,1,0,0,2,0,0,62,4.8,470,11:11:00,-0.4,0.5,0.1
Colton Sissons,2014,2026,C,755,101,131,232,8,269,88,6,7,15,106,19,6,879,11.5,11025,14:36:00,2.9,13.2,16.1
Darryl Sittler,1971,1985,C,1096,484,637,1121,57,948,324,150,10,57,467,160,10,3815,12.7,NA,NA,81,14.9,95.9
Michal Sivek,2003,2003,C,38,3,3,6,-5,14,2,1,0,0,2,1,0,45,6.7,489,12:52:00,-0.4,0.5,0
Lars-Erik Sjöberg,1980,1980,D,79,7,27,34,-33,48,3,3,1,0,17,10,0,145,4.8,NA,NA,1.6,3.5,5
Tommy Sjödin,1993,1994,D,106,8,40,48,-21,52,2,6,0,1,17,23,0,229,3.5,NA,NA,2.1,4.6,6.7
Fredrik Sjöström,2004,2011,RW,489,46,58,104,-37,190,37,5,4,5,53,3,2,638,7.2,6000,12:16:00,-1.5,5.7,4.2
Bjørn Skaare,1979,1979,C,1,0,0,0,0,0,0,0,0,0,0,0,0,1,0,NA,NA,0,0,0
Jarrod Skalde,1991,2002,C,115,13,21,34,-23,62,11,2,0,4,18,4,0,143,9.1,449,12:09:00,0.2,0.7,0.8
Randy Skarda,1990,1992,D,26,0,5,5,2,11,0,0,0,0,5,0,0,8,0,NA,NA,-0.2,1.5,1.3
Jack Skille,2008,2017,RW,368,43,41,84,-52,118,41,1,1,3,41,0,0,642,6.7,3975,10:48:00,2.9,2.4,5.3
Raymie Skilton,1918,1918,D,1,0,0,0,NA,0,NA,NA,NA,0,NA,NA,NA,NA,NA,NA,NA,-0.1,0,-0.1
Alf Skinner,1918,1926,RW,71,26,12,38,NA,93,NA,NA,NA,1,NA,NA,NA,NA,NA,NA,NA,-0.1,1.5,1.4
Brett Skinner,2009,2009,D,11,0,0,0,3,4,0,0,0,0,0,0,0,5,0,129,11:43:00,-0.2,0.5,0.4
Hunter Skinner,2026,2026,D,1,0,0,0,1,0,0,0,0,0,0,0,0,0,NA,11,10:45:00,0,0.1,0.1
Jeff Skinner,2011,2026,LW/C,1110,379,333,712,-137,491,302,77,0,47,242,91,0,3386,11.2,18421,16:36:00,63.9,16.9,80.8
Larry Skinner,1977,1980,C,47,10,12,22,-18,8,5,5,0,0,6,6,0,83,12,NA,NA,0.7,0.3,1
Brady Skjei,2016,2026,D,772,81,225,306,-9,412,70,7,4,10,179,38,8,1478,5.5,16197,20:59:00,18.7,35.8,54.6
Wade Skolney,2006,2006,D,1,0,0,0,0,2,0,0,0,0,0,0,0,0,NA,7,06:52:00,0,0,0
Wilmer Skoog,2026,2026,F,2,0,0,0,1,4,0,0,0,0,0,0,0,2,0,31,15:32:00,-0.1,0.1,0
Andrei Skopintsev,1999,2001,D,40,2,4,6,-10,32,2,0,0,1,1,2,1,27,7.4,672,16:48:00,0.1,0.5,0.7
Martin Škoula,2000,2010,D,776,44,152,196,16,328,27,17,0,5,107,43,2,786,5.6,15225,19:37:00,8.2,36.8,45
Glen Skov,1950,1961,C/LW,650,106,136,242,-6,411,83,20,3,18,112,21,3,79,3.8,NA,NA,7.7,10.7,18.4
Kārlis Skrastiņš,1999,2011,D,832,32,104,136,-45,375,27,1,4,8,94,5,5,695,4.6,16829,20:14:00,-1.1,33.2,32.1
Pavel Skrbek,1999,2002,D,12,0,0,0,1,8,0,0,0,0,0,0,0,3,0,147,12:15:00,-0.2,0.4,0.2
Petri Skriko,1985,1993,RW,541,183,222,405,-101,246,120,51,12,22,140,73,9,1321,13.9,NA,NA,22.6,5.7,28.2
Rob Skrlac,2004,2004,LW,8,1,0,1,1,22,1,0,0,1,0,0,0,3,33.3,18,02:15:00,0.2,0.1,0.2
Brian Skrudland,1986,2000,C,881,124,219,343,108,1107,106,7,11,19,203,9,7,976,12.7,561,09:03:00,4.4,15.4,19.8
Juraj Slafkovsky,2023,2026,LW,282,72,112,184,-19,185,45,27,0,7,85,27,0,507,14.2,4838,17:09:00,11.7,4.6,16.3
Landon Slaggert,2024,2026,LW,101,6,11,17,-8,43,6,0,0,2,11,0,0,95,6.3,1134,11:14:00,-0.9,1.4,0.5
John Slaney,1994,2004,D,268,22,69,91,-26,99,12,9,1,4,37,29,3,412,5.3,2450,18:09:00,5.3,9.6,14.8
Jim Slater,2006,2015,C,584,67,71,138,-17,407,60,2,5,7,68,2,1,762,8.8,6456,11:03:00,3.7,5.5,9.2
Jaccob Slavin,2016,2026,D,784,56,251,307,175,98,45,7,4,10,214,21,16,1349,4.2,17555,22:23:00,15,54.4,69.5
Josiah Slavin,2022,2026,LW,17,0,1,1,1,6,0,0,0,0,1,0,0,13,0,210,12:23:00,-0.5,0.3,-0.2
John Sleaver,1954,1957,C,13,1,0,1,NA,4,1,0,0,0,0,0,0,NA,NA,NA,NA,-0.4,0.1,-0.3
Jiří Šlégr,1993,2006,D,622,56,193,249,32,838,38,14,4,7,120,68,5,1144,4.9,7958,19:11:00,16.6,27.2,43.8
Louis Sleigher,1980,1986,RW,194,46,53,99,22,146,42,3,1,6,48,5,0,263,17.5,NA,NA,2.5,2.7,5.2
Anton Slepyshev,2016,2018,LW,102,10,13,23,-4,14,10,0,0,0,13,0,0,133,7.5,1142,11:12:00,0.3,1.1,1.4
Blake Sloan,1999,2004,RW,290,11,32,43,-17,162,11,0,0,2,30,1,1,265,4.2,3309,11:25:00,-3.5,3.7,0.2
Tod Sloan,1948,1961,C/RW,744,220,262,482,12,842,161,58,1,32,175,86,1,294,10.5,NA,NA,39.5,12.7,52.1
Tyler Sloan,2009,2011,D,99,4,13,17,-3,50,4,0,0,0,13,0,0,54,7.4,1415,14:18:00,0.6,1.9,2.5
David Sloane,2009,2009,RW,1,0,0,0,0,0,0,0,0,0,0,0,0,0,NA,7,06:44:00,0,0,0
Peter Slobodian,1941,1941,D,41,3,2,5,NA,56,3,0,0,1,2,0,0,NA,NA,NA,NA,-0.2,0.7,0.5
Ed Slowinski,1948,1953,RW,291,58,74,132,NA,63,45,13,0,8,58,15,1,NA,NA,NA,NA,6.8,3.4,10.2
Darryl Sly,1966,1971,D,79,1,2,3,-8,20,1,0,0,0,2,0,0,36,2.8,NA,NA,-1.2,3.3,2.1
Matt Smaby,2008,2011,D,122,0,6,6,-19,106,0,0,0,0,6,0,0,61,0,1659,13:36:00,-1.3,1.9,0.5
Doug Smail,1981,1993,LW,845,210,249,459,-35,602,176,6,28,32,217,14,18,1421,14.8,NA,NA,15.5,10.9,26.4
Alex Smart,1943,1943,LW,8,5,2,7,NA,0,5,0,0,1,2,0,0,NA,NA,NA,NA,0.5,0.1,0.6
Dale Smedsmo,1973,1973,LW,4,0,0,0,0,0,0,0,0,0,0,0,0,2,0,NA,NA,-0.2,0.1,-0.1
Richard Šmehlík,1993,2003,D,644,49,146,195,62,415,39,5,5,5,115,22,9,696,7,7922,20:54:00,9.3,35.2,44.5
Jiri Smejkal,2024,2024,F,20,1,1,2,-6,4,1,0,0,0,1,0,0,10,10,190,09:29:00,-0.2,0,-0.2
Ladislav Šmíd,2007,2016,D,583,12,60,72,-68,472,12,0,0,0,54,4,2,365,3.3,10716,18:23:00,-3.7,18.8,15.1
Don Smillie,1934,1934,LW,12,2,2,4,NA,4,2,0,0,0,2,0,0,NA,NA,NA,NA,0.2,0.2,0.3
Alexei Smirnov,2003,2004,LW,52,3,3,6,-1,20,3,0,0,1,3,0,0,54,5.6,447,08:36:00,-0.3,0.6,0.3
Alex Smith,1925,1935,D,443,41,51,92,NA,645,7,0,0,8,10,4,0,NA,NA,NA,NA,8.8,39.2,48
Art Smith,1928,1931,D,144,15,10,25,NA,253,NA,NA,NA,4,NA,NA,NA,NA,NA,NA,NA,3.3,10.1,13.4
Barry Smith,1976,1981,C,114,7,7,14,-18,10,6,0,1,0,6,0,1,67,10.4,NA,NA,-3.1,1.5,-1.7
Ben Smith,2011,2017,RW,237,29,25,54,-3,8,28,1,0,4,24,1,0,254,11.4,2953,12:28:00,1,2.8,3.8
Bobby Smith,1979,1993,C,1077,357,679,1036,-8,919,231,125,1,51,422,254,3,2706,13.2,NA,NA,59.5,15.7,75.1
Brad Smith,1979,1987,RW,222,28,34,62,-31,593,27,1,0,4,30,4,0,224,12.5,NA,NA,-2.4,2.2,-0.2
Brandon Smith,1999,2003,D,33,3,4,7,-5,10,2,1,0,0,3,1,0,29,10.3,527,15:58:00,0.5,0.8,1.3
Brendan Smith,2012,2026,D,741,39,107,146,-16,798,34,3,2,3,96,8,3,821,4.8,11959,16:08:00,4.8,23.8,28.6
Brian Smith,1958,1961,LW,61,2,8,10,-7,12,2,0,0,0,7,1,0,74,2.7,NA,NA,-1.6,0.9,-0.7
Brian Smith,1968,1969,LW,67,10,10,20,-5,33,9,1,0,3,9,1,0,107,9.3,NA,NA,-0.2,0.8,0.6
C.J. Smith,2017,2022,LW,15,2,1,3,-2,0,2,0,0,1,1,0,0,20,10,158,10:30:00,0.1,0.1,0.2
Carl Smith,1944,1944,RW,7,1,1,2,NA,2,1,0,0,0,1,0,0,NA,NA,NA,NA,-0.2,0.2,0
Clint Smith,1937,1947,C,483,161,237,398,NA,24,137,23,1,17,194,42,1,NA,NA,NA,NA,26.5,8,34.5
Cole Smith,2021,2026,F,291,25,39,64,-23,232,24,0,1,7,33,0,6,318,7.9,3843,13:12:00,-2,4.1,2.1
Colin Smith,2015,2015,C,1,0,0,0,0,0,0,0,0,0,0,0,0,1,0,6,06:06:00,0,0,0
Craig Smith,2012,2025,C,987,220,232,452,88,395,172,48,0,32,191,41,0,2319,9.5,13842,14:01:00,32.7,18.8,51.5
D.J. Smith,1997,2003,D,45,1,1,2,-4,67,1,0,0,0,1,0,0,13,7.7,168,04:32:00,0,0.4,0.3
Dallas Smith,1960,1978,D,889,55,252,307,318,955,49,1,5,5,234,6,12,1408,3.9,NA,NA,13.9,55.9,69.8
Dalton Smith,2020,2020,LW,1,0,0,0,1,2,0,0,0,0,0,0,0,0,NA,1,01:26:00,0,0,0
Dan Smith,1999,2006,D,22,0,0,0,8,16,0,0,0,0,0,0,0,7,0,259,11:47:00,-0.3,1.1,0.9
Dennis Smith,1990,1991,D,8,0,0,0,3,4,0,0,0,0,0,0,0,1,0,NA,NA,-0.2,0.6,0.4
Derek Smith,1977,1983,C/LW,335,78,116,194,26,60,55,23,0,5,83,33,0,560,13.9,NA,NA,6.6,5,11.6
Derek Smith,2010,2014,D,94,2,12,14,-17,24,2,0,0,1,8,4,0,91,2.2,1314,13:59:00,0.3,1.7,2
Derrick Smith,1985,1994,LW,537,82,92,174,-14,373,79,0,3,12,87,1,4,874,9.4,NA,NA,-2,6.2,4.3
Des Smith,1938,1942,D,195,22,26,48,NA,246,21,0,1,2,24,2,0,NA,NA,NA,NA,2.8,13.8,16.7
Don Smith,1920,1920,LW/C,12,1,0,1,NA,6,NA,NA,NA,0,NA,NA,NA,NA,NA,NA,NA,-0.8,0.3,-0.5
Don Smith,1950,1950,LW/C,10,1,1,2,NA,0,1,0,0,1,1,0,0,NA,NA,NA,NA,-0.1,0.1,0
Doug Smith,1982,1990,C,535,115,138,253,-130,624,87,24,4,9,98,36,4,1084,10.6,NA,NA,5,3.6,8.7
Floyd Smith,1955,1972,RW,617,129,178,307,-7,201,96,29,4,18,134,43,1,1185,10.9,NA,NA,13.1,9,22.1
Gemel Smith,2017,2022,C,91,12,13,25,1,58,11,0,1,0,13,0,0,77,15.6,905,09:57:00,1.4,1.1,2.5
Geoff Smith,1990,1999,D,462,18,73,91,-20,282,13,4,1,0,60,12,1,414,4.3,382,20:06:00,-0.8,21.6,20.8
Givani Smith,2020,2025,RW,168,9,13,22,-31,268,9,0,0,1,13,0,0,158,5.7,1378,08:12:00,-0.8,0.6,-0.2
Glen Smith,1951,1951,RW,2,0,0,0,NA,0,0,0,0,0,0,0,0,NA,NA,NA,NA,-0.1,0,-0.1
Glenn Smith,1922,1922,D,9,0,0,0,NA,0,NA,NA,NA,0,NA,NA,NA,NA,NA,NA,NA,-0.5,0.8,0.4
Gord Smith,1975,1980,D,299,9,30,39,-141,284,5,4,0,1,25,3,2,211,4.3,NA,NA,-2.3,7.9,5.6
Greg Smith,1976,1988,D,829,56,232,288,-113,1110,44,11,1,7,179,45,8,1142,4.9,NA,NA,8.6,39.6,48.2
Hooley Smith,1925,1941,C/RW,717,200,226,426,NA,1056,69,8,0,43,90,14,1,NA,NA,NA,NA,51.5,13.7,65.2
Jason Smith,1994,2009,D,1008,41,128,169,26,1099,37,1,3,6,122,2,4,1092,3.8,16626,20:12:00,0,48.3,48.3
Ken Smith,1945,1951,LW,331,78,93,171,NA,49,66,9,3,12,75,18,0,NA,NA,NA,NA,8.7,4.9,13.6
Mark Smith,2001,2008,C,377,23,47,70,-10,457,18,4,1,2,41,5,1,343,6.7,3478,09:13:00,-0.3,3.4,3.2
Nakina Smith,1944,1944,C,10,1,2,3,NA,0,1,0,0,1,2,0,0,NA,NA,NA,NA,-0.3,0.2,0
Nathan Smith,2004,2010,C,26,0,0,0,-5,14,0,0,0,0,0,0,0,10,0,201,07:43:00,-0.6,0,-0.6
Nathan Smith,2022,2023,C,14,2,2,4,-2,6,2,0,0,0,2,0,0,16,12.5,171,12:14:00,0.1,0.1,0.2
Nick Smith,2002,2002,C,15,0,0,0,-1,0,0,0,0,0,0,0,0,2,0,62,04:09:00,-0.2,0,-0.1
Randy Smith,1986,1987,C,3,0,0,0,-2,0,0,0,0,0,0,0,0,0,NA,NA,NA,-0.1,0,-0.1
Reilly Smith,2012,2026,RW,987,240,336,576,126,238,175,49,16,38,258,68,10,1992,12,16345,16:34:00,39.7,22.6,62.3
Rick Smith,1969,1981,D,687,52,167,219,181,558,47,5,0,7,148,15,4,867,6,NA,NA,8.2,39.9,48.1
Rodger Smith,1926,1931,D,210,20,4,24,NA,180,NA,NA,NA,4,NA,NA,NA,NA,NA,NA,NA,2,13,15.1
Ron Smith,1973,1973,D,11,1,1,2,-7,14,1,0,0,0,1,0,0,10,10,NA,NA,0,0.3,0.3
Sid Smith,1947,1958,LW,601,186,183,369,NA,90,130,54,2,33,140,42,1,NA,NA,NA,NA,32.8,10.8,43.6
Stan Smith,1940,1941,C,9,2,1,3,NA,0,2,0,0,0,0,1,0,NA,NA,NA,NA,0.1,0.2,0.2
Steve Smith,1982,1989,D,17,0,1,1,0,15,0,0,0,0,1,0,0,14,0,NA,NA,-0.3,0.8,0.5
Steve Smith,1985,2001,D,804,72,303,375,139,2139,45,26,1,10,180,115,8,1128,6.4,2208,21:39:00,17.8,45.1,62.8
Stu Smith,1941,1942,LW,4,2,2,4,NA,0,2,0,0,1,2,0,0,NA,NA,NA,NA,0.4,0.1,0.5
Stu Smith,1980,1983,D,77,2,10,12,-36,95,2,0,0,0,10,0,0,72,2.8,NA,NA,-0.6,2.2,1.6
Tommy Smith,1920,1920,C,10,0,1,1,NA,11,NA,NA,NA,0,NA,NA,NA,NA,NA,NA,NA,-0.7,0,-0.7
Trevor Smith,2009,2017,C,107,9,11,20,-13,20,9,0,0,2,9,1,1,94,9.6,1188,11:06:00,0,0.7,0.7
Ty Smith,2021,2025,D,131,9,40,49,-31,52,7,2,0,0,27,13,0,187,4.8,2412,18:25:00,2.8,2.7,5.5
Vern Smith,1985,1985,D,1,0,0,0,0,0,0,0,0,0,0,0,0,0,NA,NA,NA,0,0,0
Wayne Smith,1967,1967,D,2,1,1,2,7,2,1,0,0,0,1,0,0,2,50,NA,NA,0.2,0.1,0.4
Will Smith,2025,2026,C,141,41,61,102,-14,34,28,13,0,5,45,16,0,288,14.2,2397,17:00:00,7.4,2.4,9.8
Wyatt Smith,2000,2008,C,211,10,22,32,-18,65,7,1,2,0,19,1,2,179,5.6,2308,10:56:00,-2.2,2.1,-0.2
Zack Smith,2009,2020,C,662,98,106,204,-46,722,77,6,15,15,92,7,7,1035,9.5,9752,14:44:00,5.8,8.3,14.1
Devante Smith-Pelly,2012,2019,RW,395,44,57,101,-41,137,41,1,2,8,51,5,1,531,8.3,4965,12:34:00,2.1,3.9,5.9
Jerred Smithson,2003,2014,C,606,39,57,96,-43,363,33,1,5,6,51,1,5,438,8.9,7509,12:23:00,-7.3,6.7,-0.5
Radek Smoleňák,2009,2010,LW,7,0,1,1,1,15,0,0,0,0,1,0,0,15,0,55,07:49:00,-0.1,0.1,0
Bryan Smolinski,1993,2008,C,1056,274,377,651,46,606,191,69,14,45,252,116,9,2466,11.1,13527,17:27:00,44.3,19.2,63.6
Jordan Smotherman,2008,2009,LW,4,1,1,2,1,0,1,0,0,0,1,0,0,2,50,36,09:04:00,0.2,0.1,0.3
Peter Smrek,2001,2002,D,28,2,4,6,-5,18,2,0,0,1,2,1,1,16,12.5,429,15:19:00,0.4,0.2,0.6
John Smrke,1978,1980,LW,103,11,17,28,-28,33,10,0,1,0,15,1,1,124,8.9,NA,NA,-1.2,0.9,-0.3
Stan Smrke,1957,1958,LW,9,0,3,3,NA,0,0,0,0,0,3,0,0,NA,NA,NA,NA,-0.1,0.2,0.1
Stan Smyl,1979,1991,RW,896,262,411,673,-87,1556,175,74,13,20,300,107,4,1907,13.7,NA,NA,32.7,11.8,44.4
Rod Smylie,1921,1926,W,74,3,2,5,NA,12,NA,NA,NA,0,NA,NA,NA,NA,NA,NA,NA,-4.6,1.8,-2.8
Brad Smyth,1996,2003,RW,88,15,13,28,-17,109,12,3,0,1,7,6,0,140,10.7,200,10:30:00,1,0.6,1.6
Greg Smyth,1987,1997,D,229,4,16,20,-24,783,3,1,0,0,15,1,0,132,3,NA,NA,-2.9,10.3,7.4
Kevin Smyth,1994,1996,LW,58,6,8,14,-9,31,5,1,0,0,7,1,0,55,10.9,NA,NA,-0.5,0.5,0
Ryan Smyth,1995,2014,LW,1270,386,456,842,-54,976,219,159,8,56,327,122,7,3433,11.2,21291,18:44:00,64.3,23.6,88
Carl Sneep,2012,2012,D,1,0,1,1,1,0,0,0,0,0,1,0,0,0,NA,16,16:19:00,0.1,0.1,0.2
Chris Snell,1994,1995,D,34,2,7,9,-8,24,0,0,2,0,4,3,0,49,4.1,NA,NA,0.3,0.9,1.2
Ron Snell,1969,1970,RW,7,3,2,5,2,6,1,2,0,1,2,0,0,12,25,NA,NA,0.4,0.2,0.6
Ted Snell,1974,1975,RW,104,7,18,25,-40,22,6,0,1,0,13,3,2,101,6.9,NA,NA,-1.8,0.7,-1.1
Harold Snepsts,1975,1991,D,1033,38,195,233,-59,2009,31,5,2,6,175,13,7,964,3.9,NA,NA,-0.8,54.8,54
Joe Snively,2022,2024,F,27,6,5,11,5,2,5,1,0,0,5,0,0,37,16.2,315,11:40:00,0.8,0.6,1.3
Sandy Snow,1969,1969,RW,3,0,0,0,0,2,0,0,0,0,0,0,0,1,0,NA,NA,-0.1,0,-0.1
Dave Snuggerud,1990,1993,RW,265,30,54,84,-23,127,22,1,7,5,47,4,3,403,7.4,NA,NA,-1.3,2.9,1.6
Jimmy Snuggerud,2025,2026,RW,76,22,32,54,14,18,16,6,0,5,28,4,0,177,12.4,1260,16:35:00,3.9,2.1,6
Dan Snyder,2001,2003,C,49,11,5,16,-7,64,10,0,1,1,4,1,0,50,22,527,10:45:00,1.5,0.3,1.8
Dennis Sobchuk,1980,1983,C,35,5,6,11,-10,2,5,0,0,0,4,2,0,49,10.2,NA,NA,-0.2,0.2,0
Gene Sobchuk,1974,1974,LW/C,1,0,0,0,0,0,0,0,0,0,0,0,0,0,NA,NA,NA,0,0,0
Vladimír Sobotka,2008,2020,C,548,53,118,171,-22,362,47,3,3,9,99,17,2,721,7.4,7947,14:30:00,1.7,9.1,10.8
Carl Söderberg,2013,2021,C,597,110,187,297,-25,210,77,29,4,13,142,42,3,1123,9.8,9589,16:04:00,16.9,10,27
Elmer Söderblom,2023,2026,RW,106,16,16,32,1,37,16,0,0,4,16,0,0,137,11.7,1257,11:51:00,1.2,1.6,2.9
Victor Söderström,2021,2026,D,61,1,11,12,-4,30,1,0,0,0,8,3,0,60,1.7,967,15:51:00,0.1,1.8,1.8
Egor Sokolov,2022,2023,F,13,1,1,2,-4,4,1,0,0,1,1,0,0,13,7.7,118,09:05:00,0,0,0
Ken Solheim,1981,1986,LW,135,19,20,39,-26,34,13,6,0,4,13,7,0,197,9.6,NA,NA,-1.3,1.2,-0.1
Bob Solinger,1952,1960,W,99,10,11,21,0,19,8,1,1,1,10,1,0,0,NA,NA,NA,-1.1,1.9,0.8
Ilya Solovyov,2024,2026,D,45,1,11,12,-6,22,1,0,0,0,10,0,1,39,2.6,620,13:46:00,0.5,0.8,1.3
Art Somers,1930,1935,C,222,33,56,89,NA,195,1,0,0,7,7,0,0,NA,NA,NA,NA,3.7,4.2,7.9
Radovan Somík,2003,2004,RW,113,12,20,32,7,27,11,0,1,2,20,0,0,136,8.8,1533,13:34:00,0.6,2.1,2.6
Roy Sommer,1981,1981,LW/C,3,1,0,1,0,7,1,0,0,0,0,0,0,1,100,NA,NA,0,0,0.1
Tom Songin,1979,1981,RW,43,5,5,10,-2,22,4,1,0,1,5,0,0,42,11.9,NA,NA,-0.6,0.4,-0.2
Glen Sonmor,1954,1955,LW,28,2,0,2,NA,21,2,0,0,2,0,0,0,NA,NA,NA,NA,-0.8,0.3,-0.5
Martin Sonnenberg,1999,2004,LW,63,2,3,5,-4,21,1,1,0,0,3,0,0,38,5.3,324,05:09:00,-0.2,0.2,0
Brent Sopel,1999,2011,D,659,44,174,218,32,309,26,18,0,11,109,59,6,956,4.6,12473,18:56:00,13.7,27.2,40.9
Marcus Sorensen,2017,2021,RW,226,31,33,64,-13,74,29,0,2,3,32,0,1,256,12.1,2832,12:32:00,1.6,2.8,4.5
Nick Sörensen,2017,2017,RW,5,0,1,1,-1,2,0,0,0,0,1,0,0,7,0,54,10:53:00,0,0,0
Lee Sorochan,1999,2000,D,3,0,0,0,-3,0,0,0,0,0,0,0,0,5,0,35,11:42:00,0,-0.2,-0.2
John Sorrell,1931,1941,LW,490,127,120,247,NA,100,75,21,0,25,78,20,0,NA,NA,NA,NA,21.5,8.5,30
Nikita Soshnikov,2016,2023,RW,90,8,8,16,-8,26,7,1,0,0,7,1,0,125,6.4,1010,11:14:00,-0.2,0.8,0.6
Carson Soucy,2018,2026,D,441,32,67,99,54,282,29,1,2,5,61,3,3,468,6.8,7368,16:42:00,3.9,19.4,23.3
Sheldon Souray,1998,2013,D,758,109,191,300,-22,1145,53,51,5,22,103,83,5,1770,6.2,15539,20:30:00,25.2,33.7,58.9
Justin Sourdif,2024,2026,RW,82,16,20,36,18,35,13,3,0,2,20,0,0,112,14.3,1186,14:28:00,1.8,2,3.8
David Spacek,2026,2026,D,2,0,0,0,-1,0,0,0,0,0,0,0,0,0,NA,22,10:45:00,0,0,-0.1
Jaroslav Špaček,1999,2012,D,880,82,273,355,49,618,42,37,3,11,141,123,9,1335,6.1,18764,21:19:00,25.2,44,69.3
Nick Spaling,2010,2016,C,437,52,72,124,-26,120,45,6,1,8,66,4,2,493,10.5,6510,14:54:00,1.2,6.4,7.5
Martin Špaňhel,2001,2002,LW,10,2,0,2,-3,4,2,0,0,0,0,0,0,14,14.3,120,11:58:00,0.1,0,0.1
Emory Sparrow,1925,1925,RW/C,8,0,0,0,NA,4,NA,NA,NA,0,NA,NA,NA,NA,NA,NA,NA,-0.6,0,-0.6
Fred Speck,1969,1972,C,28,1,2,3,-18,2,1,0,0,0,2,0,0,37,2.7,NA,NA,-0.9,-0.2,-1.1
Bill Speer,1968,1971,D,130,5,20,25,-22,79,3,2,0,1,13,7,0,149,3.4,NA,NA,0.3,6.3,6.6
Blake Speers,2017,2022,C,5,0,0,0,-3,2,0,0,0,0,0,0,0,4,0,47,09:21:00,-0.1,0,-0.2
Ted Speers,1986,1986,RW,4,1,1,2,2,0,1,0,0,0,1,0,0,6,16.7,NA,NA,0.1,0.1,0.2
Gordon Spence,1926,1926,LW,3,0,0,0,NA,0,NA,NA,NA,0,NA,NA,NA,NA,NA,NA,NA,-0.2,0,-0.2
Jordan Spence,2022,2026,D,252,15,76,91,44,52,14,1,0,2,62,14,0,319,4.7,4252,16:52:00,5.1,12.5,17.6
Brian Spencer,1970,1979,LW,553,80,143,223,-52,634,74,6,0,8,127,16,0,793,10.1,NA,NA,1.8,6.2,8.1
Irv Spencer,1960,1968,D,230,12,38,50,-39,127,10,2,0,2,27,10,1,287,4.2,NA,NA,1.5,8.9,10.4
Chris Speyer,1924,1934,D,14,0,0,0,NA,0,0,0,0,0,0,0,0,NA,NA,NA,NA,-0.4,0.7,0.3
Jason Spezza,2003,2022,C,1248,363,632,995,5,604,243,117,3,55,381,249,2,2866,12.7,20542,16:28:00,88.8,20.7,109.5
Matthew Spiller,2004,2008,D,68,0,2,2,-14,74,0,0,0,0,1,0,1,31,0,808,11:53:00,-0.7,0.6,-0.2
Ryan Spooner,2013,2019,C,325,48,119,167,-21,63,35,13,0,12,77,41,1,600,8,4560,14:02:00,10.9,4.3,15.2
Corey Spring,1998,1999,RW,16,1,1,2,-1,12,1,0,0,0,1,0,0,18,5.6,113,07:03:00,-0.1,0.1,0
Don Spring,1981,1984,D,259,1,54,55,-54,80,1,0,0,0,53,0,1,179,0.6,NA,NA,-1.3,11.1,9.8
Frank Spring,1970,1977,RW,61,14,20,34,-7,12,8,6,0,0,12,8,0,98,14.3,NA,NA,1.3,0.9,2.2
Jesse Spring,1924,1930,D,133,11,4,15,NA,78,NA,NA,NA,3,NA,NA,NA,NA,NA,2,NA,-2.6,9.8,7.1
Daniel Sprong,2016,2025,RW,374,87,79,166,-3,68,72,15,0,12,58,21,0,776,11.2,4475,11:58:00,12.6,4.9,17.5
Ryan Sproul,2014,2018,D,44,2,10,12,-14,12,1,1,0,0,7,3,0,64,3.1,689,15:40:00,0.6,0.5,1.1
Andy Spruce,1977,1979,LW,172,31,42,73,-45,111,26,5,0,1,35,7,0,229,13.5,NA,NA,1.4,1.6,3
Jānis Sprukts,2007,2009,C,14,1,2,3,1,2,1,0,0,0,1,1,0,11,9.1,95,06:45:00,0.1,0.1,0.3
Jared Spurgeon,2011,2026,D,1012,123,315,438,127,174,87,36,0,25,207,102,6,1633,7.5,22172,21:55:00,31.4,59,90.4
Tomáš Sršeň,1991,1991,RW,2,0,0,0,0,0,0,0,0,0,0,0,0,2,0,NA,NA,-0.1,0,-0.1
Martin St. Amour,1993,1993,LW,1,0,0,0,0,2,0,0,0,0,0,0,0,2,0,NA,NA,0,0,0
Frédéric St. Denis,2012,2015,D,21,1,3,4,2,10,1,0,0,0,3,0,0,13,7.7,300,14:17:00,0.2,0.8,1.1
Jack St. Ivany,2024,2026,D,53,0,9,9,1,25,0,0,0,0,9,0,0,40,0,829,15:39:00,-0.1,1.8,1.7
Bruno St. Jacques,2002,2006,D,67,3,7,10,-6,47,3,0,0,0,7,0,0,41,7.3,941,14:03:00,0.4,1.7,2.1
André St. Laurent,1974,1984,C,644,129,187,316,5,749,105,20,4,13,152,31,4,1183,10.9,NA,NA,8.4,9.5,17.9
Dollard St. Laurent,1951,1962,D,652,29,133,162,15,500,21,6,2,4,123,7,3,283,2.1,NA,NA,6.7,47.5,54.2
Martin St. Louis,1999,2015,RW,1134,391,642,1033,37,310,261,101,29,66,409,216,17,2884,13.6,23096,20:22:00,87.9,27,114.8
Frank St. Marseille,1968,1977,RW,707,140,285,425,32,244,119,21,0,16,214,71,0,1595,8.8,NA,NA,19.4,12.2,31.5
Martin St. Pierre,2006,2014,C,39,3,5,8,-10,12,1,1,1,1,5,0,0,31,9.7,474,12:09:00,-0.2,0.1,-0.1
Claude St. Sauveur,1976,1976,C,79,24,24,48,-7,23,13,11,0,3,15,9,0,171,14,NA,NA,2.4,1,3.4
Eric Staal,2004,2023,C,1365,455,608,1063,-83,854,301,133,21,72,416,184,8,4041,11.3,26097,19:07:00,89,26.3,115.2
Jared Staal,2013,2013,RW,2,0,0,0,-2,2,0,0,0,0,0,0,0,3,0,27,13:23:00,-0.1,-0.1,-0.1
Jordan Staal,2007,2026,C,1403,318,429,747,67,644,247,50,21,49,338,68,23,2717,11.7,25161,17:56:00,41.4,31.9,73.3
Marc Staal,2008,2024,D,1136,53,181,234,52,537,44,7,2,7,161,11,9,1175,4.5,22638,19:56:00,3.3,53.4,56.6
Ron Stackhouse,1971,1982,D,889,87,372,459,35,824,60,24,3,9,252,113,7,1781,4.9,NA,NA,26.2,47.8,74.1
Ted Stackhouse,1922,1922,D,13,0,0,0,NA,2,NA,NA,NA,0,NA,NA,NA,NA,NA,NA,NA,-0.7,1.2,0.5
Drew Stafford,2007,2019,RW,841,196,232,428,-58,415,141,52,3,29,181,48,3,1867,10.5,13145,15:38:00,31.2,12.4,43.6
Garrett Stafford,2008,2011,D,7,0,2,2,0,0,0,0,0,0,2,0,0,8,0,92,13:11:00,0.1,0.2,0.3
Steve Staios,1996,2012,D,1001,56,164,220,-86,1322,43,9,4,4,130,29,5,1235,4.5,17011,18:22:00,5,32,37
Matt Stajan,2003,2018,C,1003,146,267,413,-3,526,117,18,11,22,220,31,16,1152,12.7,14678,14:38:00,18.2,15.4,33.6
Nick Stajduhar,1996,1996,D,2,0,0,0,2,4,0,0,0,0,0,0,0,1,0,NA,NA,0,0.2,0.2
Viktor Stålberg,2010,2017,LW,488,82,86,168,-6,245,79,1,2,14,80,6,0,947,8.7,6192,12:41:00,10.4,5.9,16.4
Al Staley,1949,1949,C,1,0,1,1,NA,0,0,0,0,0,1,0,0,NA,NA,NA,NA,0.1,0,0.1
Steven Stamkos,2009,2026,C,1245,622,631,1253,-8,737,376,241,5,101,402,226,3,3709,16.8,23654,19:00:00,129.6,24.8,154.3
Lorne Stamler,1977,1980,LW,116,14,11,25,-36,16,14,0,0,1,9,1,1,125,11.2,NA,NA,-1.7,1,-0.7
George Standing,1968,1968,RW,2,0,0,0,-1,0,0,0,0,0,0,0,0,1,0,NA,NA,-0.1,0,-0.1
Fred Stanfield,1965,1978,C/W,914,211,405,616,50,134,149,60,2,26,242,162,1,2066,10.2,NA,NA,32.5,11,43.4
Jim Stanfield,1970,1972,C/RW,7,0,1,1,-1,0,0,0,0,0,1,0,0,15,0,NA,NA,-0.2,0.1,-0.1
Ed Stankiewicz,1954,1956,C,6,0,0,0,NA,2,0,0,0,0,0,0,0,NA,NA,NA,NA,-0.3,0.1,-0.2
Myron Stankiewicz,1969,1969,LW,35,0,7,7,-12,36,0,0,0,0,7,0,0,60,0,NA,NA,-1,0.2,-0.7
Logan Stankoven,2024,2026,C,183,41,55,96,21,47,34,7,0,8,43,12,0,411,10,2781,15:12:00,5.8,3.8,9.6
Allan Stanley,1949,1969,D,1244,100,333,433,117,792,75,22,3,12,232,84,17,790,6.3,NA,NA,29.8,73.8,103.6
Barney Stanley,1928,1928,RW,1,0,0,0,NA,0,NA,NA,NA,0,NA,NA,NA,NA,NA,NA,NA,-0.1,0,-0.1
Daryl Stanley,1984,1990,D/LW,189,8,17,25,-3,408,8,0,0,4,17,0,0,87,9.2,NA,NA,-1.5,9.7,8.2
Logan Stanley,2021,2026,D,277,14,48,62,29,333,14,0,0,2,46,1,1,325,4.3,4232,15:17:00,2.2,11.5,13.7
Wally Stanowski,1940,1951,D,428,23,88,111,NA,160,20,1,2,3,77,11,0,NA,NA,NA,NA,4.7,29.6,34.3
Paul Stanton,1991,1995,D,295,14,49,63,-3,262,10,4,0,3,34,14,1,412,3.4,NA,NA,-0.2,12.4,12.2
Ryan Stanton,2013,2016,D,120,4,23,27,14,71,4,0,0,0,23,0,0,125,3.2,1832,15:16:00,1.2,5.4,6.6
Brian Stapleton,1976,1976,RW,1,0,0,0,-2,0,0,0,0,0,0,0,0,0,NA,NA,NA,0,0,-0.1
Mike Stapleton,1987,2001,C,697,71,111,182,-104,342,47,19,5,9,83,28,0,906,7.8,3289,12:57:00,-3.8,5.6,1.7
Pat Stapleton,1962,1973,D,635,43,294,337,132,351,34,9,0,7,204,84,6,1086,4,NA,NA,21.7,42,63.7
Tim Stapleton,2009,2012,C,118,19,18,37,-14,24,13,6,0,4,11,7,0,133,14.3,1271,10:46:00,2.6,0.7,3.3
Sergei Starikov,1990,1990,D,16,0,1,1,-8,8,0,0,0,0,1,0,0,6,0,NA,NA,-0.2,0.3,0.1
Harold Starr,1930,1936,D,206,5,4,9,NA,189,0,0,0,1,0,0,0,NA,NA,3,NA,-2.3,11.2,8.9
Wilf Starr,1933,1936,C,87,9,7,16,NA,25,5,0,0,0,4,0,0,NA,NA,NA,NA,-1.6,1.6,0
Vic Stasiuk,1950,1963,LW,745,183,254,437,-10,665,132,50,1,26,201,52,1,523,12.4,NA,NA,26.6,11.4,38
Spencer Stastney,2023,2026,D,117,4,15,19,-4,30,4,0,0,1,13,0,2,91,4.4,1856,15:52:00,-0.1,4,4
Anton Šťastný,1981,1989,LW,650,252,384,636,11,150,172,80,0,31,258,126,0,1405,17.9,NA,NA,36.4,8.6,45
Marián Šťastný,1982,1986,RW,322,121,173,294,9,110,84,37,0,11,134,39,0,633,19.1,NA,NA,15.9,3.6,19.5
Paul Stastny,2007,2023,C,1145,293,529,822,54,500,213,78,2,55,357,166,6,2326,12.6,21118,18:27:00,59.2,25.5,84.7
Peter Šťastný,1981,1995,C,977,450,789,1239,-15,824,298,145,7,54,461,321,7,2374,19,NA,NA,82.1,12,94.1
Yan Stastny,2006,2010,C,91,6,10,16,-20,58,6,0,0,0,9,0,1,68,8.8,955,10:30:00,-0.5,0.4,0
Ray Staszak,1986,1986,RW,4,0,1,1,-3,7,0,0,0,0,1,0,0,9,0,NA,NA,-0.1,0,-0.1
Brad Staubitz,2009,2013,RW,230,10,11,21,-10,521,10,0,0,4,10,1,0,107,9.3,1470,06:23:00,-0.9,1.4,0.5
Troy Stecher,2017,2026,D,623,25,106,131,-32,272,23,1,1,2,95,10,1,771,3.2,10984,17:38:00,2.4,22.1,24.5
David Steckel,2006,2014,C,425,33,46,79,-14,129,26,2,5,4,44,0,2,458,7.2,5300,12:28:00,-2.9,4.3,1.4
Sam Steel,2019,2026,C,490,61,114,175,-26,154,54,2,5,11,94,17,3,568,10.7,7053,14:24:00,3.6,7.5,11.1
Frank Steele,1931,1931,RW/D,1,0,0,0,NA,2,NA,NA,NA,0,NA,NA,NA,NA,NA,NA,NA,0,0.1,0.1
Alexander Steen,2006,2020,C,1018,245,377,622,42,454,176,58,11,45,248,125,4,2431,10.1,18316,18:00:00,41.7,23,64.7
Anders Steen,1981,1981,C,42,5,11,16,-22,22,2,3,0,1,7,4,0,57,8.8,NA,NA,-0.3,0.3,0
Oskar Steen,2021,2024,C,60,4,4,8,-4,12,4,0,0,0,4,0,0,60,6.7,598,09:58:00,-0.5,0.6,0.1
Thomas Steen,1982,1995,C,950,264,553,817,-69,753,178,73,13,29,369,172,12,2036,13,NA,NA,42.7,10.8,53.5
Alex Steeves,2022,2026,F,57,10,9,19,5,34,8,1,1,0,7,2,0,68,14.7,640,11:13:00,1,0.8,1.9
Patrik Štefan,2000,2007,C,455,64,124,188,-36,158,51,9,4,9,97,20,7,605,10.6,6872,15:06:00,7.7,6,13.7
Morris Stefaniw,1973,1973,C,13,1,1,2,-3,2,0,0,1,0,1,0,0,16,6.3,NA,NA,-0.3,0.2,-0.2
Bud Stefanski,1978,1978,C,1,0,0,0,-1,0,0,0,0,0,0,0,0,1,0,NA,NA,0,0,-0.1
Pete Stemkowski,1964,1978,C,967,206,349,555,51,864,177,25,4,27,308,35,6,2336,8.8,NA,NA,24.3,14,38.2
Lee Stempniak,2006,2019,RW,911,203,266,469,-31,327,157,42,4,25,194,64,8,1864,10.9,14503,15:55:00,31.7,15.8,47.5
Otto Stenberg,2026,2026,C,32,3,7,10,3,5,3,0,0,0,6,0,1,31,9.7,436,13:37:00,0.1,0.7,0.7
Kevin Stenlund,2019,2026,C,367,46,44,90,-24,168,37,3,6,6,40,3,1,417,11,4885,13:19:00,-0.3,5.2,4.9
Vern Stenlund,1977,1977,C,4,0,0,0,-3,0,0,0,0,0,0,0,0,1,0,NA,NA,-0.2,0,-0.2
Derek Stepan,2011,2023,C,890,182,333,515,98,216,136,33,13,32,230,93,10,1998,9.1,15198,17:05:00,33.8,22.3,56
Charlie Stephens,2003,2004,C/RW,8,0,2,2,-1,4,0,0,0,0,2,0,0,2,0,48,05:59:00,0.1,0,0.1
Mitchell Stephens,2020,2025,C,123,6,13,19,-28,28,6,0,0,0,13,0,0,98,6.1,1244,10:07:00,-1,0.3,-0.7
Bob Stephenson,1980,1980,RW,18,2,3,5,-5,4,2,0,0,0,3,0,0,13,15.4,NA,NA,-0.2,0.1,-0.1
Chandler Stephenson,2016,2026,C,651,118,252,370,19,170,82,26,10,26,187,57,8,739,16,11018,16:56:00,17.7,12.8,30.5
Shay Stephenson,2007,2007,LW,2,0,0,0,0,0,0,0,0,0,0,0,0,0,NA,15,07:19:00,0,0,0
Brett Sterling,2008,2012,LW,30,5,4,9,-5,32,4,1,0,0,3,1,0,44,11.4,381,12:41:00,0.4,0.2,0.6
Ronnie Stern,1988,2000,RW,638,75,86,161,-44,2077,70,2,3,9,83,1,2,763,9.8,1516,10:27:00,-2.6,6.6,4
Ulf Sterner,1965,1965,LW,4,0,0,0,0,0,0,0,0,0,0,0,0,7,0,NA,NA,-0.2,0,-0.1
John Stevens,1987,1994,D,53,0,10,10,-1,48,0,0,0,0,8,2,0,25,0,NA,NA,-0.3,2.9,2.6
Kevin Stevens,1988,2002,LW,874,329,397,726,-103,1470,195,134,0,35,276,121,0,2331,14.1,4138,14:28:00,53.5,6.9,60.5
Mike Stevens,1985,1990,LW,23,1,4,5,-3,29,1,0,0,0,4,0,0,26,3.8,NA,NA,-0.5,0.2,-0.2
Phil Stevens,1918,1926,C/D,25,1,0,1,NA,3,NA,NA,NA,0,NA,NA,NA,NA,NA,NA,NA,-0.9,2.2,1.3
Scott Stevens,1983,2004,D,1635,196,712,908,395,2785,116,75,5,34,464,230,18,3238,6.1,12182,23:39:00,54.1,115.6,169.7
Grant Stevenson,2006,2006,C,47,10,12,22,-7,14,5,5,0,2,8,4,0,67,14.9,561,11:57:00,1.5,0.4,1.9
Jeremy Stevenson,1996,2006,LW,207,19,19,38,-6,451,15,4,0,2,19,0,0,197,9.6,1756,08:50:00,0.2,2.1,2.2
Shayne Stevenson,1991,1993,RW,27,0,2,2,-8,35,0,0,0,0,2,0,0,15,0,NA,NA,-0.9,0.1,-0.7
Turner Stevenson,1993,2006,RW,644,75,115,190,-9,969,66,8,1,10,100,14,1,764,9.8,5237,11:31:00,4,8.4,12.4
Allan Stewart,1986,1992,LW,64,6,4,10,-11,243,6,0,0,0,4,0,0,46,13,NA,NA,-1.2,0.5,-0.7
Anthony Stewart,2006,2012,RW,262,27,44,71,-16,123,21,6,0,3,36,7,1,306,8.8,2575,09:50:00,3.6,2,5.7
Bill Stewart,1978,1986,D,261,7,64,71,13,424,7,0,0,1,59,3,2,249,2.8,NA,NA,0.3,13.7,14
Blair Stewart,1974,1980,C,229,34,44,78,-72,326,33,0,1,2,39,5,0,299,11.4,NA,NA,-0.6,1.7,1.1
Bob Stewart,1972,1980,D,575,27,101,128,-257,809,23,4,0,1,90,6,5,552,4.9,NA,NA,0.7,18.4,19.1
Cam Stewart,1994,2001,LW,202,16,23,39,-15,120,15,0,1,4,20,2,1,193,8.3,1302,10:57:00,-1.4,2.2,0.9
Chris Stewart,2009,2020,RW,668,160,162,322,-52,750,125,34,1,20,123,39,0,1242,12.9,9281,13:54:00,26.7,8.7,35.5
Gaye Stewart,1943,1953,LW,502,185,159,344,NA,292,159,26,0,22,130,28,1,NA,NA,NA,NA,27.7,6.6,34.3
Greg Stewart,2008,2010,LW,26,0,1,1,-7,48,0,0,0,0,1,0,0,22,0,205,07:52:00,-0.5,-0.1,-0.5
Jack Stewart,1939,1952,D,565,31,83,114,NA,765,30,1,0,4,77,6,0,NA,NA,NA,NA,2.8,38.2,41
John Stewart,1971,1975,LW,258,58,60,118,-64,158,50,8,0,8,45,15,0,560,10.4,NA,NA,3.7,2.7,6.3
John Stewart,1980,1980,C,2,0,0,0,-2,0,0,0,0,0,0,0,0,4,0,NA,NA,-0.1,0,-0.1
Karl Stewart,2004,2008,LW,69,2,4,6,-10,68,1,0,1,0,4,0,0,31,6.5,512,07:25:00,-0.6,0.2,-0.5
Ken Stewart,1942,1942,D,6,1,1,2,NA,0,1,0,0,1,1,0,0,NA,NA,NA,NA,0,0.1,0.1
Nels Stewart,1926,1940,C,650,324,191,515,NA,950,94,27,0,70,76,28,1,NA,NA,NA,NA,89.2,12.1,101.3
Paul Stewart,1980,1980,LW/D,21,2,0,2,-1,74,2,0,0,0,0,0,0,9,22.2,NA,NA,-0.6,0.3,-0.3
Ralph Stewart,1971,1978,C,252,57,73,130,-33,28,41,9,7,6,62,11,0,503,11.3,NA,NA,4.7,3.1,7.8
Ron Stewart,1953,1973,RW,1353,276,253,529,-44,564,212,40,24,51,195,43,15,1567,10.9,NA,NA,18.5,19.6,38.1
Ryan Stewart,1986,1986,C,3,1,0,1,0,0,1,0,0,0,0,0,0,5,20,NA,NA,0,0,0.1
Matthew Stienburg,2025,2025,C,8,0,0,0,0,22,0,0,0,0,0,0,0,4,0,49,06:05:00,-0.1,0.1,-0.1
Trevor Stienburg,1986,1989,RW,71,8,4,12,-18,166,7,1,0,1,4,0,0,80,10,NA,NA,-1.3,0.6,-0.7
Tony Stiles,1984,1984,D,30,2,7,9,14,20,2,0,0,0,6,0,1,19,10.5,NA,NA,0.1,2.2,2.3
Cory Stillman,1995,2011,LW,1025,278,449,727,-20,489,170,99,9,47,281,165,3,2097,13.3,15584,17:39:00,56.4,17.3,73.7
Riley Stillman,2019,2026,D,167,4,22,26,-19,111,4,0,0,1,22,0,0,157,2.5,2583,15:28:00,-0.3,4,3.7
Ryan Stoa,2010,2014,C,40,4,3,7,-8,20,4,0,0,1,0,3,0,73,5.5,494,12:20:00,-0.2,0.1,-0.1
P.J. Stock,1998,2004,C,235,5,21,26,-6,523,4,1,0,1,20,1,0,89,5.6,1350,05:45:00,-1.5,1.5,0
Jack Stoddard,1952,1953,RW,80,16,15,31,NA,31,12,4,0,3,12,3,0,NA,NA,NA,NA,1.6,0.7,2.3
Alek Stojanov,1995,1997,RW,107,2,5,7,-12,222,2,0,0,0,5,0,0,32,6.3,NA,NA,-3.4,0.6,-2.7
Jarret Stoll,2003,2016,C,872,144,244,388,2,618,86,50,8,24,137,97,10,1610,8.9,14243,16:20:00,16.3,17.8,34.1
Karl Stollery,2014,2017,D,23,0,3,3,-5,21,0,0,0,0,0,3,0,21,0,346,15:04:00,-0.1,0.4,0.3
Roland Stoltz,1982,1982,RW,14,2,2,4,-3,14,2,0,0,0,1,1,0,6,33.3,NA,NA,-0.2,0.1,0
Mark Stone,2013,2026,RW,765,259,448,707,166,238,189,60,10,46,310,129,9,1638,15.8,14548,19:01:00,59.6,22,81.6
Michael Stone,2012,2023,D,552,41,104,145,-47,309,36,5,0,4,71,32,1,878,4.7,10070,18:15:00,7.6,18.9,26.5
Ryan Stone,2008,2010,C,35,0,7,7,2,55,0,0,0,0,7,0,0,33,0,353,10:04:00,-0.3,0.5,0.2
Steve Stone,1974,1974,RW,2,0,0,0,-2,0,0,0,0,0,0,0,0,1,0,NA,NA,-0.1,0,-0.1
Clayton Stoner,2010,2017,D,360,7,41,48,5,459,7,0,0,2,39,0,2,296,2.4,5910,16:25:00,-1.1,14.5,13.4
Jim Storm,1994,1996,LW,84,7,15,22,5,44,6,1,0,1,14,1,0,98,7.1,NA,NA,-0.8,1.4,0.6
Zack Stortini,2007,2012,RW,257,14,27,41,-6,725,13,1,0,1,27,0,0,141,9.9,2073,08:04:00,-0.1,2.1,2
Mike Stothers,1985,1988,D,30,0,2,2,-7,65,0,0,0,0,2,0,0,3,0,NA,NA,-0.5,1,0.5
Blaine Stoughton,1974,1984,RW,526,258,191,449,-93,204,191,62,5,31,139,49,3,1324,19.5,NA,NA,30.2,4.8,34.9
Steve Stoyanovich,1984,1984,C,23,3,5,8,-1,11,3,0,0,1,5,0,0,60,5,NA,NA,-0.1,0.3,0.2
Tyson Strachan,2009,2016,D,186,1,19,20,-42,199,1,0,0,0,18,0,1,157,0.6,3003,16:09:00,-3.6,2.8,-0.8
Neil Strain,1953,1953,LW/C,52,11,13,24,NA,12,10,1,0,1,10,3,0,NA,NA,NA,NA,1.7,0.4,2.1
Brian Strait,2011,2017,D,187,6,23,29,-14,91,6,0,0,0,20,0,3,162,3.7,3164,16:55:00,0,4.9,4.9
Martin Straka,1993,2008,C,954,257,460,717,67,360,192,54,11,40,293,160,7,1713,15,13597,20:38:00,47.3,20,67.3
Petr Straka,2015,2015,RW,3,0,2,2,1,0,0,0,0,0,2,0,0,2,0,28,09:27:00,0.1,0.1,0.2
Anton Strålman,2008,2023,D,938,63,230,293,46,287,54,9,0,6,161,68,1,1317,4.8,18721,19:58:00,15.4,41,56.5
Austin Strand,2021,2023,D,26,0,3,3,-1,10,0,0,0,0,3,0,0,25,0,364,14:01:00,-0.1,0.8,0.7
Gord Strate,1957,1959,D,62,0,0,0,NA,34,0,0,0,0,0,0,0,NA,NA,NA,NA,-1.1,3.3,2.2
Art Stratton,1960,1968,C/LW,95,18,33,51,-19,24,13,5,0,2,28,5,0,161,11.2,NA,NA,2.3,1.1,3.4
Martin Štrbák,2004,2004,D,49,5,11,16,-10,46,5,0,0,1,7,4,0,54,9.3,955,19:29:00,1.2,1.1,2.3
Ben Street,2013,2020,C,59,3,6,9,-6,10,3,0,0,0,5,0,1,73,4.1,633,10:44:00,-0.5,0.6,0
Mark Streit,2006,2018,D,786,96,338,434,-73,374,47,47,2,14,177,160,1,1380,7,16360,20:49:00,38.1,29.2,67.3
Art Strobel,1944,1944,LW,7,0,0,0,NA,0,0,0,0,0,0,0,0,NA,NA,NA,NA,-0.4,0,-0.4
Dylan Strome,2017,2026,C,598,165,277,442,-43,212,123,42,0,20,173,104,0,1090,15.1,10068,16:50:00,31.7,10.2,41.9
Ryan Strome,2014,2026,C,915,174,326,500,-21,646,143,29,2,25,235,87,4,1669,10.4,14880,16:16:00,27.8,15.3,43.1
William Stromgren,2026,2026,LW,3,0,0,0,-1,0,0,0,0,0,0,0,0,2,0,22,07:17:00,-0.1,0,-0.1
Ken Strong,1983,1985,LW,15,2,2,4,-3,6,2,0,0,0,2,0,0,24,8.3,NA,NA,-0.2,0.2,0
Garret Stroshein,2004,2004,RW,3,0,0,0,-1,14,0,0,0,0,0,0,0,2,0,22,07:16:00,-0.1,0,-0.1
Jayden Struble,2024,2026,D,171,7,28,35,3,167,7,0,0,0,28,0,0,120,5.8,2567,15:01:00,1,5.3,6.3
David Struch,1994,1994,C,4,0,0,0,-2,4,0,0,0,0,0,0,0,3,0,NA,NA,-0.2,0,-0.2
Jason Strudwick,1996,2011,D,674,13,42,55,-82,811,13,0,0,2,40,0,2,251,5.2,8584,13:18:00,-3.1,12.8,9.6
Todd Strueby,1982,1984,LW,5,0,1,1,0,2,0,0,0,0,1,0,0,3,0,NA,NA,-0.1,0,-0.1
Billy Stuart,1921,1927,D,195,30,19,49,NA,155,NA,NA,NA,6,NA,NA,NA,NA,NA,NA,NA,2.4,13.7,16.2
Brad Stuart,2000,2016,D,1056,80,255,335,8,565,49,29,2,21,174,71,10,1546,5.2,22602,21:24:00,18.2,47.7,66
Colin Stuart,2008,2012,LW,56,8,5,13,3,26,4,0,4,1,4,0,1,78,10.3,686,12:15:00,0.3,0.7,1.1
Mark Stuart,2006,2017,D,673,26,67,93,43,722,25,0,1,6,62,2,3,515,5,11059,16:26:00,-0.2,25.3,25
Mike Stuart,2004,2006,D,3,0,0,0,0,0,0,0,0,0,0,0,0,1,0,32,10:40:00,0,0.1,0
Marián Studenič,2021,2024,RW,46,3,3,6,-11,12,3,0,0,0,3,0,0,54,5.6,496,10:47:00,-0.5,0.2,-0.3
Jack Studnicka,2020,2026,C,126,6,10,16,-36,32,6,0,0,1,10,0,0,153,3.9,1363,10:49:00,-1.7,0.3,-1.3
Jozef Stümpel,1992,2008,C,957,196,481,677,47,245,140,53,3,33,333,141,7,1557,12.6,12846,18:49:00,42.7,17.5,60.2
Bob Stumpf,1975,1975,RW/D,10,1,1,2,-2,20,1,0,0,0,1,0,0,9,11.1,NA,NA,-0.2,0,-0.1
Peter Sturgeon,1980,1981,LW,6,0,1,1,0,2,0,0,0,0,1,0,0,5,0,NA,NA,-0.2,0.1,-0.1
Marco Sturm,1998,2012,LW,938,242,245,487,59,446,158,66,18,43,168,71,6,2074,11.7,15066,16:04:00,34.8,19.3,54
Nico Sturm,2019,2026,C,380,51,52,103,-39,102,45,1,5,4,52,0,0,459,11.1,4715,12:25:00,2,4.2,6.2
Mike Stutzel,2004,2004,LW,9,0,0,0,-4,0,0,0,0,0,0,0,0,3,0,52,05:47:00,-0.1,-0.1,-0.3
Tim Stützle,2021,2026,LW,447,149,260,409,-58,218,107,36,6,18,151,109,0,1063,14,8777,19:38:00,30.6,8.6,39.3
P.K. Subban,2010,2022,D,834,115,352,467,5,905,65,49,1,18,208,140,4,1963,5.9,19572,23:28:00,39.5,43.8,83.3
Radoslav Suchý,2000,2006,D,451,13,58,71,23,104,9,4,0,2,47,8,3,281,4.6,8061,17:52:00,0.2,18.2,18.4
C.J. Suess,2020,2023,LW,5,0,0,0,-2,4,0,0,0,0,0,0,0,0,NA,29,05:53:00,-0.1,0,-0.1
Alexander Suglobov,2004,2007,RW,18,1,0,1,-9,4,0,1,0,0,0,0,0,24,4.2,148,08:14:00,-0.2,-0.2,-0.4
Kai Suikkanen,1982,1983,RW,2,0,0,0,0,0,0,0,0,0,0,0,0,1,0,NA,NA,-0.1,0,-0.1
Libor Šulák,2019,2019,D,6,0,0,0,-4,6,0,0,0,0,0,0,0,7,0,116,19:23:00,-0.1,0,-0.2
Doug Sulliman,1980,1990,RW,631,160,168,328,-142,175,118,38,4,15,124,39,5,1139,14,NA,NA,9.9,5.3,15.2
Barry Sullivan,1948,1948,RW,1,0,0,0,NA,0,0,0,0,0,0,0,0,NA,NA,NA,NA,0,0,0
Bob Sullivan,1983,1983,LW,62,18,19,37,-16,18,13,5,0,0,18,1,0,93,19.4,NA,NA,1.5,0.6,2.1
Brian Sullivan,1993,1993,RW,2,0,1,1,-1,0,0,0,0,0,1,0,0,2,0,NA,NA,0,0,0
Frank Sullivan,1950,1956,D,8,0,0,0,NA,2,0,0,0,0,0,0,0,NA,NA,NA,NA,-0.2,0.4,0.3
Mike Sullivan,1992,2002,C,709,54,82,136,-105,203,37,1,16,11,69,4,9,711,7.6,4078,12:15:00,-8.4,6.5,-2
Peter Sullivan,1980,1981,C,126,28,54,82,-62,40,21,7,0,3,31,23,0,208,13.5,NA,NA,3.3,0.8,4.1
Red Sullivan,1950,1961,C,557,107,239,346,-28,437,69,31,7,14,174,62,3,343,6.1,NA,NA,20.7,6.4,27.1
Steve Sullivan,1996,2013,RW,1011,290,457,747,93,587,195,75,20,52,303,146,8,2129,13.6,16772,17:49:00,59,22.3,81.3
Alexander Sulzer,2009,2014,D,131,7,15,22,4,44,7,0,0,1,9,4,2,121,5.8,2198,16:47:00,0.6,5.5,6.2
Raimo Summanen,1984,1988,LW,151,36,40,76,6,35,34,2,0,4,35,5,0,175,20.6,NA,NA,2.1,1,3.1
Bill Summerhill,1939,1942,RW,72,14,17,31,NA,70,12,2,0,1,12,5,0,NA,NA,NA,NA,0.9,0.7,1.7
Chris Summers,2011,2016,D,70,2,7,9,-24,51,2,0,0,0,7,0,0,52,3.8,965,13:47:00,0,0.1,0.1
Niklas Sundblad,1996,1996,RW,2,0,0,0,0,0,0,0,0,0,0,0,0,3,0,NA,NA,-0.1,0,-0.1
Mats Sundin,1991,2009,C,1346,564,785,1349,73,1093,373,160,31,96,467,293,25,4015,14,16320,19:58:00,120.2,24.2,144.4
Ronnie Sundin,1998,1998,D,1,0,0,0,0,0,0,0,0,0,0,0,0,0,NA,22,22:04:00,0,0.1,0
Oskar Sundqvist,2016,2026,C,545,67,114,181,-40,231,52,11,4,5,96,14,4,609,11,7239,13:17:00,4.3,7.1,11.4
Johan Sundstrom,2014,2014,C,11,0,1,1,0,6,0,0,0,0,1,0,0,13,0,95,08:40:00,-0.2,0.1,-0.1
Niklas Sundström,1996,2006,RW,750,117,232,349,45,256,93,17,7,17,191,32,9,882,13.3,9508,16:14:00,15.5,13.5,29
Patrik Sundström,1983,1992,C,679,219,369,588,-24,349,143,70,6,19,250,113,6,1388,15.8,NA,NA,32.4,9,41.3
Peter Sundström,1984,1990,LW,338,61,83,144,-24,122,56,0,5,8,81,2,0,516,11.8,NA,NA,1.3,4.1,5.3
Aydar Suniev,2025,2026,LW,6,0,1,1,2,0,0,0,0,0,1,0,0,9,0,73,12:08:00,-0.1,0.2,0.1
Antti Suomela,2019,2021,C,51,4,11,15,5,8,4,0,0,0,11,0,0,64,6.3,544,10:40:00,0.4,0.8,1.2
Al Suomi,1937,1937,LW,5,0,0,0,NA,0,0,0,0,0,0,0,0,NA,NA,NA,NA,-0.3,0.1,-0.2
Damian Surma,2003,2004,C,2,1,1,2,1,0,1,0,0,0,1,0,0,1,100,17,08:21:00,0.3,0.1,0.3
Tomáš Surový,2003,2006,C,126,27,32,59,-21,71,20,7,0,4,24,8,0,266,10.2,1678,13:19:00,4.2,1.1,5.2
Maxim Sushinsky,2001,2001,RW,30,7,4,11,-7,29,4,3,0,0,3,1,0,62,11.3,420,14:01:00,0.7,0.3,1
Maksim Sushko,2021,2021,RW,2,0,0,0,-1,0,0,0,0,0,0,0,0,0,NA,19,09:34:00,-0.1,0,-0.1
Andrej Šustr,2013,2022,D,361,11,58,69,-7,163,11,0,0,2,55,1,2,333,3.3,5863,16:14:00,1.5,11.2,12.7
Gary Suter,1986,2002,D,1145,203,641,844,126,1349,105,90,8,18,238,388,15,3091,6.6,6600,22:00:00,61.9,59.7,121.6
Pius Suter,2021,2026,F,427,95,95,190,11,96,84,6,5,15,79,14,2,721,13.2,6844,16:02:00,8.8,8.8,17.6
Ryan Suter,2006,2025,D,1526,107,589,696,127,785,66,36,5,20,359,218,12,2425,4.4,36754,24:05:00,40.4,91.8,132.2
Brian Sutherby,2002,2011,C,460,41,49,90,-32,533,37,1,3,0,49,0,0,434,9.4,4884,10:37:00,-0.3,3.7,3.3
Bill Sutherland,1968,1972,C,250,70,58,128,6,99,45,21,4,9,41,13,4,393,17.8,NA,NA,7.2,4.2,11.4
Max Sutherland,1932,1932,LW,2,0,0,0,NA,0,NA,NA,NA,0,NA,NA,NA,NA,NA,NA,NA,0,0.2,0.1
Brandon Sutter,2009,2021,C/RW,770,152,137,289,-21,149,115,23,14,20,112,20,5,1442,10.5,12586,16:21:00,13,13.6,26.6
Brent Sutter,1981,1998,C,1111,363,466,829,166,1054,236,109,18,47,336,120,10,2396,15.2,673,12:56:00,46.2,18.5,64.7
Brett Sutter,2009,2015,LW,60,2,8,10,-9,40,2,0,0,1,7,0,1,53,3.8,497,08:17:00,-0.1,0.2,0.1
Brian Sutter,1977,1988,LW,779,303,333,636,-66,1786,193,107,3,29,242,87,4,1685,18,NA,NA,36.5,9.6,46.1
Brody Sutter,2015,2016,C,12,0,0,0,-6,0,0,0,0,0,0,0,0,7,0,101,08:27:00,-0.3,-0.1,-0.4
Darryl Sutter,1980,1987,LW,406,161,118,279,-11,286,116,42,3,17,92,26,0,826,19.5,NA,NA,14.8,4.5,19.3
Duane Sutter,1980,1990,RW,731,139,203,342,25,1333,122,17,0,10,178,25,0,1175,11.8,NA,NA,5.4,8.7,14.1
Rich Sutter,1983,1995,RW,874,149,166,315,11,1411,131,8,10,20,150,7,9,1419,10.5,NA,NA,0.9,12,12.9
Ron Sutter,1983,2001,C,1093,205,330,535,53,1354,162,29,14,34,287,28,15,1680,12.2,2204,10:15:00,16.3,14.7,31
Andy Sutton,1999,2012,D,676,38,112,150,-20,1185,21,13,4,6,92,17,3,687,5.5,11965,17:42:00,6.6,23.4,30
Ken Sutton,1991,2002,D,388,23,80,103,-14,338,19,4,0,3,57,22,1,444,5.2,1271,14:57:00,3,16.8,19.8
Mark Suzor,1977,1978,D,64,4,16,20,-33,60,2,2,0,0,12,4,0,93,4.3,NA,NA,0.6,1.4,2
Nick Suzuki,2020,2026,C,537,167,309,476,-20,167,106,53,8,20,194,112,3,1136,14.7,10661,19:51:00,34,11.1,45.2
Ryan Suzuki,2025,2025,C,2,0,0,0,1,0,0,0,0,0,0,0,0,0,NA,13,06:36:00,0,0.1,0
Per Svartvadet,2000,2003,C,247,17,34,51,-37,58,15,0,2,1,30,1,3,261,6.5,3282,13:17:00,-1.9,1.9,0
Marek Svatoš,2004,2011,RW,344,100,72,172,-4,217,67,33,0,20,47,25,0,764,13.1,4399,12:47:00,15.4,4.8,20.1
Fedor Svechkov,2025,2026,C,121,12,22,34,-21,34,9,2,1,2,19,3,0,132,9.1,1500,12:24:00,0.4,1.3,1.7
Andrei Svechnikov,2019,2026,RW,557,182,252,434,41,493,131,51,0,31,159,93,0,1500,12.1,9381,16:51:00,34.7,12.7,47.5
Evgeny Svechnikov,2017,2023,LW,172,20,25,45,-16,84,19,1,0,2,24,1,0,189,10.6,1840,10:42:00,1.2,1.7,2.9
Viktor Svedberg,2016,2016,D,27,2,2,4,-5,4,2,0,0,0,2,0,0,40,5,425,15:45:00,0.1,0.5,0.6
Róbert Švehla,1995,2003,D,655,68,267,335,-5,649,40,28,0,5,136,123,8,1105,6.2,12095,24:50:00,24.8,33.2,58
Jaroslav Svejkovský,1997,2000,RW,113,23,19,42,-22,56,14,9,0,4,12,7,0,169,13.6,1098,11:41:00,2.8,0.7,3.5
Leif Svensson,1979,1980,D,121,6,40,46,-12,49,6,0,0,0,28,11,1,113,5.3,NA,NA,1.5,5.1,6.6
Magnus Svensson,1995,1996,D,46,4,14,18,4,31,1,3,0,1,5,9,0,99,4,NA,NA,1,3.1,4.1
Alexander Svitov,2003,2007,C,179,13,24,37,-22,223,11,2,0,2,20,4,0,204,6.4,2065,11:32:00,-0.6,1.7,1.1
Jaroslav Svoboda,2002,2006,LW,134,12,17,29,-5,62,11,1,0,3,12,5,0,135,8.9,1398,10:26:00,0.4,1.6,2.1
Petr Svoboda,1985,2001,D,1028,58,341,399,206,1605,36,21,1,12,193,141,7,1300,4.5,4393,21:32:00,15.9,68.2,84.1
Petr Svoboda,2001,2001,D,18,1,2,3,-5,10,0,1,0,0,1,1,0,17,5.9,269,14:58:00,0.1,0.2,0.3
Stanislav Svozil,2023,2023,D,2,0,1,1,-3,2,0,0,0,0,0,1,0,3,0,40,20:07:00,0,-0.1,-0.1
Garry Swain,1969,1969,C,9,1,1,2,-1,0,1,0,0,0,1,0,0,17,5.9,NA,NA,-0.1,0.2,0
Nick Swaney,2023,2023,RW,1,0,0,0,0,0,0,0,0,0,0,0,0,0,NA,10,09:33:00,0,0,0
Brian Swanson,2001,2004,C,70,4,13,17,-9,16,3,1,0,1,9,3,1,82,4.9,794,11:20:00,0,0.4,0.5
George Swarbrick,1968,1971,RW,132,17,25,42,-35,173,12,4,1,3,18,7,0,280,6.1,NA,NA,-0.5,1.3,0.8
Bill Sweatt,2012,2013,LW,3,0,0,0,-1,0,0,0,0,0,0,0,0,2,0,23,07:42:00,-0.1,0,-0.1
Lee Sweatt,2011,2011,D,3,1,1,2,4,2,1,0,0,1,1,0,0,4,25,40,13:23:00,0.3,0.4,0.7
Bill Sweeney,1960,1960,C,4,1,0,1,-3,0,0,1,0,0,0,0,0,9,11.1,NA,NA,0,0,0.1
Bob Sweeney,1987,1996,C/RW,639,125,163,288,-29,804,90,21,14,24,131,24,8,886,14.1,NA,NA,7.5,8,15.5
Don Sweeney,1989,2004,D,1115,52,221,273,112,681,42,6,4,12,191,24,6,1318,3.9,9433,18:43:00,6.9,61.3,68.2
Tim Sweeney,1991,1998,LW,291,55,83,138,13,123,43,11,1,12,62,17,4,383,14.4,690,12:20:00,6,4.3,10.3
Billy Sweezey,2023,2023,D,9,0,1,1,-3,9,0,0,0,0,1,0,0,3,0,154,17:07:00,-0.1,0.2,0.1
Darryl Sydor,1992,2010,D,1291,98,409,507,21,755,54,43,1,10,214,191,4,1966,5,17875,19:58:00,31.8,62.2,94
Bob Sykes,1975,1975,LW,2,0,0,0,-2,0,0,0,0,0,0,0,0,1,0,NA,NA,-0.1,0,-0.1
Phil Sykes,1983,1992,LW,456,79,85,164,-61,519,65,5,9,8,75,6,4,513,15.4,NA,NA,0,4.6,4.6
Adam Sykora,2026,2026,LW,10,3,1,4,0,5,3,0,0,0,1,0,0,14,21.4,114,11:25:00,0.4,0.2,0.5
Michal Sýkora,1994,2001,D,267,15,54,69,-16,185,11,3,1,2,42,11,1,315,4.8,1338,15:23:00,2.8,10.3,13.2
Petr Sýkora,1996,2012,RW,1017,323,398,721,58,455,207,111,5,58,256,141,1,2747,11.8,15754,16:51:00,61.1,21.8,82.9
Petr Sýkora,1999,2006,C,12,2,2,4,-1,6,2,0,0,0,2,0,0,11,18.2,123,10:17:00,0.3,0.1,0.3
Dean Sylvester,1999,2001,RW,96,21,16,37,-31,32,19,2,0,2,10,6,0,181,11.6,1334,13:54:00,2.3,0.3,2.6
Danny Syvret,2006,2011,D,59,3,4,7,-14,30,3,0,0,0,3,1,0,48,6.3,850,14:24:00,0.1,1,1.1
Paul Szczechura,2009,2012,RW,92,10,10,20,-16,34,8,2,0,1,9,0,1,145,6.9,1204,13:05:00,-0.3,0.7,0.4
Maksymilian Szuber,2024,2024,D,1,0,0,0,-1,2,0,0,0,0,0,0,0,1,0,17,16:59:00,0,0,-0.1
Joe Szura,1968,1969,C,90,10,15,25,-10,30,9,1,0,1,14,1,0,120,8.3,NA,NA,-0.9,1.2,0.3
Jordan Szwarz,2014,2020,RW,50,4,3,7,-12,25,4,0,0,1,2,1,0,54,7.4,499,09:59:00,-0.2,0.1,-0.1
Jeff Taffe,2003,2012,C,180,21,25,46,-20,40,13,8,0,2,14,11,0,208,10.1,1894,10:31:00,1.9,1.2,3.1
John Taft,1979,1979,D,15,0,2,2,2,4,0,0,0,0,2,0,0,13,0,NA,NA,-0.2,1,0.9
Peter Taglianetti,1985,1995,D,451,18,74,92,22,1106,15,3,0,2,62,11,1,436,4.1,NA,NA,-1,21.9,20.8
Dean Talafous,1975,1982,RW,497,104,154,258,-76,163,76,23,5,13,117,35,2,750,13.9,NA,NA,7.6,5.3,12.9
Ron Talakoski,1987,1988,RW,9,0,1,1,1,33,0,0,0,0,1,0,0,7,0,NA,NA,-0.3,0.2,-0.1
Jean-Guy Talbot,1955,1971,D,1066,43,242,285,122,1014,36,2,5,8,199,37,6,825,4.1,NA,NA,10.7,75,85.7
Maxime Talbot,2006,2016,C,704,91,113,204,-27,495,74,1,16,14,105,6,2,887,10.3,10062,14:18:00,3.3,9.1,12.4
Barry Tallackson,2006,2009,RW,20,1,1,2,-4,2,1,0,0,0,1,0,0,16,6.3,156,07:48:00,-0.2,0.1,-0.1
Henrik Tallinder,2002,2014,D,678,28,114,142,8,378,25,1,2,4,96,11,7,582,4.8,13670,20:10:00,2.2,32.2,34.4
Dale Tallon,1971,1980,D,642,98,238,336,-113,568,56,40,2,17,162,72,4,1283,7.6,NA,NA,21.7,25.8,47.5
Jeff Tambellini,2006,2011,LW,242,27,36,63,-20,88,23,4,0,0,30,6,0,347,7.8,2731,11:17:00,1.7,2.2,3.9
Steve Tambellini,1979,1988,C,553,160,150,310,-130,105,117,39,4,16,104,46,0,1093,14.6,NA,NA,11.6,4.7,16.3
Chris Tamer,1994,2004,D,644,21,64,85,-75,1183,18,0,3,4,59,3,2,580,3.6,8094,16:50:00,-1.6,16.9,15.3
David Tanabe,2000,2008,D,449,30,84,114,-47,245,16,14,0,4,49,35,0,661,4.5,8254,18:23:00,5.9,15.4,21.4
Chris Tancill,1991,1998,C,134,17,32,49,-30,54,13,1,3,0,28,3,1,193,8.8,12,06:00:00,0.7,0.8,1.5
Brandon Tanev,2016,2026,LW,607,84,99,183,27,299,72,2,10,12,93,1,5,781,10.8,8070,13:18:00,4.1,9.8,13.9
Chris Tanev,2011,2026,D,878,36,174,210,161,218,33,2,1,10,163,6,5,712,5.1,17502,19:56:00,4.1,50.6,54.7
Eric Tangradi,2010,2019,C,150,5,11,16,-22,86,5,0,0,0,11,0,0,156,3.2,1429,09:32:00,-1.7,0.5,-1.2
Alex Tanguay,2000,2016,LW,1088,283,580,863,163,527,214,62,7,43,394,182,4,1525,18.6,19317,17:45:00,67.8,27.4,95.2
Christian Tanguay,1982,1982,RW,2,0,0,0,0,0,0,0,0,0,0,0,0,0,NA,NA,NA,-0.1,0,-0.1
Don Tannahill,1973,1974,LW,111,30,33,63,-26,25,27,2,1,4,28,5,0,229,13.1,NA,NA,3,0.9,4
Tony Tanti,1982,1992,RW,697,287,273,560,-69,661,167,118,2,29,169,103,1,1834,15.6,NA,NA,35.1,8.3,43.4
Matt Taormina,2011,2016,D,59,4,8,12,3,6,3,1,0,0,7,1,0,79,5.1,1016,17:13:00,0.6,2.9,3.5
Brad Tapper,2001,2003,RW,71,14,11,25,0,72,13,1,0,3,10,1,0,123,11.4,928,13:04:00,1.7,0.9,2.6
Vladimir Tarasenko,2013,2026,RW,906,327,382,709,50,213,251,75,1,55,267,114,1,2560,12.8,15273,16:51:00,65,20.4,85.3
Daniil Tarasov,2015,2015,RW,5,0,1,1,2,0,0,0,0,0,1,0,0,5,0,38,07:34:00,0,0.1,0.1
Jamie Tardif,2013,2013,RW,2,0,0,0,0,0,0,0,0,0,0,0,0,1,0,10,04:56:00,0,0,0
Marc Tardif,1970,1983,LW,517,194,207,401,23,445,139,55,0,23,137,70,0,1179,16.5,NA,NA,25.1,6.6,31.7
Patrice Tardif,1995,1996,C,65,7,11,18,-7,78,5,2,0,1,9,2,0,96,7.3,NA,NA,-0.3,0.5,0.2
Nick Tarnasky,2006,2010,LW,245,13,17,30,-30,297,12,1,0,2,17,0,0,198,6.6,1757,07:10:00,-0.5,0.8,0.3
Dick Tärnström,2002,2008,D,306,35,105,140,-86,254,15,20,0,0,43,61,1,436,8,6337,20:43:00,11.8,6.6,18.4
Tomáš Tatar,2011,2025,LW,927,227,269,496,43,316,176,51,0,32,215,54,0,1774,12.8,13812,14:54:00,37.7,17.6,55.3
Mikhail Tatarinov,1991,1994,D,161,21,48,69,10,184,11,9,1,2,24,20,4,386,5.4,NA,NA,3.6,9,12.6
Spence Tatchell,1943,1943,D,1,0,0,0,NA,0,0,0,0,0,0,0,0,NA,NA,NA,NA,0,0,0
Petr Tatíček,2006,2006,C,3,0,0,0,0,0,0,0,0,0,0,0,0,3,0,18,05:51:00,-0.1,0,0
John Tavares,2010,2026,C,1265,525,660,1185,-49,549,355,167,3,86,433,224,3,3941,13.3,24318,19:13:00,111.9,22.7,134.6
Billy Taylor,1940,1948,C,321,87,179,266,NA,120,75,11,1,12,144,35,0,NA,NA,NA,NA,17.2,5.9,23.1
Billy Taylor,1965,1965,C,2,0,0,0,0,0,0,0,0,0,0,0,0,3,0,NA,NA,-0.1,0,-0.1
Bob Taylor,1930,1930,RW,6,0,0,0,NA,4,NA,NA,NA,0,NA,NA,NA,NA,NA,NA,NA,-0.4,0.2,-0.2
Chris Taylor,1995,2004,C,149,11,21,32,-5,48,10,0,1,0,18,2,1,174,6.3,1511,11:54:00,-0.4,1.9,1.5
Dave Taylor,1978,1994,RW,1111,431,638,1069,186,1589,304,123,4,47,439,196,3,2417,17.8,NA,NA,65.9,18.5,84.5
Harry Taylor,1947,1952,C,66,5,10,15,NA,30,5,0,0,0,10,0,0,NA,NA,NA,NA,-1.1,0.9,-0.2
Mark Taylor,1982,1986,C,209,42,68,110,-6,73,30,9,3,5,54,14,0,258,16.3,NA,NA,2.4,2.7,5.2
Ralph Taylor,1928,1930,D,102,4,1,5,NA,174,NA,NA,NA,0,NA,NA,NA,NA,NA,NA,NA,-5.3,1.1,-4.2
Ted Taylor,1965,1972,LW,166,23,35,58,-40,184,21,2,0,1,33,2,0,241,9.5,NA,NA,0,1.4,1.5
Tim Taylor,1994,2007,C,746,73,94,167,-66,433,65,2,6,11,81,8,5,874,8.4,7880,12:59:00,-2.7,8,5.2
Jeff Teal,1985,1985,RW,6,0,1,1,0,0,0,0,0,0,1,0,0,4,0,NA,NA,-0.2,0.1,-0.1
Skip Teal,1955,1955,C,1,0,0,0,NA,0,0,0,0,0,0,0,0,NA,NA,NA,NA,0,0,0
Vic Teal,1974,1974,RW,1,0,0,0,-1,0,0,0,0,0,0,0,0,4,0,NA,NA,0,0,-0.1
Joel Teasdale,2023,2023,F,2,0,1,1,-2,0,0,0,0,0,1,0,0,1,0,22,10:52:00,0,0,0
Greg Tebbutt,1980,1984,D,26,0,3,3,-27,35,0,0,0,0,2,1,0,38,0,NA,NA,-0.3,-0.1,-0.4
Mattias Tedenby,2011,2014,LW,120,10,20,30,-20,42,8,2,0,2,17,3,0,144,6.9,1376,11:28:00,0.5,1.2,1.8
Petr Tenkrát,2001,2007,RW,177,22,30,52,-37,84,19,2,1,5,20,10,0,256,8.6,2191,12:23:00,1.6,1.3,2.9
Matt Tennyson,2013,2022,D,173,4,25,29,-24,44,2,2,0,0,23,1,1,166,2.4,2403,13:53:00,0.6,3.6,4.2
Joey Tenute,2006,2006,C,1,0,0,0,0,0,0,0,0,0,0,0,0,1,0,7,07:21:00,0,0,0
Stephen Tepper,1993,1993,RW,1,0,0,0,0,0,0,0,0,0,0,0,0,0,NA,NA,NA,0,0,0
Teuvo Teräväinen,2014,2026,F,826,184,368,552,54,144,115,61,8,23,220,133,15,1645,11.2,13969,16:55:00,35.4,19.7,55.1
Paul Terbenche,1968,1974,D,189,5,26,31,-19,28,5,0,0,1,24,2,0,135,3.7,NA,NA,-0.4,9.5,9.1
Greg Terrion,1981,1988,LW,561,93,150,243,-54,339,75,5,13,10,120,14,16,676,13.8,NA,NA,1.9,5.9,7.8
Bill Terry,1988,1988,C,5,0,0,0,-4,0,0,0,0,0,0,0,0,3,0,NA,NA,-0.2,0,-0.2
Chris Terry,2013,2017,LW,152,22,16,38,-21,34,19,3,0,1,13,3,0,178,12.4,1780,11:43:00,1.7,1.6,3.4
Troy Terry,2018,2026,C/RW,487,134,207,341,-16,132,109,23,2,21,158,47,2,1067,12.6,8520,17:30:00,22.9,9.3,32.3
Dmitri Tertyshny,1999,1999,D,62,2,8,10,-1,30,1,1,0,0,5,3,0,68,2.9,1150,18:33:00,0.1,2.4,2.4
Orval Tessier,1955,1961,C,59,5,7,12,-3,6,2,3,0,2,4,3,0,41,7.3,NA,NA,-1,0.7,-0.3
Joey Tetarenko,2001,2004,RW,73,4,1,5,-7,176,4,0,0,0,1,0,0,34,11.8,407,05:35:00,0.1,0.3,0.5
Colten Teubert,2012,2012,D,24,0,1,1,-5,25,0,0,0,0,1,0,0,13,0,303,12:39:00,-0.2,0.2,0
Josh Teves,2019,2019,D,1,0,0,0,-1,2,0,0,0,0,0,0,0,0,NA,14,13:40:00,0,0,-0.1
Alexandre Texier,2019,2026,C,283,48,63,111,-6,118,44,1,3,4,57,5,1,422,11.4,4054,14:20:00,4.4,4.4,8.8
Alexei Tezikov,1999,2002,D,30,1,1,2,-1,2,0,1,0,1,0,1,0,22,4.5,356,11:52:00,-0.1,0.7,0.6
Ryan Thang,2012,2012,LW,1,0,0,0,0,0,0,0,0,0,0,0,0,0,NA,9,08:32:00,0,0,0
Greg Theberge,1980,1984,D,153,15,63,78,-19,73,4,11,0,1,24,39,0,327,4.6,NA,NA,3.4,7.8,11.1
Mats Thelin,1985,1987,D,163,8,19,27,3,176,6,2,0,2,14,4,1,161,5,NA,NA,-0.8,8.9,8.1
Michael Thelvén,1986,1990,D,207,20,80,100,29,217,13,6,1,1,45,33,2,348,5.7,NA,NA,4.5,13.2,17.6
Shea Theodore,2016,2026,D,633,87,314,401,103,201,68,18,1,21,216,96,2,1516,5.7,13630,21:32:00,32.3,36.4,68.7
Chris Therien,1995,2006,D,764,29,130,159,130,585,19,8,2,6,114,10,6,1011,2.9,10726,19:03:00,3.3,43.4,46.7
Gaston Therrien,1981,1983,D,22,0,8,8,-3,12,0,0,0,0,5,3,0,30,0,NA,NA,0.1,0.8,0.9
Gilles Thibaudeau,1987,1991,C,119,25,37,62,17,40,19,6,0,3,29,8,0,180,13.9,NA,NA,1.9,2,3.9
Lorrain Thibeault,1945,1946,LW,6,0,2,2,NA,2,0,0,0,0,2,0,0,NA,NA,NA,NA,-0.1,0.1,0
Akil Thomas,2024,2025,C,32,4,3,7,-4,9,4,0,0,1,3,0,0,29,13.8,309,09:39:00,0.2,0.2,0.4
Ben Thomas,2021,2021,D,5,0,0,0,1,0,0,0,0,0,0,0,0,3,0,71,14:14:00,-0.1,0.2,0.1
Bill Thomas,2006,2012,RW,87,16,12,28,-13,18,10,5,1,3,9,3,0,143,11.2,955,10:59:00,1.8,0.6,2.4
Christian Thomas,2013,2016,RW,27,1,2,3,-2,9,1,0,0,0,2,0,0,38,2.6,244,09:03:00,-0.2,0.2,0
Cy Thomas,1948,1948,W,14,2,2,4,NA,12,2,0,0,0,2,0,0,NA,NA,NA,NA,-0.1,0.2,0.1
Reg Thomas,1980,1980,LW,39,9,7,16,-5,6,7,2,0,0,5,2,0,89,10.1,NA,NA,0.3,0.5,0.8
Robert Thomas,2019,2026,C,529,129,328,457,66,172,96,26,7,23,240,84,4,824,15.7,9405,17:47:00,30.8,13.4,44.2
Scott Thomas,1993,2001,RW,63,6,4,10,-4,32,5,1,0,0,4,0,0,46,13,195,08:07:00,-0.6,0.6,0
Steve Thomas,1985,2004,LW,1235,421,512,933,20,1306,315,106,0,78,369,142,1,3170,13.3,6657,15:29:00,67.4,17.6,85
Dave Thomlinson,1990,1995,LW,42,1,3,4,-16,50,1,0,0,0,3,0,0,35,2.9,NA,NA,-1.2,0.1,-1.2
Brent Thompson,1992,1997,D,121,1,10,11,-32,352,1,0,0,0,10,0,0,68,1.5,NA,NA,-1.6,2.7,1.1
Cliff Thompson,1942,1949,D,16,0,1,1,NA,2,0,0,0,0,1,0,0,NA,NA,NA,NA,-0.2,1.1,0.9
Errol Thompson,1971,1981,LW,599,208,185,393,-15,184,150,52,6,27,132,50,3,1355,15.4,NA,NA,23.1,7.7,30.9
Jack Thompson,2024,2025,D,34,4,6,10,-11,10,4,0,0,0,3,3,0,45,8.9,537,15:47:00,0.7,0.4,1.1
Ken Thompson,1918,1918,LW/C,1,0,0,0,NA,0,NA,NA,NA,0,NA,NA,NA,NA,NA,NA,NA,-0.1,0,-0.1
Nate Thompson,2007,2022,C,844,65,99,164,-67,401,58,0,7,9,96,1,2,906,7.2,10934,12:57:00,-6.1,9.2,3.1
Paul Thompson,1927,1939,LW,582,153,178,331,NA,346,71,25,1,32,79,31,2,NA,NA,NA,NA,32.4,11.9,44.4
Paul Thompson,2016,2017,RW,24,0,3,3,-4,24,0,0,0,0,3,0,0,22,0,203,08:29:00,-0.2,0.1,-0.1
Rocky Thompson,1998,2002,D,25,0,0,0,0,117,0,0,0,0,0,0,0,4,0,95,03:47:00,-0.4,0.5,0.1
Tage Thompson,2018,2026,C,529,216,190,406,-62,238,156,55,5,25,133,56,1,1567,13.8,8927,16:52:00,36.7,7.6,44.3
Tyce Thompson,2021,2023,RW,11,0,1,1,-4,0,0,0,0,0,1,0,0,8,0,107,09:45:00,-0.2,0,-0.2
Bill Thoms,1933,1945,C,549,135,207,342,NA,172,118,13,1,21,166,27,5,NA,NA,NA,NA,25.6,11.8,37.5
Ben Thomson,2017,2017,LW,3,0,0,0,-4,4,0,0,0,0,0,0,0,7,0,33,10:53:00,-0.1,-0.1,-0.2
Bill Thomson,1939,1944,C/RW,9,2,2,4,NA,0,1,1,0,0,2,0,0,NA,NA,NA,NA,0,0.2,0.1
Floyd Thomson,1972,1980,LW,411,56,97,153,-25,341,54,1,1,7,92,3,2,537,10.4,NA,NA,-0.1,5.2,5
Jim Thomson,1987,1994,RW,115,4,3,7,-23,416,4,0,0,1,3,0,0,74,5.4,NA,NA,-3.6,0.9,-2.7
Jimmy Thomson,1946,1958,D,787,19,215,234,NA,920,16,2,1,4,138,71,6,NA,NA,NA,NA,11.9,55.2,67.1
Lassi Thomson,2022,2026,D,28,0,7,7,-7,6,0,0,0,0,6,1,0,27,0,431,15:25:00,0.2,0.5,0.6
Rhys Thomson,1940,1943,D,25,0,2,2,NA,38,0,0,0,0,2,0,0,NA,NA,NA,NA,-0.4,1.7,1.3
Chris Thorburn,2006,2019,RW,801,53,81,134,-40,968,46,2,5,8,80,1,0,691,7.7,7427,09:16:00,-0.5,5.8,5.3
Patrick Thoresen,2007,2008,C,106,6,18,24,-11,66,5,0,1,2,16,2,0,112,5.4,1223,11:32:00,-0.4,1.2,0.8
Tom Thornbury,1984,1984,D,14,1,8,9,-19,16,1,0,0,0,2,6,0,44,2.3,NA,NA,0.4,-0.3,0.1
Joe Thornton,1998,2022,C,1714,430,1109,1539,182,1272,278,146,6,68,701,402,6,3068,14,32098,18:44:00,118.3,44.9,163.1
Scott Thornton,1991,2008,LW,941,144,141,285,-122,1459,119,20,5,19,116,24,1,1294,11.1,7907,12:38:00,8.3,8.8,17.1
Shawn Thornton,2003,2017,RW,705,42,60,102,-33,1103,41,0,1,6,59,1,0,991,4.2,6297,08:56:00,-2,5,3
Joe Thorsteinson,1933,1933,RW,4,0,0,0,NA,0,NA,NA,NA,0,NA,NA,NA,NA,NA,NA,NA,-0.2,0.1,-0.1
Henry Thrun,2023,2026,D,123,5,20,25,-49,46,3,2,0,0,18,2,0,111,4.5,2289,18:37:00,0.1,2.1,2.2
Andreas Thuresson,2010,2011,C,25,1,2,3,-6,6,1,0,0,0,2,0,0,32,3.1,250,10:00:00,-0.3,0,-0.2
Fred Thurier,1941,1945,C,80,25,27,52,NA,18,21,3,1,2,23,4,0,NA,NA,NA,NA,2.5,0.7,3.2
Calvin Thurkauf,2020,2020,C,3,0,0,0,0,0,0,0,0,0,0,0,0,1,0,25,08:15:00,-0.1,0,0
Tom Thurlby,1968,1968,D,21,1,1,2,-8,4,1,0,0,0,0,1,0,27,3.7,NA,NA,-0.1,1.1,1
Mario Thyer,1990,1990,C,5,0,0,0,-3,0,0,0,0,0,0,0,0,4,0,NA,NA,-0.2,0,-0.2
Billy Tibbetts,2001,2003,RW,82,2,8,10,-20,269,2,0,0,1,8,0,0,70,2.9,778,09:29:00,-0.9,-0.1,-1
Milan Tichý,1993,1996,D,23,0,5,5,9,40,0,0,0,0,5,0,0,19,0,NA,NA,0,1.8,1.8
Alex Tidey,1977,1980,RW,9,0,0,0,-5,8,0,0,0,0,0,0,0,9,0,NA,NA,-0.4,0,-0.4
Chris Tierney,2015,2024,C,649,80,168,248,-70,135,62,10,8,15,142,20,6,740,10.8,9203,14:11:00,8.2,8.2,16.4
Viktor Tikhonov,2009,2016,RW,111,11,11,22,-13,40,8,3,0,2,10,0,1,112,9.8,1311,11:49:00,-0.2,1,0.8
Esa Tikkanen,1986,1999,LW,877,244,386,630,82,1077,156,59,29,41,238,137,11,1903,12.8,436,13:38:00,35.2,11.5,46.7
Brad Tiley,1998,2001,D,11,0,0,0,-1,0,0,0,0,0,0,0,0,2,0,130,11:49:00,-0.1,0.2,0.1
Tom Tilley,1989,1994,D,174,4,38,42,19,89,4,0,0,0,30,7,1,165,2.4,NA,NA,-0.1,10.1,10
Mattias Timander,1997,2004,D,419,13,57,70,-53,165,11,1,1,3,44,12,1,405,3.2,6569,17:23:00,0.8,13.7,14.5
Dmytro Timashov,2020,2021,LW,45,4,5,9,-1,16,4,0,0,1,5,0,0,38,10.5,383,08:30:00,0.3,0.3,0.6
Ray Timgren,1949,1955,LW,251,14,44,58,NA,70,13,0,1,2,38,4,2,NA,NA,NA,NA,-4.3,4.4,0.1
Conor Timmins,2020,2026,D,197,6,48,54,13,80,6,0,0,1,42,6,0,190,3.2,3221,16:21:00,1.9,7.1,9
Scott Timmins,2011,2013,C,24,1,0,1,-10,12,1,0,0,0,0,0,0,19,5.3,258,10:46:00,-0.5,-0.1,-0.6
Jussi Timonen,2007,2007,D,14,0,4,4,-10,6,0,0,0,0,4,0,0,8,0,199,14:11:00,0.2,-0.3,-0.2
Kimmo Timonen,1999,2015,D,1108,117,454,571,35,654,50,61,6,14,175,271,8,1945,6,24731,22:19:00,46,55.3,101.4
Jarred Tinordi,2013,2024,D,205,4,26,30,-63,234,4,0,0,2,24,0,2,142,2.8,3165,15:26:00,-0.5,3,2.6
Mark Tinordi,1988,1999,D,663,52,148,200,6,1514,33,18,1,5,93,46,9,816,6.4,1916,20:10:00,7.2,37.7,44.9
Dave Tippett,1984,1994,LW,721,93,169,262,-53,317,77,2,14,13,148,6,15,945,9.8,NA,NA,-1.7,8.8,7.2
Owen Tippett,2018,2026,RW,428,121,115,236,-53,94,99,19,3,15,94,21,0,1157,10.5,6671,15:35:00,16.7,5.9,22.5
Morris Titanic,1975,1976,LW,19,0,0,0,-3,0,0,0,0,0,0,0,0,8,0,NA,NA,-0.8,0.1,-0.7
German Titov,1994,2002,LW,624,157,220,377,22,311,95,51,11,21,149,63,8,1156,13.6,6028,17:22:00,25.3,10.3,35.5
Daniel Tjärnqvist,2002,2009,D,352,18,72,90,-53,130,9,7,2,2,53,15,4,304,5.9,7339,20:51:00,3.4,12.4,15.9
Mathias Tjärnqvist,2004,2008,RW,173,13,19,32,-8,60,12,0,1,1,19,0,0,181,7.2,2060,11:55:00,-1.3,2.2,1
Vladimir Tkachev,2022,2022,F,4,0,2,2,-2,2,0,0,0,0,0,2,0,1,0,56,13:59:00,0,0,0
Brady Tkachuk,2019,2026,LW,572,213,250,463,-53,821,150,62,1,28,173,77,0,2202,9.7,10397,18:11:00,38.1,10.5,48.6
Keith Tkachuk,1992,2010,LW,1201,538,527,1065,33,2219,313,212,13,72,352,161,14,3530,15.2,14984,18:27:00,101.6,23.5,125.1
Matthew Tkachuk,2017,2026,LW/RW,672,253,415,668,123,736,172,80,1,27,273,141,1,1975,12.8,12051,17:56:00,58.1,18.2,76.3
Daniel Tkaczuk,2001,2001,C,19,4,7,11,1,14,3,1,0,0,6,1,0,34,11.8,233,12:14:00,0.9,0.3,1.2
Walt Tkaczuk,1968,1981,C,945,227,451,678,184,556,175,41,11,23,360,73,18,2156,10.5,NA,NA,36.1,18,54
Jiří Tlustý,2008,2016,C,446,89,88,177,-12,126,72,15,2,11,73,14,1,706,12.6,6274,14:04:00,12.4,6.8,19.2
Mike Toal,1980,1980,C,3,0,0,0,0,0,0,0,0,0,0,0,0,1,0,NA,NA,-0.1,0,-0.1
Ryan Tobler,2002,2002,LW,4,0,0,0,-2,5,0,0,0,0,0,0,0,1,0,17,04:08:00,0,-0.1,-0.1
Rick Tocchet,1985,2002,RW,1144,440,512,952,84,2970,297,130,13,50,377,132,3,2806,15.7,4994,16:29:00,68.5,17.3,85.8
Kevin Todd,1989,1998,C,383,70,133,203,-17,225,59,9,2,13,105,27,1,574,12.2,359,13:18:00,8.3,4.1,12.4
Devon Toews,2019,2026,D,540,65,237,302,222,158,56,9,0,15,200,35,2,1055,6.2,12538,23:13:00,20.5,40.6,61.1
Jonathan Toews,2008,2026,C,1148,383,529,912,131,645,268,98,17,70,375,139,15,2800,13.7,22089,19:14:00,76.3,28.8,105.1
Tyler Toffoli,2013,2026,C,968,309,315,624,55,254,219,80,10,44,236,75,4,2657,11.6,15683,16:12:00,52.4,21.8,74.2
Sergey Tolchinsky,2016,2017,LW,4,0,2,2,1,0,0,0,0,0,2,0,0,3,0,47,11:38:00,0.1,0.1,0.2
Ole-Kristian Tollefsen,2006,2010,D,163,4,8,12,-6,296,2,1,1,0,8,0,0,87,4.6,2079,12:45:00,-0.7,4.6,3.9
Denis Tolpeko,2008,2008,RW,26,1,5,6,-4,24,1,0,0,0,4,1,0,24,4.2,215,08:17:00,0.2,0.1,0.2
Eeli Tolvanen,2018,2026,RW,421,92,98,190,-37,111,73,19,0,15,62,36,0,764,12,6221,14:47:00,10.5,6.2,16.7
Glenn Tomalty,1980,1980,LW,1,0,0,0,0,0,0,0,0,0,0,0,0,1,0,NA,NA,0,0.1,0
David Tomasek,2026,2026,F,22,3,2,5,-6,10,3,0,0,0,0,2,0,30,10,237,10:46:00,0.1,0,0.2
Philip Tomasino,2022,2026,C,218,34,61,95,-11,49,24,10,0,11,44,17,0,340,10,2782,12:46:00,4.7,3,7.7
Mike Tomlak,1990,1994,C/LW,141,15,22,37,-6,103,12,1,2,2,20,1,1,145,10.3,NA,NA,-1.5,2,0.6
Dave Tomlinson,1992,1995,C,42,1,3,4,-15,28,1,0,0,0,2,0,1,36,2.8,NA,NA,-1.2,0.2,-1
Kirk Tomlinson,1988,1988,C,1,0,0,0,0,0,0,0,0,0,0,0,0,0,NA,NA,NA,0,0,0
Jeff Toms,1996,2003,C,236,22,33,55,-33,59,20,2,0,4,28,3,2,316,7,1597,10:18:00,0.5,1.6,2.1
Jack Tomson,1940,1941,D,15,1,0,1,NA,0,1,0,0,0,0,0,0,NA,NA,NA,NA,0,0.6,0.6
John Tonelli,1979,1992,LW,1028,325,511,836,221,911,249,72,4,47,391,117,3,1854,17.5,NA,NA,43.2,15.6,58.8
Dominic Toninato,2018,2026,C,197,13,23,36,12,85,12,0,1,2,19,1,3,139,9.4,1797,09:07:00,-0.2,2.5,2.3
Tim Tookey,1981,1989,C,106,22,36,58,-20,71,12,10,0,1,25,11,0,137,16.1,NA,NA,1.4,0.9,2.3
Sean Toomey,1987,1987,LW,1,0,0,0,-1,0,0,0,0,0,0,0,0,2,0,NA,NA,0,0,-0.1
Jordin Tootoo,2004,2017,RW,723,65,96,161,-60,1010,59,6,0,7,89,7,0,1052,6.2,7424,10:16:00,3.5,6.3,9.8
Shayne Toporowski,1997,1997,RW,3,0,0,0,0,7,0,0,0,0,0,0,0,3,0,NA,NA,-0.1,0,-0.1
Jerry Toppazzini,1953,1964,RW,784,163,244,407,-70,433,118,23,22,17,173,55,16,753,9.3,1,NA,20.1,8.7,28.8
Zellio Toppazzini,1949,1957,RW,123,21,21,42,NA,49,18,3,0,2,18,3,0,NA,NA,NA,NA,1.2,1.4,2.6
Pavel Torgaev,1996,2000,LW,55,6,14,20,3,20,6,0,0,0,13,1,0,68,8.8,173,12:21:00,0.3,0.9,1.1
Jari Torkki,1989,1989,LW,4,1,0,1,-2,0,0,1,0,0,0,0,0,2,50,NA,NA,0,0,0
Antti Törmänen,1996,1996,RW,50,7,8,15,-15,28,7,0,0,0,7,0,1,68,10.3,NA,NA,0,0.4,0.4
Alexey Toropchenko,2022,2026,RW,323,34,37,71,-18,110,30,0,4,2,36,0,1,400,8.5,3925,12:09:00,-0.8,4,3.2
Raffi Torres,2002,2014,LW,635,137,123,260,2,497,110,27,0,22,112,11,0,1039,13.2,8150,12:50:00,19.1,9.3,28.4
Bill Touhey,1928,1934,LW,280,65,38,103,NA,92,10,2,0,5,8,0,0,NA,NA,NA,NA,9.8,4.6,14.4
Jacques Toupin,1944,1944,RW,8,1,2,3,NA,0,1,0,0,0,2,0,0,NA,NA,NA,NA,-0.2,0.2,0
Art Townsend,1927,1927,D,5,0,0,0,NA,0,NA,NA,NA,0,NA,NA,NA,NA,NA,NA,NA,-0.2,0.2,0
Graeme Townshend,1990,1994,RW,45,3,7,10,-1,28,3,0,0,0,7,0,0,24,12.5,NA,NA,-0.7,0.6,-0.1
Brayden Tracey,2022,2022,LW,1,0,0,0,-1,0,0,0,0,0,0,0,0,1,0,9,09:21:00,0,0,-0.1
Larry Trader,1983,1988,D,91,5,13,18,-1,74,3,2,0,0,10,3,0,76,6.6,NA,NA,-0.2,4.4,4.1
Wes Trainor,1949,1949,C/LW,17,1,2,3,NA,6,1,0,0,0,1,1,0,NA,NA,NA,NA,-0.4,0.2,-0.2
Bob Trapp,1927,1928,D,82,4,4,8,NA,131,NA,NA,NA,0,NA,NA,NA,NA,NA,NA,NA,-0.7,1.6,0.9
Doug Trapp,1987,1987,LW,2,0,0,0,0,0,0,0,0,0,0,0,0,1,0,NA,NA,-0.1,0,-0.1
Percy Traub,1927,1929,D,130,3,3,6,NA,225,NA,NA,NA,1,NA,NA,NA,NA,NA,NA,NA,-2.7,10.5,7.8
Patrick Traverse,1996,2006,D,279,14,51,65,2,113,10,4,0,1,33,17,1,260,5.4,4988,18:12:00,3,11.1,14.1
Dan Trebil,1997,2001,D,85,4,4,8,-3,32,4,0,0,0,3,0,1,70,5.7,743,13:17:00,-0.4,2.6,2.3
Brent Tremblay,1979,1980,D,10,1,0,1,1,6,1,0,0,0,0,0,0,7,14.3,NA,NA,-0.1,0.6,0.5
Gilles Tremblay,1961,1969,LW,509,168,162,330,129,164,127,36,5,14,129,32,1,1275,13.2,NA,NA,23.4,9.9,33.3
J.C. Tremblay,1960,1972,D,796,57,306,363,244,206,37,19,1,11,186,114,6,1360,4.2,NA,NA,23.7,57.7,81.4
Marcel Tremblay,1939,1939,RW,10,0,2,2,NA,0,0,0,0,0,2,0,0,NA,NA,NA,NA,-0.3,0.1,-0.2
Mario Tremblay,1975,1986,RW,852,258,326,584,185,1043,210,46,2,35,282,42,2,1884,13.7,NA,NA,28.3,14,42.3
Nils Tremblay,1945,1946,C,3,0,1,1,NA,0,0,0,0,0,1,0,0,NA,NA,NA,NA,-0.1,0.1,0
Yannick Tremblay,1997,2007,D,390,38,87,125,-119,178,23,14,1,6,38,49,0,668,5.7,7554,19:37:00,9.1,6.3,15.4
Yakov Trenin,2020,2026,C,457,61,59,120,32,256,57,0,4,10,56,2,1,662,9.2,6212,13:36:00,0.4,8.6,9
Pascal Trépanier,1998,2003,D,229,12,22,34,-8,252,7,5,0,1,14,8,0,265,4.5,3143,13:44:00,1.3,7.6,8.9
Tim Trimper,1980,1985,LW,190,30,36,66,-55,153,26,3,1,2,30,5,1,259,11.6,NA,NA,-0.9,1.7,0.8
Bogdan Trineyev,2026,2026,RW,2,0,0,0,0,0,0,0,0,0,0,0,0,1,0,21,10:32:00,-0.1,0,0
John Tripp,2003,2004,RW,43,2,7,9,-3,35,2,0,0,0,6,1,0,61,3.3,353,08:13:00,0.2,0.2,0.5
Pavel Trnka,1998,2004,D,411,14,63,77,-12,323,10,4,0,0,47,14,2,411,3.4,7185,17:29:00,1.9,16.6,18.5
Vincent Trocheck,2014,2026,C,867,239,392,631,-5,593,158,65,16,35,281,108,3,2164,11,16741,19:19:00,41.7,19.2,60.9
Corey Tropp,2012,2017,RW,149,6,21,27,-12,133,6,0,0,1,21,0,0,89,6.7,1360,09:08:00,-0.1,1,0.8
Zach Trotman,2014,2020,D,91,3,10,13,1,30,3,0,0,1,9,1,0,143,2.1,1533,16:50:00,-0.1,3,2.9
Brock Trotter,2010,2010,C,2,0,0,0,-1,0,0,0,0,0,0,0,0,6,0,18,09:03:00,-0.1,0,-0.1
Bryan Trottier,1976,1994,C,1279,524,901,1425,449,912,344,161,19,69,619,262,20,2841,18.4,NA,NA,94.1,26.1,120.2
Dave Trottier,1929,1939,LW,446,121,113,234,NA,521,42,8,1,20,45,13,0,NA,NA,NA,NA,23.5,7.6,31.1
Guy Trottier,1969,1972,RW,115,28,17,45,-23,37,19,9,0,4,9,8,0,193,14.5,NA,NA,1.7,0.9,2.6
Rocky Trottier,1984,1985,RW,38,6,4,10,-3,2,6,0,0,0,4,0,0,32,18.8,NA,NA,-0.4,0.6,0.2
Jacob Trouba,2014,2026,D,905,84,273,357,48,701,67,13,4,11,216,45,12,1894,4.4,20163,22:17:00,20.5,43.2,63.7
Jean-Guy Trudel,2000,2003,LW,5,0,0,0,-1,4,0,0,0,0,0,0,0,1,0,36,07:15:00,-0.1,0,-0.1
Lou Trudel,1934,1941,LW,310,50,68,118,NA,122,45,4,1,9,56,12,0,NA,NA,NA,NA,3.3,4.9,8.2
Rene Trudell,1946,1948,RW,129,24,28,52,NA,72,18,6,0,3,26,2,0,NA,NA,NA,NA,1.3,1.8,3
Alexander True,2020,2022,F,27,0,5,5,0,10,0,0,0,0,5,0,0,25,0,256,09:29:00,-0.2,0.3,0.1
Nikita Tryamkin,2016,2017,D,79,3,8,11,-10,74,3,0,0,0,8,0,0,76,3.9,1333,16:52:00,-0.1,2.6,2.5
Nikos Tselios,2002,2002,D,2,0,0,0,-2,6,0,0,0,0,0,0,0,3,0,26,13:13:00,0,-0.1,-0.1
Nikolai Tsulygin,1997,1997,D,22,0,1,1,-5,8,0,0,0,0,1,0,0,10,0,NA,NA,-0.3,0.6,0.3
Denis Tsygurov,1994,1996,D,51,1,5,6,-4,45,0,1,0,0,4,1,0,44,2.3,NA,NA,-0.4,2.2,1.7
Maxim Tsyplakov,2025,2026,F,126,12,27,39,-13,45,11,1,0,1,25,2,0,158,7.6,1599,12:42:00,0.7,1.5,2.2
Vladimir Tsyplakov,1996,2001,LW,331,69,101,170,42,90,63,4,2,7,85,15,1,497,13.9,3469,14:24:00,11.6,6.4,18
Alex Tuch,2017,2026,RW,614,199,248,447,78,263,153,34,12,37,191,52,5,1538,12.9,10891,17:44:00,34.4,14.3,48.7
Darcy Tucker,1996,2010,RW,947,215,261,476,-86,1410,131,77,7,39,191,65,5,1593,13.5,13262,16:38:00,29,12.1,41
John Tucker,1984,1996,C,656,177,259,436,-9,285,126,49,2,19,171,86,2,1132,15.6,NA,NA,21,9.5,30.5
Tyler Tucker,2023,2026,D,158,8,22,30,-7,209,8,0,0,0,21,0,1,138,5.8,2230,14:07:00,0.9,4.4,5.3
Connie Tudin,1942,1942,C,4,0,1,1,NA,4,0,0,0,0,0,1,0,NA,NA,NA,NA,-0.1,0,-0.1
Rob Tudor,1979,1983,RW/C,28,4,4,8,0,19,4,0,0,0,4,0,0,51,7.8,NA,NA,-0.2,0.6,0.4
Allan Tuer,1986,1990,D,57,1,1,2,-22,208,1,0,0,0,1,0,0,17,5.9,NA,NA,-0.9,1.4,0.5
Riley Tufte,2022,2026,LW,28,3,1,4,-7,10,2,1,0,1,1,0,0,18,16.7,253,09:03:00,0,0,0
Lauri Tukonen,2007,2008,RW,5,0,0,0,-2,0,0,0,0,0,0,0,0,2,0,36,07:12:00,-0.1,0,-0.1
Marko Tuomainen,1995,2002,RW,79,9,9,18,-12,84,6,2,1,1,8,1,0,91,9.9,835,11:08:00,0.3,0.3,0.6
Alex Turcotte,2022,2026,C,162,13,30,43,1,54,12,1,0,2,30,0,0,175,7.4,1773,10:57:00,0.6,2.2,2.9
Alfie Turcotte,1984,1991,C,112,17,29,46,-22,49,9,8,0,2,20,9,0,117,14.5,NA,NA,0.2,1.1,1.3
Darren Turcotte,1989,2000,C,635,195,216,411,-14,301,127,58,10,29,118,91,7,1530,12.7,1491,13:26:00,25.9,7.6,33.5
Dominic Turgeon,2018,2019,C,9,0,0,0,-5,2,0,0,0,0,0,0,0,5,0,97,10:43:00,-0.3,-0.1,-0.3
Pierre Turgeon,1988,2007,C,1294,515,812,1327,139,452,315,190,10,86,505,297,10,3154,16.3,9037,16:37:00,110.5,23.9,134.3
Sylvain Turgeon,1984,1995,LW/RW,669,269,226,495,-108,691,170,99,0,29,135,91,0,1985,13.6,NA,NA,30.5,7.3,37.8
Gord Turlik,1960,1960,LW/C,2,0,0,0,-2,2,0,0,0,0,0,0,0,1,0,NA,NA,-0.1,0,-0.1
Ian Turnbull,1974,1983,D,628,123,317,440,23,736,86,33,4,10,208,105,4,1971,6.2,NA,NA,31.5,31.5,63
Perry Turnbull,1980,1988,C,608,188,163,351,-47,1247,161,27,0,15,145,17,1,1318,14.3,NA,NA,13.9,7.2,21.1
Randy Turnbull,1982,1982,D,1,0,0,0,-1,2,0,0,0,0,0,0,0,0,NA,NA,NA,0,0,0
Travis Turnbull,2012,2012,C,3,1,0,1,0,5,1,0,0,0,0,0,0,3,33.3,15,04:55:00,0.2,0,0.2
Bob Turner,1956,1963,D,478,19,51,70,14,307,14,0,5,1,45,2,4,206,6.3,NA,NA,-0.5,35.5,35
Brad Turner,1992,1992,D,3,0,0,0,1,0,0,0,0,0,0,0,0,1,0,NA,NA,-0.1,0.2,0.1
Dean Turner,1979,1983,D,35,1,0,1,-5,59,1,0,0,0,0,0,0,25,4,NA,NA,-0.6,1.8,1.2
Kyle Turris,2008,2022,C,776,168,257,425,-7,343,126,39,3,32,175,80,2,1574,10.7,12844,16:33:00,29.3,12.7,42
Norm Tustin,1942,1942,LW,18,2,4,6,NA,0,2,0,0,1,3,1,0,NA,NA,NA,NA,-0.2,0.3,0.1
Aud Tuten,1942,1943,D,39,4,8,12,NA,48,4,0,0,0,7,1,0,NA,NA,NA,NA,0.4,2.6,3
Brian Tutt,1990,1990,D,7,1,0,1,-4,2,1,0,0,0,0,0,0,5,20,NA,NA,0,0.2,0.2
Steve Tuttle,1989,1991,RW,144,28,28,56,-1,12,25,1,2,4,24,2,2,190,14.7,NA,NA,0.7,1.9,2.6
Tony Tuzzolino,1998,2002,RW,9,0,0,0,-4,7,0,0,0,0,0,0,0,4,0,33,03:41:00,-0.1,-0.1,-0.2
Ryan Tverberg,2026,2026,C,1,0,0,0,1,2,0,0,0,0,0,0,0,0,NA,9,09:04:00,0,0,0
Oleg Tverdovsky,1995,2007,D,713,77,240,317,-21,291,46,29,2,15,121,118,1,1170,6.6,10501,20:28:00,24.1,32.3,56.4
Roman Tvrdoň,2004,2004,C,9,0,1,1,-3,2,0,0,0,0,1,0,0,7,0,96,10:41:00,-0.2,0,-0.2
Carsen Twarynski,2020,2021,F,22,1,0,1,-5,6,1,0,0,0,0,0,0,18,5.6,222,10:06:00,-0.4,0,-0.4
Tony Twist,1990,1999,LW,445,10,18,28,-23,1121,10,0,0,2,18,0,0,123,8.1,667,05:25:00,-10.3,7,-3.3
T.J. Tynan,2017,2026,C,31,0,2,2,-2,6,0,0,0,0,2,0,0,19,0,259,08:21:00,-0.5,0.2,-0.3
Dana Tyrell,2011,2015,C/RW,135,7,17,24,-14,26,7,0,0,1,17,0,0,120,5.8,1517,11:14:00,-0.9,1,0
Fedor Tyutin,2004,2017,D,872,55,209,264,-53,548,35,17,3,5,122,78,9,1179,4.7,18652,21:23:00,12.2,37.1,49.2
Gene Ubriaco,1968,1970,LW/C,177,39,35,74,-18,50,31,8,0,5,24,11,0,278,14,NA,NA,2.4,2.6,5
Kai Uchacz,2026,2026,F,3,0,0,0,-1,5,0,0,0,0,0,0,0,2,0,37,12:11:00,-0.1,0,-0.1
Ryan Ufko,2025,2026,D,18,2,7,9,1,4,2,0,0,1,6,1,0,11,18.2,245,13:37:00,0.8,0.7,1.5
Dominik Uher,2015,2015,C,2,0,0,0,-1,0,0,0,0,0,0,0,0,0,NA,13,06:28:00,0,0,-0.1
Igor Ulanov,1992,2006,D,739,27,135,162,13,1151,23,4,0,4,110,16,9,529,5.1,7112,18:20:00,3.3,34,37.3
Norm Ullman,1956,1975,C,1410,490,739,1229,7,710,366,116,8,59,554,172,13,3426,12.3,NA,NA,97.1,21.4,118.4
David Ullström,2012,2013,C,49,6,7,13,-4,12,5,1,0,2,7,0,0,68,8.8,508,10:22:00,0.7,0.4,1.1
Jeff Ulmer,2001,2001,RW,21,3,0,3,-6,8,3,0,0,0,0,0,0,22,13.6,218,10:23:00,0,-0.1,-0.1
Layne Ulmer,2004,2004,C,1,0,0,0,-1,0,0,0,0,0,0,0,0,1,0,9,09:27:00,0,0,-0.1
R.J. Umberger,2006,2016,C,779,180,212,392,-64,312,119,54,7,21,156,45,11,1696,10.6,12959,16:38:00,24.8,11.6,36.4
Garry Unger,1968,1983,C,1105,413,391,804,-131,1075,304,105,4,54,272,115,4,3429,12,NA,NA,56.4,11.4,67.8
Felix Unger Sorum,2026,2026,RW,1,0,1,1,1,0,0,0,0,0,1,0,0,0,NA,15,14:35:00,0.1,0.1,0.1
Scottie Upshall,2003,2018,LW,759,138,146,284,9,615,117,17,4,25,126,18,3,1431,9.6,9845,12:58:00,18.2,11.2,29.4
Alexander Urbom,2011,2014,D,34,3,1,4,-1,28,3,0,0,1,0,0,1,24,12.5,475,13:58:00,0.2,1,1.2
Stefan Ustorf,1996,1997,C,54,7,10,17,5,16,7,0,0,1,8,0,2,46,15.2,NA,NA,-0.1,1,0.9
Urho Vaakanainen,2019,2026,D,221,3,43,46,-15,70,3,0,0,0,41,1,1,205,1.5,3708,16:47:00,0.2,6.8,7
Ossi Väänänen,2001,2009,D,479,13,55,68,26,482,12,0,1,4,48,4,3,290,4.5,8554,17:52:00,-0.9,18.5,17.7
Nick Vachon,1997,1997,C,1,0,0,0,-1,0,0,0,0,0,0,0,0,0,NA,NA,NA,0,0,-0.1
Carol Vadnais,1967,1983,D,1087,169,418,587,-63,1811,111,54,4,19,240,166,12,2459,6.9,NA,NA,41.2,50.8,92
Ľubomír Vaic,1998,2000,C,9,1,1,2,-2,2,1,0,0,0,1,0,0,10,10,93,10:19:00,0,0,0
Eric Vail,1974,1982,LW,591,216,260,476,37,281,157,57,2,29,189,69,2,1388,15.6,NA,NA,29.9,8.9,38.8
Sparky Vail,1929,1930,D/LW,50,4,1,5,NA,26,NA,NA,NA,0,NA,NA,NA,NA,NA,NA,NA,0.5,3.6,4.1
Rick Vaive,1980,1992,RW,876,441,347,788,-79,1445,287,143,11,52,241,103,3,2603,16.9,NA,NA,55.8,9.7,65.4
Boris Valábik,2008,2010,D,80,0,7,7,-14,210,0,0,0,0,7,0,0,43,0,1183,14:47:00,-0.7,0.9,0.2
Chris Valentine,1982,1984,C,105,43,52,95,-27,127,22,21,0,7,26,26,0,210,20.5,NA,NA,5.2,0.9,6.1
Rob Valicevic,1999,2004,RW,193,28,20,48,-13,61,24,3,1,10,17,1,2,218,12.8,2519,13:03:00,0.9,2.8,3.6
Rinat Valiev,2016,2018,D,12,0,0,0,0,2,0,0,0,0,0,0,0,9,0,146,12:11:00,-0.2,0.3,0.2
Juuso Välimäki,2019,2025,D,271,11,61,72,-7,133,10,1,0,2,46,15,0,313,3.5,4697,17:20:00,2.3,9,11.3
Jack Valiquette,1975,1981,C,350,84,134,218,-67,79,60,18,6,9,101,30,3,626,13.4,NA,NA,9.7,3.6,13.3
Curtis Valk,2018,2018,LW,1,0,0,0,0,0,0,0,0,0,0,0,0,0,NA,3,03:25:00,0,0,0
Garry Valk,1991,2003,RW,777,100,156,256,-1,747,86,10,4,16,130,18,8,1047,9.6,3986,11:39:00,4.2,9.1,13.3
Lindsay Vallis,1994,1994,D,1,0,0,0,0,0,0,0,0,0,0,0,0,0,NA,NA,NA,0,0,0
Shaun Van Allen,1991,2004,C,794,84,185,269,54,481,65,6,13,17,156,21,8,811,10.4,6134,11:52:00,7.1,12.8,19.9
John Van Boxmeer,1974,1984,D,588,84,274,358,27,465,51,32,1,6,154,120,0,1483,5.7,NA,NA,21.1,33.9,55
Bryce Van Brabant,2014,2014,LW,6,0,0,0,-1,2,0,0,0,0,0,0,0,4,0,55,09:10:00,-0.2,0,-0.1
David Van Der Gulik,2009,2015,RW,49,2,11,13,8,10,2,0,0,0,11,0,0,57,3.5,398,08:07:00,0.5,0.8,1.3
Wayne Van Dorp,1987,1992,LW,125,12,12,24,5,570,12,0,0,1,11,1,0,81,14.8,NA,NA,-2.1,1.6,-0.5
David Van Drunen,2000,2000,D,1,0,0,0,0,0,0,0,0,0,0,0,0,0,NA,5,04:38:00,0,0,0
Mark Van Guilder,2014,2014,C,1,0,0,0,0,0,0,0,0,0,0,0,0,0,NA,8,08:27:00,0,0,0
Darren Van Impe,1995,2003,D,411,25,90,115,-22,397,8,16,1,2,41,46,3,491,5.1,4719,18:48:00,6,16.4,22.4
Ed Van Impe,1967,1977,D,703,27,126,153,99,1024,22,5,0,5,113,10,3,819,3.3,NA,NA,1.9,44.9,46.8
James van Riemsdyk,2010,2026,LW,1153,342,354,696,-84,431,238,101,3,49,277,75,2,2829,12.1,18076,15:41:00,59.8,15.9,75.6
Trevor van Riemsdyk,2015,2026,D,751,28,133,161,35,229,28,0,0,7,126,4,3,844,3.3,13088,17:26:00,3,30.8,33.8
Mike Van Ryn,2001,2009,D,353,30,99,129,5,260,17,12,1,3,61,37,1,554,5.4,7375,20:54:00,8.4,14.8,23.3
Ryan VandenBussche,1997,2006,RW,310,10,10,20,-35,702,8,2,0,0,9,1,0,111,9,1800,06:27:00,-3,1,-2
Jim Vandermeer,2003,2012,D,461,25,80,105,-9,664,19,5,1,3,66,10,4,469,5.3,8353,18:07:00,4.2,17.3,21.4
Peter Vandermeer,2008,2008,LW,2,0,0,0,0,0,0,0,0,0,0,0,0,0,NA,15,07:33:00,0,0,0
Chris VandeVelde,2011,2017,C,278,18,30,48,-28,95,17,0,1,0,29,1,0,248,7.3,3325,11:58:00,-2,2.7,0.7
Thomas Vanek,2006,2019,LW,1029,373,416,789,5,547,233,137,3,56,285,131,0,2609,14.3,16776,16:18:00,77.4,18.5,95.9
Václav Varaďa,1996,2006,RW,493,58,125,183,19,410,51,7,0,6,112,12,1,786,7.4,7006,14:23:00,5.5,8.7,14.2
Petri Varis,1998,1998,LW,1,0,0,0,0,0,0,0,0,0,0,0,0,0,NA,3,02:44:00,0,0,0
Sergei Varlamov,1998,2003,LW,63,8,7,15,5,26,8,0,0,1,7,0,0,99,8.1,692,10:59:00,0.5,1,1.5
Phil Varone,2014,2019,C,97,8,9,17,-20,26,8,0,0,0,9,0,0,80,10,958,09:53:00,0,0.3,0.3
Jarkko Varvio,1994,1995,RW,13,3,4,7,2,4,2,1,0,1,2,2,0,26,11.5,NA,NA,0.4,0.2,0.6
Josef Vašíček,2001,2008,C,460,77,106,183,-38,311,61,14,2,11,82,23,1,712,10.8,6781,14:44:00,9,6.9,15.9
Alexander Vasilevski,1996,1997,RW,4,0,0,0,-2,2,0,0,0,0,0,0,0,3,0,NA,NA,-0.2,0,-0.2
Alexei Vasiliev,2000,2000,D,1,0,0,0,-1,2,0,0,0,0,0,0,0,0,NA,16,15:57:00,0,0,-0.1
Herberts Vasiļjevs,1999,2002,RW,51,8,7,15,-15,22,4,4,0,1,4,2,1,66,12.1,622,12:11:00,0.7,0,0.7
Andrei Vasilyev,1995,1999,LW,16,2,5,7,-1,6,2,0,0,1,5,0,0,15,13.3,1,01:19:00,0.2,0.2,0.4
Dennis Vaske,1991,1999,D,235,5,41,46,31,253,4,1,0,1,32,8,1,217,2.3,420,19:06:00,-0.3,12.6,12.3
Moose Vasko,1957,1970,D,786,34,166,200,48,721,26,4,4,3,133,28,5,632,3,NA,NA,7.4,47.5,54.9
Rick Vasko,1978,1981,D,31,3,7,10,-14,29,2,1,0,0,3,3,1,40,7.5,NA,NA,0.3,0.9,1.2
Alexander Vasyunov,2011,2011,LW,18,1,4,5,0,0,1,0,0,0,4,0,0,18,5.6,207,11:29:00,0.1,0.3,0.4
Sami Vatanen,2013,2021,D,473,47,153,200,-5,212,25,21,1,3,86,65,2,860,5.5,9839,20:48:00,14.8,21.4,36.2
Frank Vatrano,2016,2026,LW,695,186,139,325,-82,449,148,32,6,27,114,24,1,1792,10.4,10339,14:53:00,22.3,8,30.2
Julien Vauclair,2004,2004,D,1,0,0,0,1,2,0,0,0,0,0,0,0,0,NA,13,12:48:00,0,0.1,0.1
Yvon Vautour,1980,1985,RW,204,26,33,59,-69,401,22,4,0,2,29,4,0,233,11.2,NA,NA,-2.1,1.8,-0.3
Greg Vaydik,1977,1977,C,5,0,0,0,-2,0,0,0,0,0,0,0,0,2,0,NA,NA,-0.2,0,-0.2
Mike Vecchione,2017,2022,RW,3,0,0,0,-2,0,0,0,0,0,0,0,0,4,0,22,07:22:00,-0.1,-0.1,-0.1
Stéphane Veilleux,2003,2015,LW,506,50,56,106,-64,348,46,2,2,5,49,4,3,687,7.3,6516,12:53:00,-2.2,6.2,4
Darren Veitch,1981,1991,D,511,48,209,257,19,296,23,24,1,5,103,102,4,1059,4.5,NA,NA,11.4,29.3,40.7
Lukas Vejdemo,2020,2022,C,13,2,0,2,-3,0,2,0,0,0,0,0,0,17,11.8,120,09:14:00,0.1,0,0.1
Joe Veleno,2021,2026,C,367,40,46,86,-77,117,35,5,0,3,40,5,1,379,10.6,4733,12:54:00,-0.9,2.8,1.9
Randy Velischek,1983,1992,D,509,21,76,97,-71,401,19,0,2,0,72,1,3,333,6.3,NA,NA,-1.8,19.2,17.4
Mike Vellucci,1988,1988,D,2,0,0,0,-1,11,0,0,0,0,0,0,0,2,0,NA,NA,0,0.1,0
Vic Venasky,1973,1979,C,430,61,101,162,-16,66,52,8,1,13,86,14,1,563,10.8,NA,NA,0.2,6.2,6.5
Gary Veneruzzo,1968,1972,W,7,1,1,2,0,0,1,0,0,0,1,0,0,7,14.3,NA,NA,0,0.1,0.1
Pat Verbeek,1983,2002,RW,1424,522,540,1062,-46,2905,332,186,4,67,350,184,6,3285,15.9,5144,14:20:00,75.2,19.5,94.7
Carter Verhaeghe,2020,2026,C,488,172,185,357,38,247,143,28,1,26,146,39,0,1280,13.4,8088,16:34:00,29.6,10,39.6
Antoine Vermette,2004,2018,C,1046,228,287,515,-49,622,154,52,22,31,212,67,8,1836,12.4,17608,16:50:00,30.5,16.6,47.1
Mark Vermette,1989,1992,RW,67,5,13,18,-31,33,5,0,0,0,13,0,0,80,6.3,NA,NA,-0.8,0.1,-0.7
Joel Vermin,2016,2017,RW,24,0,4,4,3,4,0,0,0,0,4,0,0,13,0,252,10:29:00,-0.3,0.4,0.2
Mike Vernace,2009,2011,D,22,0,1,1,-7,10,0,0,0,0,1,0,0,15,0,323,14:41:00,-0.3,0.2,0
Kris Vernarsky,2003,2004,C,17,1,0,1,-3,2,1,0,0,0,0,0,0,18,5.6,151,08:53:00,-0.2,0,-0.2
Max Veronneau,2019,2020,RW,16,2,2,4,-7,0,1,1,0,0,2,0,0,18,11.1,184,11:30:00,0.1,-0.1,0
Darcy Verot,2004,2004,LW,37,0,2,2,-6,135,0,0,0,0,1,0,1,11,0,326,08:48:00,-0.7,0.1,-0.5
Claude Verret,1984,1985,C,14,2,5,7,-5,2,1,1,0,0,2,3,0,19,10.5,NA,NA,0.1,0.1,0.2
Kris Versteeg,2008,2018,RW,643,149,209,358,9,374,102,38,9,20,140,65,4,1357,11,10434,16:14:00,26.1,11.7,37.9
Leigh Verstraete,1983,1988,RW,8,0,1,1,-2,14,0,0,0,0,1,0,0,2,0,NA,NA,-0.2,0.1,-0.2
Dennis Ververgaert,1974,1981,RW,583,176,216,392,-68,247,133,42,1,22,164,51,1,1102,16,NA,NA,21.1,6.2,27.3
Kristian Vesalainen,2019,2022,W,70,2,3,5,-8,6,2,0,0,0,3,0,0,49,4.1,598,08:33:00,-1,0.4,-0.6
Ryan Vesce,2009,2010,C,19,3,2,5,-3,4,3,0,0,1,2,0,0,31,9.7,196,10:19:00,0.3,0.1,0.4
Jim Vesey,1989,1992,C/RW,15,1,2,3,-4,7,1,0,0,0,2,0,0,9,11.1,NA,NA,-0.3,0.1,-0.2
Jimmy Vesey,2017,2025,LW,626,101,93,194,-58,144,90,7,4,27,83,9,1,942,10.7,8574,13:42:00,5.9,7.5,13.4
Linden Vey,2014,2017,RW,138,14,30,44,-19,24,7,7,0,2,24,5,1,110,12.7,1896,13:44:00,1.2,1.4,2.6
Sid Veysey,1978,1978,C,1,0,0,0,-1,0,0,0,0,0,0,0,0,0,NA,NA,NA,0,0,-0.1
Dennis Vial,1991,1998,D/LW,242,4,15,19,-27,794,4,0,0,0,14,1,0,111,3.6,131,06:53:00,-3.5,9,5.5
Steve Vickers,1973,1982,LW,698,246,340,586,57,330,176,69,1,35,240,99,1,1278,19.2,NA,NA,36.9,10.8,47.6
Jeffrey Viel,2021,2026,F,98,6,8,14,-15,230,6,0,0,0,8,0,0,108,5.6,979,10:00:00,-0.8,0.6,-0.2
J.P. Vigier,2001,2007,RW,213,23,23,46,-42,97,17,3,3,3,16,4,3,286,8,2804,13:10:00,-0.6,1.1,0.6
Alain Vigneault,1982,1983,D,42,2,5,7,-5,82,2,0,0,0,5,0,0,22,9.1,NA,NA,-0.2,1.9,1.7
Vesa Viitakoski,1994,1996,LW,23,2,4,6,-2,8,0,2,0,0,2,2,0,28,7.1,NA,NA,-0.2,0.2,0
Gabriel Vilardi,2020,2026,C,351,120,124,244,7,88,75,45,0,23,89,35,0,644,18.6,5852,16:40:00,19.4,7.3,26.8
Topias Vilen,2026,2026,D,2,0,0,0,1,0,0,0,0,0,0,0,0,0,NA,31,15:28:00,0,0.2,0.1
Claude Vilgrain,1988,1994,RW,89,21,32,53,19,78,19,1,1,1,31,1,0,110,19.1,NA,NA,2.4,1.6,3.9
William Villeneuve,2026,2026,D,2,0,0,0,1,0,0,0,0,0,0,0,0,2,0,35,17:40:00,0,0.1,0.1
Sandis Vilmanis,2026,2026,LW,19,3,2,5,-1,4,3,0,0,0,2,0,0,15,20,198,10:24:00,0.2,0.2,0.5
Dan Vincelette,1988,1992,LW,193,20,22,42,-47,351,17,3,0,0,18,4,0,204,9.8,NA,NA,-2.8,1.3,-1.5
Tomáš Vincour,2011,2015,C,95,7,10,17,-9,12,7,0,0,1,10,0,0,105,6.7,913,09:36:00,0.1,0.6,0.7
Pete Vipond,1973,1973,LW,3,0,0,0,0,0,0,0,0,0,0,0,0,2,0,NA,NA,-0.1,0.1,-0.1
Hannu Virta,1982,1986,D,245,25,101,126,16,66,16,7,2,1,63,37,1,406,6.2,NA,NA,5.7,15.1,20.8
Tony Virta,2002,2002,RW,8,2,3,5,0,0,2,0,0,0,2,1,0,15,13.3,107,13:23:00,0.5,0.1,0.6
Jake Virtanen,2016,2021,RW,317,55,45,100,-29,219,45,10,0,10,42,3,0,591,9.3,4042,12:45:00,4.7,3.8,8.5
Terry Virtue,1999,2000,D,5,0,0,0,0,0,0,0,0,0,0,0,0,4,0,51,10:15:00,-0.1,0.1,0.1
Mark Visheau,1994,1999,D,29,1,3,4,-7,107,1,0,0,0,2,0,1,11,9.1,267,09:33:00,0.2,0.1,0.4
Vitaly Vishnevski,2000,2008,D,552,16,52,68,-27,494,14,1,1,0,46,1,5,456,3.5,9239,16:44:00,-1.3,19.8,18.5
Ivan Vishnevskiy,2009,2010,D,5,0,2,2,-1,2,0,0,0,0,0,2,0,13,0,92,18:23:00,0.1,0.1,0.2
Ľubomír Višňovský,2001,2015,D,883,128,367,495,40,373,76,52,0,20,177,189,1,1532,8.4,18932,21:26:00,44.4,42.7,87
Joe Vitale,2011,2016,C,234,11,33,44,-24,156,11,0,0,3,30,2,1,207,5.3,2543,10:52:00,-1,1.8,0.8
Harijs Vītoliņš,1994,1994,C,8,0,0,0,0,4,0,0,0,0,0,0,0,7,0,NA,NA,-0.3,0.1,-0.2
Emanuel Viveiros,1986,1988,D,29,1,11,12,-3,6,1,0,0,0,5,6,0,40,2.5,NA,NA,0.3,1.3,1.6
Tomáš Vlasák,2001,2001,C,10,1,3,4,4,2,1,0,0,0,3,0,0,15,6.7,115,11:28:00,0.2,0.3,0.4
Alex Vlasic,2022,2026,D,259,9,61,70,-49,76,8,1,0,1,46,13,2,274,3.3,5563,21:29:00,0.9,11.5,12.4
Marc-Édouard Vlasic,2007,2025,D,1323,84,295,379,42,472,71,11,2,13,230,56,9,1700,4.9,27361,20:41:00,15.6,69,84.6
Ed Vokes,1931,1931,LW,5,0,0,0,NA,0,NA,NA,NA,0,NA,NA,NA,NA,NA,NA,NA,-0.3,0.1,-0.2
Mickey Volcan,1981,1984,D,162,8,33,41,-61,146,7,1,0,1,32,1,0,179,4.5,NA,NA,0.2,5.2,5.4
Anton Volchenkov,2003,2015,D,696,19,114,133,73,438,19,0,0,3,97,4,13,719,2.6,12680,18:13:00,1.4,32.6,34
Alexandre Volchkov,2000,2000,C,3,0,0,0,-2,0,0,0,0,0,0,0,0,1,0,30,10:07:00,-0.1,0,-0.1
David Volek,1989,1994,W,396,95,154,249,-24,201,65,29,1,11,106,45,3,975,9.7,NA,NA,11.1,4.5,15.6
Alexander Volkov,2020,2021,RW,46,7,7,14,-5,12,7,0,0,0,6,1,0,42,16.7,523,11:23:00,0.7,0.4,1.2
Doug Volmar,1971,1973,RW,62,13,8,21,-1,26,10,3,0,2,6,2,0,76,17.1,NA,NA,0.3,0.9,1.3
Aaron Volpatti,2011,2015,LW,114,5,2,7,-8,137,5,0,0,0,2,0,0,63,7.9,905,07:56:00,-1.2,0.6,-0.6
Reto Von Arx,2001,2001,C,19,3,1,4,-4,4,3,0,0,1,1,0,0,12,25,217,11:26:00,0.1,0.1,0.2
Phil Von Stefenelli,1996,1997,D,33,0,5,5,-1,23,0,0,0,0,4,1,0,22,0,NA,NA,-0.2,1.5,1.3
Jan Vopat,1996,2000,D,126,11,20,31,15,70,11,0,0,2,13,6,1,119,9.2,1463,17:51:00,1.7,6.2,7.8
Roman Vopat,1996,1999,C,133,6,14,20,-29,253,4,2,0,3,14,0,0,150,4,540,06:50:00,-1.4,0.4,-1
Jakub Voráček,2009,2023,RW,1058,223,583,806,-36,525,168,55,0,31,379,204,0,2517,8.9,18275,17:16:00,58.1,18.3,76.4
Pavel Vorobiev,2004,2006,RW,57,10,15,25,-1,38,7,3,0,1,7,7,1,107,9.3,788,13:50:00,1.3,0.9,2.1
Vladimir Vorobiev,1997,1999,LW,33,9,7,16,-5,14,7,2,0,1,4,3,0,74,12.2,202,11:54:00,1.2,0.2,1.4
Mikhail Vorobyev,2019,2020,C,35,2,3,5,-5,8,2,0,0,0,3,0,0,25,8,349,09:58:00,-0.3,0.2,-0.1
Dmitri Voronkov,2024,2026,LW,211,58,55,113,10,166,37,21,0,4,48,7,0,406,14.3,3113,14:45:00,8.2,3.6,11.8
Aaron Voros,2008,2011,C,162,18,19,37,-22,395,14,4,0,2,18,1,0,148,12.2,1427,08:49:00,1.7,1,2.7
Carl Voss,1927,1938,C,264,34,71,105,NA,50,20,6,0,2,46,8,1,NA,NA,NA,NA,3.6,3.9,7.5
Slava Voynov,2012,2015,D,190,18,63,81,23,72,13,5,0,4,39,23,1,313,5.8,4039,21:15:00,6.2,12.3,18.6
Jakub Vrána,2017,2025,LW,406,119,104,223,21,113,100,19,0,30,81,23,0,830,14.3,5485,13:31:00,19.3,6.5,25.8
Petr Vrána,2009,2009,C,16,1,0,1,-4,2,1,0,0,0,0,0,0,6,16.7,110,06:54:00,-0.1,0,-0.2
Radim Vrbata,2002,2018,RW,1057,284,339,623,-19,294,183,96,5,48,224,111,4,3103,9.2,17160,16:14:00,50.5,18.5,69.1
Vladimír Vůjtek,1992,2003,LW,110,7,30,37,-15,38,6,1,0,1,23,7,0,165,4.2,421,11:05:00,-0.3,1.1,0.8
Mick Vukota,1988,1998,RW,573,17,29,46,-35,2071,17,0,0,0,28,1,0,269,6.3,NA,NA,-17,6.3,-10.7
Igor Vyazmikin,1991,1991,W,4,1,0,1,0,0,1,0,0,1,0,0,0,5,20,NA,NA,0,0,0.1
David Výborný,2001,2008,RW,543,113,204,317,-48,228,70,36,7,17,113,90,1,920,12.3,9684,17:50:00,18.3,10.5,28.9
Sergei Vyshedkevich,2000,2001,D,30,2,5,7,-10,16,1,1,0,0,3,2,0,33,6.1,636,21:13:00,0.3,0.4,0.7
Don Waddell,1981,1981,D,1,0,0,0,-1,0,0,0,0,0,0,0,0,0,NA,NA,NA,0,0,0
Austin Wagner,2019,2023,LW,178,23,19,42,-19,70,23,0,0,2,19,0,0,271,8.5,1864,10:28:00,1.4,1.9,3.3
Chris Wagner,2015,2025,C,401,39,27,66,-32,218,34,1,4,2,25,2,0,512,7.6,4583,11:26:00,-2,4.2,2.2
Steve Wagner,2008,2009,D,46,4,8,12,-9,26,3,1,0,0,5,3,0,41,9.8,787,17:07:00,0.8,1.2,2
Oliver Wahlstrom,2020,2025,RW,236,37,36,73,-13,176,26,11,0,5,25,11,0,425,8.7,2738,11:36:00,3.4,3,6.5
Frank Waite,1931,1931,C,17,1,3,4,NA,4,NA,NA,NA,0,NA,NA,NA,NA,NA,NA,NA,-0.3,0.4,0.1
Daniel Walcott,2021,2021,D,1,0,0,0,-1,5,0,0,0,0,0,0,0,1,0,10,10:03:00,0,-0.1,-0.1
Gord Walker,1987,1990,RW,31,3,4,7,-8,23,3,0,0,0,4,0,0,37,8.1,NA,NA,-0.5,0.1,-0.3
Howard Walker,1981,1983,D,83,2,13,15,-1,133,0,2,0,0,12,1,0,88,2.3,NA,NA,-0.5,4.5,3.9
Jack Walker,1927,1928,F,84,5,8,13,NA,16,NA,NA,NA,1,NA,NA,NA,NA,NA,NA,NA,-2.1,1.7,-0.4
Kurt Walker,1976,1978,D,71,4,5,9,-2,152,4,0,0,0,4,1,0,20,20,NA,NA,-1.2,1.9,0.7
Matt Walker,2003,2012,D,314,4,26,30,-9,464,4,0,0,0,24,0,2,303,1.3,4761,15:10:00,-2,9.7,7.7
Nathan Walker,2018,2026,C,274,32,35,67,-9,150,32,0,0,4,34,0,1,258,12.4,3103,11:19:00,0.9,3.2,4.2
Russ Walker,1977,1978,RW,17,1,0,1,-2,41,1,0,0,0,0,0,0,12,8.3,NA,NA,-0.5,0.2,-0.4
Samuel Walker,2023,2024,C,13,1,1,2,-4,0,1,0,0,0,1,0,0,11,9.1,133,10:13:00,-0.1,0,-0.1
Scott Walker,1995,2010,RW,829,151,246,397,-56,1162,100,39,12,24,183,57,6,1324,11.4,11214,16:14:00,21,14.5,35.5
Sean Walker,2019,2026,D,476,40,103,143,-27,247,37,1,2,3,90,10,3,860,4.7,8627,18:07:00,7.7,17.7,25.4
Bob Wall,1965,1972,D,322,30,55,85,-52,155,19,10,1,4,36,19,0,513,5.8,NA,NA,1.7,10.2,11.9
Tim Wallace,2009,2013,RW,101,4,9,13,-13,45,4,0,0,1,9,0,0,64,6.3,894,08:51:00,-0.6,0.4,-0.3
Jesse Wallin,2000,2003,D,49,0,2,2,-5,34,0,0,0,0,2,0,0,32,0,608,12:25:00,-0.4,0.6,0.2
Niclas Wallin,2001,2011,D,614,21,58,79,-61,460,21,0,0,3,54,3,1,586,3.6,10183,16:35:00,-1,17.2,16.2
Peter Wallin,1981,1982,RW,52,3,14,17,2,14,3,0,0,1,10,4,0,63,4.8,NA,NA,-0.8,0.7,-0.1
Rickard Wallin,2003,2010,C,79,8,11,19,-5,34,5,3,0,2,11,0,0,89,9,1005,12:43:00,0.1,0.9,1
Lucas Wallmark,2017,2021,C,187,23,36,59,-15,64,18,5,0,4,24,10,2,253,9.1,2474,13:14:00,1.4,2.3,3.7
Jake Walman,2020,2026,D,319,40,71,111,-13,159,36,2,2,7,54,15,2,640,6.3,6016,18:51:00,7.4,12.1,19.4
Derrick Walser,2002,2007,D,91,8,21,29,-18,56,2,6,0,2,11,10,0,133,6,1427,15:41:00,2.5,2.1,4.5
Jim Walsh,1982,1982,D,4,0,1,1,1,4,0,0,0,0,1,0,0,8,0,NA,NA,0,0.3,0.3
Mike Walsh,1988,1989,W,14,2,0,2,-7,4,2,0,0,1,0,0,0,13,15.4,NA,NA,-0.2,0,-0.2
Reilly Walsh,2022,2022,D,1,0,1,1,0,0,0,0,0,0,1,0,0,2,0,14,14:23:00,0.1,0,0.1
Ben Walter,2006,2010,C,24,1,0,1,-1,6,0,1,0,0,0,0,0,14,7.1,200,08:19:00,-0.4,0.2,-0.2
Ryan Walter,1979,1993,C/LW,1003,264,382,646,-1,946,162,96,6,22,291,85,6,1720,15.3,NA,NA,26.7,13.6,40.4
Bobby Walton,1944,1944,C/RW,4,0,0,0,NA,0,0,0,0,0,0,0,0,NA,NA,NA,NA,-0.2,0.1,-0.1
Mike Walton,1966,1979,C,588,201,247,448,-44,357,139,62,0,31,166,81,0,1554,12.9,NA,NA,31.4,6,37.4
Wes Walz,1990,2008,C,607,109,151,260,23,343,87,8,14,18,131,13,7,878,12.4,7025,16:02:00,10.5,12.3,22.8
Tom Wandell,2009,2013,C,229,20,23,43,-9,52,20,0,0,5,21,1,1,319,6.3,2584,11:17:00,-0.5,2.4,1.9
Kyle Wanvig,2003,2008,RW,75,6,9,15,-11,94,5,1,0,1,9,0,0,86,7,783,10:26:00,-0.1,0.7,0.6
Gord Wappel,1980,1982,D,20,1,1,2,-3,10,1,0,0,0,1,0,0,12,8.3,NA,NA,-0.2,0.9,0.6
Aaron Ward,1994,2010,D,839,44,107,151,-41,736,41,2,1,9,93,7,7,679,6.5,14029,17:54:00,3.3,30.8,34
Dixon Ward,1993,2003,RW,537,95,129,224,43,431,75,12,8,15,108,16,5,717,13.2,4134,14:12:00,9.2,8,17.2
Don Ward,1958,1960,D,34,0,1,1,-1,18,0,0,0,0,1,0,0,11,0,NA,NA,-0.5,1.5,0.9
Ed Ward,1994,2001,RW,278,23,26,49,-17,354,21,0,2,1,26,0,0,238,9.7,1705,09:04:00,-1.9,2.6,0.7
Jason Ward,2000,2009,RW,336,36,45,81,-29,171,28,4,4,3,38,3,4,413,8.7,4106,12:13:00,0.4,3.8,4.2
Jimmy Ward,1928,1939,RW,528,147,128,275,NA,463,51,9,4,28,53,8,5,NA,NA,NA,NA,32.4,9.4,41.8
Joe Ward,1981,1981,C,4,0,0,0,-2,2,0,0,0,0,0,0,0,2,0,NA,NA,-0.2,0,-0.1
Joel Ward,2007,2018,RW,726,133,171,304,-2,261,94,30,9,23,146,22,3,1121,11.9,11361,15:39:00,15.8,13.1,28.9
Lance Ward,2001,2004,D,209,4,12,16,-30,391,4,0,0,1,10,0,2,134,3,2396,11:28:00,-0.4,3,2.7
Ron Ward,1970,1972,C,89,2,5,7,-6,6,1,0,1,0,4,1,0,56,3.6,NA,NA,-3,1.2,-1.8
Taylor Ward,2025,2026,F,36,4,4,8,1,7,3,1,0,0,4,0,0,41,9.8,350,09:43:00,0.2,0.5,0.7
Jeff Ware,1997,1999,D,21,0,1,1,-3,12,0,0,0,0,1,0,0,5,0,105,13:07:00,-0.3,0.6,0.3
Michael Ware,1989,1990,RW,5,0,1,1,0,15,0,0,0,0,1,0,0,1,0,NA,NA,-0.1,0.1,-0.1
Eddie Wares,1937,1947,D/RW,324,60,102,162,NA,161,55,5,0,14,82,18,2,NA,NA,NA,NA,6.3,7.1,13.4
Bob Warner,1977,1977,D,10,1,1,2,4,4,1,0,0,0,1,0,0,9,11.1,NA,NA,0,0.7,0.7
Jim Warner,1980,1980,RW,32,0,3,3,-6,10,0,0,0,0,3,0,0,26,0,NA,NA,-1.1,0.2,-0.9
Marshall Warren,2026,2026,D,8,0,3,3,0,4,0,0,0,0,3,0,0,7,0,92,11:29:00,0.2,0.2,0.4
Rhett Warrener,1996,2008,D,714,24,82,106,73,899,19,2,3,6,64,11,7,639,3.8,11634,18:39:00,-1.2,38,36.8
Todd Warriner,1995,2003,LW,453,65,89,154,-37,249,50,10,5,4,71,18,0,727,8.9,4268,13:30:00,5,4.6,9.6
David Warsofsky,2014,2018,D,55,2,9,11,-6,8,1,1,0,0,8,1,0,89,2.2,869,15:48:00,0.3,1.2,1.6
Billy Warwick,1943,1944,LW,14,3,3,6,NA,16,3,0,0,0,3,0,0,NA,NA,NA,NA,-0.1,0,-0.1
Grant Warwick,1942,1950,RW,395,147,142,289,NA,220,118,29,0,17,118,24,0,NA,NA,NA,NA,20.8,5.1,25.9
Steve Washburn,1996,2001,C,93,14,15,29,-4,42,9,5,0,2,12,2,1,90,15.6,875,11:50:00,1.1,1,2
Tim Washe,2025,2026,F,40,2,3,5,-6,14,2,0,0,0,3,0,0,35,5.7,475,11:53:00,-0.6,0.3,-0.4
Nick Wasnie,1928,1935,RW,246,57,34,91,NA,178,13,1,0,8,6,1,0,NA,NA,NA,NA,6.3,4.1,10.3
Francis Wathier,2010,2013,LW,10,0,0,0,-2,5,0,0,0,0,0,0,0,4,0,49,04:56:00,-0.1,0,-0.2
Matt Watkins,2012,2012,RW,1,0,0,0,-1,0,0,0,0,0,0,0,0,0,NA,7,06:37:00,0,0,-0.1
Austin Watson,2013,2025,LW,528,63,58,121,-2,722,54,1,8,8,53,0,5,597,10.6,6013,11:23:00,2.3,6.8,9
Bill Watson,1986,1989,RW,115,23,36,59,9,12,21,2,0,0,27,9,0,183,12.6,NA,NA,1.4,1.4,2.8
Bryan Watson,1964,1979,D,877,17,135,152,-106,2214,13,1,3,2,126,5,4,745,2.3,NA,NA,-3.1,43.9,40.8
Dave Watson,1980,1981,LW,18,0,1,1,-3,10,0,0,0,0,0,1,0,7,0,NA,NA,-0.7,0.3,-0.4
Harry Watson,1942,1957,LW,809,236,207,443,NA,150,191,45,0,36,160,46,1,NA,NA,NA,NA,31.8,13.4,45.3
Jim Watson,1964,1972,D,221,4,19,23,-81,345,3,1,0,0,17,1,1,261,1.5,NA,NA,-2,5.6,3.7
Jimmy Watson,1973,1982,D,613,38,148,186,295,492,32,3,3,5,131,14,3,794,4.8,NA,NA,5.3,45.1,50.4
Joe Watson,1965,1979,D,836,38,178,216,169,449,35,3,0,7,156,14,8,1056,3.6,NA,NA,5.2,53.7,58.9
Phil Watson,1936,1948,RW/C,591,145,265,410,NA,562,123,16,6,23,231,27,7,NA,NA,NA,NA,23.5,10.4,33.9
Mike Watt,1998,2003,LW,157,15,26,41,-17,41,14,0,1,6,24,2,0,158,9.5,1798,11:27:00,1,1.4,2.4
Tim Watters,1982,1995,D,741,26,151,177,42,1289,22,3,1,3,133,8,10,560,4.6,NA,NA,-0.5,34.2,33.7
Brian Watts,1976,1976,LW,4,0,0,0,0,0,0,0,0,0,0,0,0,0,NA,NA,NA,-0.2,0.1,-0.1
Jordan Weal,2016,2020,C,218,32,37,69,-20,56,24,8,0,5,30,7,0,316,10.1,2869,13:10:00,2.4,2.4,4.9
Jasper Weatherby,2022,2022,C,50,5,6,11,-14,18,4,1,0,0,5,1,0,45,11.1,562,11:14:00,0,0.4,0.3
Mike Weaver,2002,2015,D,633,8,89,97,-9,227,7,1,0,2,85,1,3,361,2.2,11137,17:36:00,-1.7,24.9,23.3
Steve Webb,1997,2004,RW,321,5,13,18,-34,532,4,1,0,0,12,1,0,141,3.5,1690,06:02:00,-4.3,1.2,-3.1
Mike Weber,2008,2016,D,351,9,44,53,-43,437,9,0,0,0,41,0,3,271,3.3,6172,17:35:00,-0.6,10.8,10.2
Shea Weber,2006,2021,D,1038,224,365,589,79,714,113,106,5,35,226,133,6,2765,8.1,24958,24:03:00,58,60.9,118.9
Yannick Weber,2009,2021,D,499,28,66,94,-28,195,16,12,0,5,45,21,0,639,4.4,7134,14:18:00,4.8,13.1,17.9
Aubrey Webster,1935,1935,RW,4,0,0,0,NA,0,0,0,0,0,0,0,0,NA,NA,NA,NA,-0.2,0.1,-0.1
Chick Webster,1950,1950,C,14,0,0,0,NA,4,0,0,0,0,0,0,0,NA,NA,NA,NA,-0.7,0.2,-0.5
Don Webster,1944,1944,LW,27,7,6,13,NA,28,7,0,0,1,6,0,0,NA,NA,NA,NA,0,0.6,0.6
Tom Webster,1969,1980,RW,102,33,42,75,-52,61,25,8,0,5,25,17,0,214,15.4,NA,NA,5.2,-0.2,5
Anton Wedin,2020,2020,F,4,0,0,0,1,4,0,0,0,0,0,0,0,2,0,36,09:04:00,-0.1,0.1,0
MacKenzie Weegar,2017,2026,D,628,63,214,277,79,472,54,8,1,9,161,44,9,1226,5.1,13285,21:09:00,17.3,32.8,50.1
Doug Weight,1992,2011,C,1238,278,755,1033,-58,970,196,80,2,34,392,358,5,2655,10.5,15911,19:34:00,69.1,20.7,89.9
Cooney Weiland,1929,1939,C,509,173,162,335,NA,149,48,12,4,38,66,20,2,NA,NA,NA,NA,43.2,11.3,54.6
Mattias Weinhandl,2003,2007,RW,182,19,37,56,1,70,14,5,0,2,25,11,1,175,10.9,2031,11:10:00,2.4,2.2,4.6
Eric Weinrich,1989,2006,D,1157,70,318,388,56,825,43,24,3,13,191,120,7,1461,4.8,14459,22:42:00,16.5,65.5,82
Stan Weir,1973,1983,C,642,139,207,346,-83,183,115,22,2,13,165,37,5,826,16.8,NA,NA,11.2,6.4,17.6
Wally Weir,1980,1985,D,320,21,45,66,-27,625,20,1,0,1,41,3,1,285,7.4,NA,NA,-0.4,13.8,13.4
Dale Weise,2011,2020,RW,513,55,70,125,6,355,49,5,1,8,66,4,0,571,9.6,5555,10:50:00,4.2,6.6,10.9
Stephen Weiss,2002,2015,C,732,156,267,423,-23,341,101,51,4,25,162,101,4,1320,11.8,12717,17:22:00,26.6,13.4,40
Noah Welch,2006,2011,D,75,4,5,9,-5,58,4,0,0,0,3,2,0,46,8.7,927,12:21:00,0.2,1.4,1.6
Andy Welinski,2018,2021,D,46,1,5,6,-2,8,1,0,0,0,5,0,0,54,1.9,726,15:46:00,-0.2,1.6,1.5
Craig Weller,2008,2009,RW,95,4,10,14,-10,127,3,1,0,1,10,0,0,99,4,863,09:05:00,-0.5,0.7,0.2
Alex Wellington,1920,1920,RW,1,0,0,0,NA,0,NA,NA,NA,0,NA,NA,NA,NA,NA,NA,NA,0,0,0
Casey Wellman,2010,2014,C,54,6,10,16,-4,4,6,0,0,2,8,2,0,78,7.7,604,11:12:00,0.7,0.6,1.3
Chris Wells,1996,2000,C,195,9,20,29,-6,193,7,0,2,0,16,1,3,144,6.3,1081,11:30:00,-3.5,1.9,-1.6
Jay Wells,1980,1997,D,1098,47,216,263,-50,2359,36,11,0,7,156,53,7,1137,4.1,NA,NA,0.3,49.9,50.2
Eric Wellwood,2011,2013,LW,31,5,5,10,13,4,5,0,0,1,4,0,1,46,10.9,341,11:00:00,0.7,0.9,1.6
Kyle Wellwood,2004,2013,C,489,92,143,235,11,36,60,32,0,11,89,54,0,646,14.2,6785,13:53:00,15.2,7.1,22.3
Jeremy Welsh,2012,2016,C,27,1,1,2,0,12,1,0,0,0,1,0,0,19,5.3,193,07:08:00,-0.2,0.2,0
Alexander Wennberg,2015,2026,C,868,119,306,425,-68,187,84,32,3,25,226,75,5,1044,11.4,15374,17:43:00,13.2,15.1,28.3
John Wensink,1974,1983,LW,403,70,68,138,22,840,67,3,0,10,64,4,0,477,14.7,NA,NA,-0.3,5.6,5.3
Cy Wentworth,1928,1940,D,575,39,68,107,NA,359,13,2,3,5,27,7,0,NA,NA,NA,NA,7,34.2,41.2
Brad Werenka,1993,2001,D,320,19,61,80,44,299,15,3,1,6,46,10,5,280,6.8,5178,20:04:00,2.9,17.1,19.9
Zach Werenski,2017,2026,D,642,135,330,465,11,164,104,29,2,19,217,109,4,1846,7.3,15536,24:12:00,41.6,32.4,74
Brian Wesenberg,1999,1999,RW,1,0,0,0,1,5,0,0,0,0,0,0,0,0,NA,1,01:08:00,0,0,0
Blake Wesley,1980,1986,D,298,18,46,64,-35,486,11,7,0,3,34,11,1,305,5.9,NA,NA,-0.4,12.5,12.2
Glen Wesley,1988,2008,D,1457,128,409,537,66,1045,70,50,8,15,197,202,10,2556,5,14516,19:43:00,27.3,76.8,104.1
Duvie Westcott,2002,2008,D,201,11,45,56,-42,299,6,4,1,1,21,23,1,247,4.5,4157,20:41:00,2.2,6.5,8.7
Ed Westfall,1962,1979,D/RW,1226,231,394,625,82,544,177,28,26,25,308,46,40,2189,10.6,NA,NA,24.9,19.8,44.7
Kevin Westgarth,2009,2014,RW,169,7,9,16,-11,266,7,0,0,1,9,0,0,81,8.6,970,05:45:00,-0.2,0.8,0.6
Tommy Westlund,2000,2003,RW,203,9,13,22,-27,48,8,0,1,1,13,0,0,143,6.3,2025,09:59:00,-2.4,1.6,-0.8
Erik Westrum,2004,2007,C,27,1,2,3,-4,22,1,0,0,0,1,1,0,45,2.2,355,13:09:00,-0.6,0.3,-0.3
Patrick Wey,2014,2014,D,9,0,3,3,0,5,0,0,0,0,3,0,0,5,0,131,14:35:00,0.2,0.3,0.4
Kenny Wharram,1952,1969,RW/C,766,252,281,533,167,220,195,56,1,33,204,75,2,1489,16.2,NA,NA,38.6,12.5,51
Len Wharton,1945,1945,D,1,0,0,0,NA,0,0,0,0,0,0,0,0,NA,NA,NA,NA,0,0,0
Simon Wheeldon,1988,1991,C,15,0,2,2,-1,10,0,0,0,0,2,0,0,8,0,NA,NA,-0.4,0.2,-0.2
Blake Wheeler,2009,2024,RW,1172,321,622,943,67,764,248,59,14,49,416,196,10,2955,10.9,21320,18:11:00,74.3,25.7,100
Don Wheldon,1975,1975,D,2,0,0,0,0,0,0,0,0,0,0,0,0,0,NA,NA,NA,0,0.1,0.1
Bill Whelton,1981,1981,D,2,0,0,0,-1,0,0,0,0,0,0,0,0,1,0,NA,NA,0,0.1,0
Rob Whistle,1986,1988,D,51,7,5,12,-1,16,6,1,0,2,4,1,0,47,14.9,NA,NA,0.3,2.8,3.1
Bill White,1968,1976,D,604,50,215,265,159,495,41,8,1,5,148,62,5,1064,4.7,NA,NA,15.8,45.2,61
Brian White,1999,1999,D,2,0,0,0,0,0,0,0,0,0,0,0,0,0,NA,1,00:40:00,0,0,0
Colin White,2000,2012,D,797,21,108,129,74,869,20,1,0,5,89,12,7,698,3,15685,19:41:00,-2.1,44.2,42.1
Colin White,2017,2025,C,323,44,69,113,-58,107,34,10,0,4,56,13,0,428,10.3,4389,13:35:00,3.6,2.6,6.2
Colton White,2019,2026,D,107,0,14,14,-18,24,0,0,0,0,14,0,0,68,0,1463,13:41:00,-0.5,2.1,1.6
Ian White,2006,2013,D,503,45,134,179,46,254,38,7,0,6,101,32,1,967,4.7,10493,20:52:00,11.7,23.5,35.2
Moe White,1946,1946,LW/C,4,0,1,1,NA,2,0,0,0,0,1,0,0,NA,NA,NA,NA,-0.1,0.1,0
Peter White,1994,2004,C,220,23,37,60,-19,36,18,5,0,2,31,4,2,181,12.7,1854,11:44:00,0.5,2.2,2.7
Ryan White,2010,2017,C,313,31,30,61,-36,447,28,3,0,3,28,0,2,307,10.1,3467,11:05:00,0.4,2.5,2.9
Sherman White,1947,1950,C,4,0,2,2,NA,0,0,0,0,0,1,1,0,NA,NA,NA,NA,0,0.1,0.1
Tex White,1926,1931,RW,204,33,14,47,NA,145,NA,NA,NA,7,NA,NA,NA,NA,NA,NA,NA,1.6,3.5,5
Todd White,1998,2011,C,653,141,240,381,19,228,90,46,5,16,153,84,3,1086,13,10947,16:46:00,24.8,12.5,37.3
Tony White,1975,1980,LW,164,37,28,65,-62,104,27,9,1,5,23,4,1,311,11.9,NA,NA,1.5,1.1,2.6
Zach Whitecloud,2018,2026,D,398,23,63,86,42,188,22,0,1,4,62,0,1,409,5.6,7205,18:06:00,1.9,18.6,20.4
Bob Whitelaw,1941,1942,D,32,0,1,1,NA,2,0,0,0,0,1,0,0,NA,NA,NA,NA,-0.6,2.7,2.1
Trent Whitfield,2001,2012,C,194,11,18,29,-3,104,9,1,1,3,17,1,0,165,6.7,2036,10:30:00,-1.5,2.3,0.8
Bob Whitlock,1970,1970,C,1,0,0,0,1,0,0,0,0,0,0,0,0,3,0,NA,NA,0,0,0
Derek Whitmore,2012,2012,LW,2,0,0,0,0,0,0,0,0,0,0,0,0,2,0,25,12:31:00,-0.1,0,0
Joe Whitney,2014,2015,RW,5,1,0,1,-1,0,1,0,0,0,0,0,0,1,100,36,07:06:00,0.1,0,0.1
Ray Whitney,1992,2014,LW/RW,1330,385,679,1064,-79,465,268,112,5,45,365,311,3,3040,12.7,19249,18:17:00,86.1,21.8,108
Ryan Whitney,2006,2014,D,481,50,209,259,-30,383,25,24,1,5,106,99,4,705,7.1,11117,23:07:00,19.6,19.7,39.3
Sean Whyte,1992,1993,RW,21,0,2,2,0,12,0,0,0,0,2,0,0,7,0,NA,NA,-0.7,0.2,-0.5
Roman Wick,2011,2011,RW,7,0,0,0,-4,0,0,0,0,0,0,0,0,4,0,60,08:38:00,-0.2,-0.1,-0.3
Doug Wickenheiser,1981,1990,C,556,111,165,276,36,286,88,17,6,16,137,22,6,992,11.2,NA,NA,5.8,8.2,13.9
Chris Wideman,2016,2023,D,291,20,58,78,-27,252,16,4,0,5,38,20,0,368,5.4,4039,13:53:00,5.3,6.2,11.4
Dennis Wideman,2006,2017,D,815,99,288,387,-72,503,42,55,2,15,159,125,4,1624,6.1,18782,23:03:00,30.2,36.1,66.3
Juha Widing,1970,1977,C,574,144,226,370,-80,208,120,24,0,21,168,58,0,1240,11.6,NA,NA,19.7,6.3,26
Jason Widmer,1995,1997,D,7,0,1,1,0,7,0,0,0,0,1,0,0,1,0,NA,NA,0,0.3,0.3
Abram Wiebe,2026,2026,D,3,0,0,0,1,2,0,0,0,0,0,0,0,0,NA,34,11:25:00,0,0.2,0.1
Art Wiebe,1933,1944,D,412,14,26,40,NA,201,12,0,2,1,24,1,1,NA,NA,NA,NA,-3.6,27.3,23.7
Jason Wiemer,1995,2006,C,726,90,112,202,-81,1420,67,21,2,11,92,19,1,1026,8.8,6501,13:29:00,2.7,8.1,10.9
Jim Wiemer,1984,1994,D,325,29,72,101,18,378,23,4,2,4,56,14,2,508,5.7,NA,NA,2.9,18.7,21.6
Patrick Wiercioch,2011,2017,D,268,16,58,74,-5,138,9,7,0,2,35,23,0,379,4.2,4501,16:48:00,4.6,8.7,13.3
Ozzy Wiesblatt,2025,2026,RW,44,1,5,6,-4,38,1,0,0,0,5,0,0,28,3.6,453,10:18:00,-0.6,0.5,-0.1
Archie Wilcox,1930,1935,RW/D,208,8,14,22,NA,160,0,0,0,0,1,0,0,NA,NA,NA,NA,-0.6,13.6,12.9
Barry Wilcox,1973,1975,RW,33,3,2,5,-10,15,3,0,0,0,2,0,0,52,5.8,NA,NA,-0.8,0.2,-0.6
Arch Wilder,1941,1941,LW,18,0,2,2,NA,2,0,0,0,0,2,0,0,NA,NA,NA,NA,-0.7,0.4,-0.3
Jim Wiley,1973,1977,C,63,4,10,14,-17,8,4,0,0,0,10,0,0,57,7,NA,NA,-1.2,0.5,-0.7
Bob Wilkie,1991,1994,D,18,2,5,7,-4,10,2,0,0,0,3,2,0,19,10.5,NA,NA,0.3,0.5,0.8
David Wilkie,1995,2001,D,167,10,26,36,-62,165,6,4,0,1,16,10,0,188,5.3,577,12:17:00,1.4,1.8,3.2
Barry Wilkins,1967,1976,D,418,27,125,152,-53,665,23,2,2,1,106,14,5,525,5.1,NA,NA,6.6,15.5,22
John Wilkinson,1944,1944,D,9,0,0,0,NA,6,0,0,0,0,0,0,0,NA,NA,NA,NA,-0.2,0.3,0.1
Neil Wilkinson,1990,1999,D,460,16,67,83,-93,813,11,3,2,1,53,10,4,439,3.6,676,11:39:00,-1,15.4,14.4
Brian Wilks,1985,1989,C,48,4,8,12,-10,27,4,0,0,0,8,0,0,36,11.1,NA,NA,-0.8,0.4,-0.4
Tom Willander,2026,2026,D,69,5,16,21,-20,28,5,0,0,0,13,3,0,59,8.5,1172,16:59:00,1.1,1.5,2.7
Rod Willard,1983,1983,LW,1,0,0,0,-1,0,0,0,0,0,0,0,0,2,0,NA,NA,0,0,-0.1
Burr Williams,1934,1937,D,22,0,1,1,NA,28,0,0,0,0,1,0,0,NA,NA,NA,NA,-0.3,1.5,1.2
Butch Williams,1974,1976,RW,108,14,35,49,-21,131,12,2,0,0,30,5,0,160,8.8,NA,NA,0.5,1.3,1.8
Darryl Williams,1993,1993,LW,2,0,0,0,0,10,0,0,0,0,0,0,0,1,0,NA,NA,-0.1,0,-0.1
David Williams,1992,1995,D,173,11,53,64,-37,157,6,5,0,1,32,21,0,255,4.3,NA,NA,2.6,6.8,9.4
Fred Williams,1977,1977,C,44,2,5,7,-17,10,2,0,0,0,4,1,0,32,6.3,NA,NA,-1.1,0.3,-0.7
Gord Williams,1982,1983,RW,2,0,0,0,0,2,0,0,0,0,0,0,0,2,0,NA,NA,-0.1,0,-0.1
Jack Williams,2025,2025,F,1,0,0,0,1,0,0,0,0,0,0,0,0,0,NA,11,11:09:00,0,0,0
Jason Williams,2001,2012,C,455,94,133,227,-2,157,61,32,1,16,87,46,0,801,11.7,6244,13:43:00,15.9,6.4,22.3
Jeremy Williams,2006,2011,RW,32,9,2,11,0,6,9,0,0,0,1,1,0,41,22,300,09:23:00,1.2,0.3,1.5
Justin Williams,2001,2020,RW,1264,320,477,797,110,766,240,74,6,44,350,120,7,3308,9.7,21337,16:53:00,59.5,29.5,89
Sean Williams,1992,1992,C,2,0,0,0,0,4,0,0,0,0,0,0,0,0,NA,NA,NA,-0.1,0,0
Tiger Williams,1975,1988,LW,962,241,272,513,-41,3971,190,49,2,25,216,54,2,1740,13.9,NA,NA,18.1,11.7,29.7
Tom Williams,1972,1979,LW,397,115,138,253,8,73,79,36,0,14,97,41,0,945,12.2,NA,NA,13.5,6,19.5
Tommy Williams,1962,1976,RW,664,161,269,430,-205,173,130,29,2,16,211,58,0,1304,12.3,NA,NA,24.2,4,28.2
Shane Willis,1999,2004,RW,174,31,43,74,-16,77,20,11,0,6,30,13,0,356,8.7,2362,13:34:00,4.4,2.4,6.8
Maxwell Willman,2022,2024,C,68,7,3,10,-15,22,7,0,0,1,3,0,0,91,7.7,713,10:29:00,-0.3,0.4,0
Brian Willsie,2000,2011,RW,381,52,57,109,-57,217,37,13,2,5,40,17,0,603,8.6,4943,12:58:00,2.7,3.2,5.9
Don Willson,1938,1939,C,22,2,7,9,NA,0,1,1,0,0,6,1,0,NA,NA,NA,NA,0.1,0.3,0.4
Clarke Wilm,1999,2006,C,455,37,60,97,-33,336,26,5,6,0,54,5,1,511,7.2,5830,12:49:00,-2.2,5.4,3.2
Adam Wilsby,2025,2026,D,80,2,19,21,5,35,2,0,0,0,19,0,0,92,2.2,1384,17:18:00,0.6,3.9,4.4
Behn Wilson,1979,1988,D,601,98,261,359,57,1480,58,38,2,18,171,85,5,1240,7.9,NA,NA,20.5,31.1,51.6
Bert Wilson,1974,1981,LW,478,37,44,81,-45,646,33,3,1,6,43,1,0,367,10.1,NA,NA,-10.6,5.4,-5.2
Bob Wilson,1954,1954,D,1,0,0,0,NA,0,0,0,0,0,0,0,0,NA,NA,NA,NA,0,0,0
Carey Wilson,1984,1993,C,552,169,258,427,7,314,114,49,6,26,188,69,1,977,17.3,NA,NA,22,6.5,28.5
Clay Wilson,2008,2012,D,36,4,4,8,-1,12,4,0,0,0,1,3,0,54,7.4,509,14:08:00,0.7,1.1,1.9
Colin Wilson,2010,2020,C,632,113,173,286,32,138,85,28,0,22,141,32,0,995,11.4,9316,14:44:00,17.8,11.7,29.5
Cully Wilson,1920,1927,RW,130,59,28,87,NA,245,NA,NA,NA,2,NA,NA,NA,NA,NA,NA,NA,6.4,2.4,8.8
Doug Wilson,1978,1993,D,1024,237,590,827,55,830,143,85,9,22,288,295,7,3297,7.2,NA,NA,56.5,54,110.5
Garrett Wilson,2014,2026,LW,87,2,6,8,-4,47,2,0,0,0,6,0,0,94,2.1,727,08:22:00,-1,0.6,-0.5
Hub Wilson,1932,1932,LW,2,0,0,0,NA,0,NA,NA,NA,0,NA,NA,NA,NA,NA,NA,NA,-0.1,0,-0.1
Jerry Wilson,1957,1957,C,3,0,0,0,NA,2,0,0,0,0,0,0,0,NA,NA,NA,NA,-0.1,0.1,-0.1
Johnny Wilson,1950,1962,LW,688,161,171,332,-3,188,113,44,4,24,128,40,3,290,13.8,NA,NA,20.1,10.4,30.5
Kyle Wilson,2010,2012,C,39,4,9,13,-3,12,4,0,0,0,9,0,0,41,9.8,400,10:16:00,0.7,0.3,1
Landon Wilson,1996,2009,RW,375,53,66,119,5,352,48,5,0,6,57,9,0,639,8.3,3420,10:43:00,5.6,4.8,10.4
Larry Wilson,1950,1956,C,152,21,48,69,NA,73,15,6,0,3,35,13,0,NA,NA,NA,NA,3.5,1.1,4.6
Mike Wilson,1996,2003,D,336,16,41,57,43,264,15,1,0,6,34,6,1,314,5.1,3439,17:06:00,0.8,16.9,17.7
Mitch Wilson,1985,1987,C,26,2,3,5,-2,104,2,0,0,0,3,0,0,14,14.3,NA,NA,-0.5,0.3,-0.2
Murray Wilson,1973,1979,LW,386,94,95,189,74,162,85,8,1,17,86,9,0,584,16.1,NA,NA,7,5.5,12.5
Rick Wilson,1974,1977,D,239,6,26,32,-10,165,5,1,0,0,26,0,0,175,3.4,NA,NA,-1.7,11.4,9.7
Rik Wilson,1982,1988,D,251,25,65,90,0,220,18,7,0,4,47,17,1,404,6.2,NA,NA,2.9,12.9,15.8
Roger Wilson,1975,1975,D,7,0,2,2,1,6,0,0,0,0,2,0,0,10,0,NA,NA,0,0.5,0.5
Ron Wilson,1978,1988,D,177,26,67,93,-32,68,13,13,0,2,26,41,0,301,8.6,NA,NA,5,6.6,11.6
Ron Wilson,1980,1994,C,831,110,216,326,-44,413,78,19,13,10,164,30,22,1131,9.7,NA,NA,-0.1,10.9,10.8
Ryan Wilson,2010,2015,D,230,7,60,67,18,157,6,1,0,0,55,5,0,220,3.2,4091,17:47:00,3.3,9.6,12.9
Scott Wilson,2015,2020,C/LW,193,20,31,51,-27,58,20,0,0,2,30,1,0,297,6.7,2198,11:23:00,1.5,1.3,2.8
Tom Wilson,2014,2026,RW,907,209,248,457,47,1649,153,44,12,31,209,33,6,1550,13.5,14201,15:39:00,27.9,16.9,44.8
Wally Wilson,1948,1948,C,53,11,8,19,NA,18,10,1,0,0,7,1,0,NA,NA,NA,NA,0.5,0.9,1.4
Brad Winchester,2006,2012,LW,390,37,31,68,-42,552,28,9,0,4,26,5,0,434,8.5,3581,09:11:00,1,2.7,3.7
Jesse Winchester,2008,2014,C,285,20,50,70,-10,159,17,1,2,3,49,1,0,463,4.3,3123,10:57:00,1.1,3.3,4.4
Murray Wing,1974,1974,D,1,0,1,1,-2,0,0,0,0,0,1,0,0,0,NA,NA,NA,0.1,-0.1,0
Tommy Wingels,2011,2018,C,448,62,81,143,-39,254,50,6,6,11,63,15,3,740,8.4,6108,13:38:00,5.4,5.6,11
Chris Winnes,1992,1994,RW,33,1,6,7,-4,6,1,0,0,0,5,1,0,26,3.8,NA,NA,-0.6,0.3,-0.3
Daniel Winnik,2008,2018,C/LW,798,82,169,251,52,367,73,2,7,11,155,5,9,1194,6.9,11816,14:48:00,3.2,14.9,18.1
Ryan Winterton,2024,2026,C,87,4,15,19,-9,17,4,0,0,1,15,0,0,108,3.7,1002,11:31:00,-0.5,0.9,0.4
Petteri Wirtanen,2008,2008,C,3,1,0,1,1,2,1,0,0,1,0,0,0,1,100,13,04:11:00,0.2,0.1,0.2
Brian Wiseman,1997,1997,C,3,0,0,0,0,0,0,0,0,0,0,0,0,1,0,NA,NA,-0.1,0,-0.1
Chad Wiseman,2003,2006,LW,9,1,1,2,-1,8,1,0,0,0,1,0,0,5,20,81,09:02:00,0.1,0,0.1
Eddie Wiseman,1933,1942,RW,456,114,165,279,NA,141,83,22,1,20,126,31,0,NA,NA,NA,NA,22.8,7.7,30.5
Ty Wishart,2009,2012,D,26,1,5,6,5,10,0,1,0,0,4,0,1,25,4,404,15:33:00,0.3,1.3,1.6
James Wisniewski,2006,2016,D,552,53,221,274,-22,459,25,27,1,7,128,89,4,1029,5.2,11796,21:22:00,22.1,22.7,44.8
Jim Wiste,1969,1971,C,52,1,10,11,-6,8,1,0,0,0,7,3,0,23,4.3,NA,NA,-1.2,0.5,-0.7
Johan Witehall,1999,2001,LW,54,2,5,7,-5,16,2,0,0,0,5,0,0,41,4.9,497,09:13:00,-0.5,0.4,-0.1
Jim Witherspoon,1976,1976,D,2,0,0,0,-1,2,0,0,0,0,0,0,0,0,NA,NA,NA,0,0.1,0
Steve Witiuk,1952,1952,RW,33,3,8,11,NA,14,3,0,0,0,7,1,0,NA,NA,NA,NA,-0.1,0.2,0.1
Luke Witkowski,2015,2022,D,132,2,11,13,-11,162,2,0,0,0,11,0,0,75,2.7,1262,09:34:00,0,1.8,1.8
Brendan Witt,1996,2010,D,890,25,96,121,-91,1424,25,0,0,2,87,2,7,892,2.8,16063,20:08:00,-4.6,32.6,27.9
Benny Woit,1951,1957,RW/D,334,7,26,33,NA,170,7,0,0,0,25,1,0,NA,NA,NA,NA,-2.3,24.6,22.3
Steve Wojciechowski,1945,1947,RW,54,19,20,39,NA,17,17,2,0,2,19,1,0,NA,NA,NA,NA,2.2,1.1,3.3
Christian Wolanin,2018,2023,D,86,6,17,23,-2,20,6,0,0,1,13,4,0,91,6.6,1343,15:37:00,1.3,2.6,3.9
Craig Wolanin,1986,1998,D,695,40,133,173,-39,894,34,1,5,4,114,12,7,788,5.1,93,09:18:00,2.6,28,30.6
Bennett Wolf,1981,1983,D,30,0,1,1,-3,133,0,0,0,0,1,0,0,18,0,NA,NA,-0.6,1.4,0.8
David Wolf,2015,2015,LW,3,0,0,0,0,2,0,0,0,0,0,0,0,1,0,28,09:23:00,-0.1,0,0
Wojtek Wolski,2006,2013,LW,451,99,168,267,17,113,80,18,1,19,131,36,1,930,10.6,7279,16:08:00,18,8.8,26.8
Mike Wong,1976,1976,C,22,1,1,2,-11,12,1,0,0,0,0,1,0,9,11.1,NA,NA,-0.7,0,-0.7
Dody Wood,1993,1998,C,106,8,10,18,-11,471,7,0,1,0,10,0,0,95,8.4,50,06:12:00,-1.8,1.1,-0.7
Matthew Wood,2025,2026,RW,76,17,14,31,-3,16,12,4,1,1,10,4,0,110,15.5,932,12:16:00,2.1,1.1,3.3
Miles Wood,2016,2026,LW,567,99,97,196,-83,576,87,11,1,11,91,5,1,1171,8.5,7355,12:58:00,9.5,5.4,14.9
Randy Wood,1987,1997,LW/C,741,175,159,334,-53,603,139,26,10,22,127,21,11,1528,11.5,NA,NA,12.1,8.6,20.7
Robert Wood,1951,1951,D,1,0,0,0,NA,0,0,0,0,0,0,0,0,NA,NA,NA,NA,0,0,0
Dan Woodley,1988,1988,RW,5,2,0,2,1,17,2,0,0,0,0,0,0,3,66.7,NA,NA,0.1,0.1,0.2
Brendan Woods,2015,2016,LW,7,0,0,0,-1,7,0,0,0,0,0,0,0,8,0,56,07:57:00,-0.2,0,-0.1
Paul Woods,1978,1984,LW,501,72,124,196,-60,276,59,5,8,10,100,14,10,603,11.9,NA,NA,0.1,6.1,6.2
Jason Woolley,1992,2006,D,718,68,246,314,65,430,42,26,0,15,109,137,0,1050,6.5,9028,16:52:00,25.1,33.8,58.9
Peter Worrell,1998,2004,LW,391,19,27,46,-48,1554,17,2,0,4,24,3,0,345,5.5,3155,08:04:00,-2.2,1.7,-0.5
Kevin Wortman,1994,1994,D,5,0,0,0,1,2,0,0,0,0,0,0,0,2,0,NA,NA,-0.1,0.3,0.2
Parker Wotherspoon,2023,2026,D,188,4,42,46,18,100,4,0,0,1,40,0,2,156,2.6,3492,18:34:00,0.6,8.4,9
Tyler Wotherspoon,2014,2017,D,30,0,5,5,-8,4,0,0,0,0,5,0,0,17,0,408,13:36:00,0,0.2,0.2
Mark Wotton,1995,2001,D,43,3,6,9,7,25,2,0,1,0,6,0,0,46,6.5,92,15:24:00,0.3,2.1,2.3
Bob Woytowich,1965,1972,D,504,32,126,158,-161,354,19,11,2,1,74,50,2,737,4.3,NA,NA,7.7,21.7,29.4
Jeff Woywitka,2006,2012,D,278,9,46,55,3,149,6,3,0,1,38,8,0,276,3.3,4332,15:35:00,1.8,10,11.8
Andy Wozniewski,2006,2010,D,79,2,10,12,-4,81,2,0,0,0,10,0,0,51,3.9,1147,14:31:00,0.2,1.9,2
Bob Wren,1998,2002,C,5,0,0,0,0,0,0,0,0,0,0,0,0,4,0,53,10:32:00,-0.2,0.1,-0.1
James Wright,2010,2014,C,146,4,8,12,-19,64,4,0,0,0,8,0,0,98,4.1,1570,10:45:00,-2.7,0.9,-1.8
Jamie Wright,1998,2003,LW,124,12,20,32,12,54,12,0,0,2,20,0,0,126,9.5,1358,10:57:00,0.6,2.2,2.8
Jared Wright,2026,2026,RW,22,0,4,4,0,4,0,0,0,0,4,0,0,32,0,252,11:28:00,-0.3,0.3,0
John Wright,1973,1975,C,127,16,36,52,-21,67,15,1,0,1,33,2,1,194,8.2,NA,NA,0.2,1.4,1.7
Keith Wright,1968,1968,LW,1,0,0,0,1,0,0,0,0,0,0,0,0,1,0,NA,NA,0,0.1,0
Larry Wright,1972,1978,C,106,4,8,12,-22,19,4,0,0,0,6,2,0,77,5.2,NA,NA,-3,0.9,-2.1
Shane Wright,2023,2026,C,167,35,42,77,15,30,26,9,0,7,31,11,0,203,17.2,2282,13:40:00,4.8,3.3,8.2
Tyler Wright,1993,2006,C,613,79,70,149,-115,854,62,14,3,13,61,9,0,714,11.1,6808,12:55:00,0.4,5.4,5.8
Ralph Wycherley,1941,1942,LW,28,4,7,11,NA,6,4,0,0,0,6,1,0,NA,NA,NA,NA,0.1,0.1,0.3
Bill Wylie,1951,1951,C,1,0,0,0,NA,0,0,0,0,0,0,0,0,NA,NA,NA,NA,0,0,0
Duane Wylie,1975,1977,C,14,3,3,6,-5,2,2,1,0,0,3,0,0,19,15.8,NA,NA,0.1,0.1,0.2
J.T. Wyman,2010,2013,RW,44,2,9,11,-2,8,2,0,0,1,9,0,0,31,6.5,449,10:12:00,0.2,0.3,0.5
Randy Wyrozub,1971,1974,C,100,8,10,18,-13,10,7,1,0,2,10,0,0,85,9.4,NA,NA,-2,1.3,-0.7
Arber Xhekaj,2023,2026,D,230,10,23,33,-24,416,8,2,0,0,22,1,0,245,4.1,3246,14:07:00,0.2,4.8,5
Florian Xhekaj,2026,2026,LW,5,0,1,1,-1,7,0,0,0,0,1,0,0,4,0,48,09:36:00,0,0,0
Jeremy Yablonski,2004,2004,LW,1,0,0,0,-1,5,0,0,0,0,0,0,0,1,0,8,07:53:00,0,0,-0.1
Vitali Yachmenev,1996,2003,LW,487,83,133,216,-30,88,63,14,6,14,102,30,1,731,11.4,5666,16:34:00,8.3,8.1,16.3
Ken Yackel,1959,1959,RW,6,0,0,0,NA,2,0,0,0,0,0,0,0,NA,NA,NA,NA,-0.3,0.1,-0.2
Brayden Yager,2026,2026,C,2,0,0,0,-1,2,0,0,0,0,0,0,0,2,0,21,10:21:00,-0.1,0,-0.1
Terry Yake,1989,2001,C,403,77,120,197,-3,220,56,19,2,18,79,38,3,532,14.5,2790,14:05:00,9.2,5.5,14.7
Carter Yakemchuk,2026,2026,D,4,1,1,2,-1,2,1,0,0,0,0,1,0,5,20,58,14:32:00,0.2,0,0.3
Bogdan Yakimov,2015,2015,C,1,0,0,0,-1,0,0,0,0,0,0,0,0,1,0,11,11:19:00,0,0,-0.1
Egor Yakovlev,2019,2019,D,25,2,5,7,-6,6,2,0,0,0,5,0,0,24,8.3,392,15:40:00,0.4,0.5,1
Mikhail Yakubov,2004,2006,C,53,2,10,12,-13,20,2,0,0,1,8,2,0,59,3.4,634,11:58:00,-0.3,0.2,-0.1
Nail Yakupov,2013,2018,RW,350,62,74,136,-89,142,43,19,0,6,57,17,0,650,9.5,4759,13:36:00,8.6,2,10.7
Dmitri Yakushin,2000,2000,D,2,0,0,0,0,2,0,0,0,0,0,0,0,1,0,20,10:03:00,0,0,0
Kailer Yamamoto,2018,2026,RW,373,72,87,159,31,140,61,9,2,11,73,11,3,493,14.6,5541,14:51:00,7.3,7.3,14.6
Keith Yandle,2007,2022,D,1109,103,516,619,-103,616,64,39,0,16,258,254,4,2406,4.3,23049,20:47:00,49.7,40.6,90.3
Gary Yaremchuk,1982,1985,C,34,1,4,5,-18,28,1,0,0,0,4,0,0,17,5.9,NA,NA,-0.9,0,-0.9
Ken Yaremchuk,1984,1989,C,235,36,56,92,-41,106,34,2,0,2,50,6,0,263,13.7,NA,NA,0,1.6,1.6
Alexei Yashin,1994,2007,C,850,337,444,781,-83,401,209,124,4,49,259,181,4,2828,11.9,11629,19:39:00,71.4,12.7,84.2
Ross Yates,1984,1984,C,7,1,1,2,0,4,1,0,0,0,1,0,0,6,16.7,NA,NA,-0.1,0.1,0
Trent Yawney,1988,1999,D,593,27,102,129,7,783,14,11,2,2,53,46,3,476,5.7,831,12:47:00,0.2,28.3,28.5
Alexei Yegorov,1996,1997,RW,11,3,3,6,-4,2,1,2,0,0,3,0,0,10,30,NA,NA,0.4,0,0.4
Alexander Yelesin,2020,2020,D,4,0,0,0,0,0,0,0,0,0,0,0,0,2,0,50,12:30:00,-0.1,0.1,0.1
Stéphane Yelle,1996,2010,C,991,96,169,265,7,490,77,8,11,11,146,13,10,1107,8.7,12220,14:32:00,-2.8,15.1,12.2
Brandon Yip,2010,2014,RW,174,29,27,56,-19,130,21,7,1,3,24,3,0,269,10.8,2242,12:53:00,2.9,1.5,4.4
Jesse Ylönen,2021,2024,RW,111,12,17,29,-7,14,11,1,0,2,17,0,0,110,10.9,1275,11:29:00,0.4,1.2,1.6
Juha Ylönen,1997,2002,C,341,26,76,102,8,90,20,2,4,3,70,1,5,379,6.9,5233,15:26:00,-1.2,5.9,4.7
Nolan Yonkman,2002,2014,D,76,1,9,10,7,140,1,0,0,0,9,0,0,36,2.8,756,09:57:00,0.3,1.9,2.2
Cameron York,2021,2026,D,309,23,80,103,-32,122,21,2,0,3,59,18,3,364,6.3,6587,21:19:00,4.3,12.8,17.1
Harry York,1997,2000,C,244,29,46,75,-7,99,22,5,2,3,40,4,2,240,12.1,1435,13:03:00,1.3,2.8,4.1
Jason York,1993,2007,D,757,42,187,229,2,621,30,12,0,6,111,69,7,1161,3.6,11987,21:04:00,11.3,37.5,48.8
Mike York,2000,2009,LW,579,127,195,322,-34,135,88,32,7,23,125,63,7,1206,10.5,9926,17:09:00,19.3,8.3,27.6
B.J. Young,2000,2000,RW,1,0,0,0,0,0,0,0,0,0,0,0,0,1,0,1,01:04:00,0,0,0
Brian Young,1981,1981,D,8,0,2,2,-4,6,0,0,0,0,1,1,0,5,0,NA,NA,0,0.2,0.1
Bryan Young,2007,2008,D,17,0,0,0,-9,10,0,0,0,0,0,0,0,2,0,156,09:10:00,-0.2,-0.3,-0.5
C.J. Young,1993,1993,RW,43,7,7,14,-6,32,6,1,0,1,7,0,0,43,16.3,NA,NA,-0.1,0.3,0.3
Doug Young,1932,1941,D,388,35,45,80,NA,305,18,2,0,8,28,7,2,NA,NA,21,NA,6.2,27.4,33.7
Howie Young,1961,1971,D/RW,336,12,62,74,-25,851,12,0,0,2,54,7,1,477,2.5,NA,NA,0.1,13.8,13.9
Scott Young,1988,2006,RW,1181,342,415,757,-40,448,213,108,21,50,211,199,5,3501,9.8,9967,17:08:00,51,17.3,68.3
Tim Young,1976,1985,C,629,195,341,536,-78,438,137,54,4,24,223,109,9,1526,12.8,NA,NA,30.4,7.5,37.8
Warren Young,1982,1988,C,236,72,77,149,-67,472,51,21,0,5,56,21,0,292,24.7,NA,NA,6.4,1.7,8.1
Tom Younghans,1977,1982,RW,429,44,41,85,-57,373,35,3,6,3,38,1,2,365,12.1,NA,NA,-7.6,5.2,-2.4
Paul Ysebaert,1989,1999,C,532,149,187,336,-12,217,117,23,9,15,123,59,5,1160,12.8,1519,16:31:00,20.3,6.2,26.5
Danila Yurov,2026,2026,RW,73,12,15,27,-7,28,11,1,0,2,13,2,0,80,15,971,13:18:00,1.1,1,2.1
Danil Yurtaykin,2020,2020,F,4,0,0,0,-1,0,0,0,0,0,0,0,0,2,0,52,13:00:00,-0.1,0,-0.1
Dmitry Yushkevich,1993,2003,D,786,43,182,225,-21,659,24,15,4,6,141,34,7,1120,3.8,10064,22:34:00,8.2,32.7,41
Steve Yzerman,1984,2006,C,1514,692,1063,1755,184,924,440,202,50,94,637,393,33,4602,15,9482,19:19:00,139.4,27.2,166.6
Libor Zábranský,1997,1998,D,40,1,6,7,-4,50,1,0,0,1,5,1,0,28,3.6,53,08:49:00,0,1.7,1.7
Pavel Zacha,2016,2026,C,706,155,252,407,-32,193,103,45,7,28,189,58,5,1187,13.1,11691,16:34:00,23.6,12.6,36.2
Filip Zadina,2019,2024,RW,262,41,50,91,-95,40,26,15,0,8,38,12,0,517,7.9,3789,14:28:00,2.5,1.6,4.1
Nikita Zadorov,2014,2026,D,804,53,137,190,55,998,51,2,0,6,127,7,3,984,5.4,14971,18:37:00,6,34.9,40.9
Miles Zaharko,1978,1982,D,129,5,32,37,8,84,5,0,0,1,31,1,0,134,3.7,NA,NA,0.5,6.4,6.9
Rod Zaine,1971,1972,C,61,10,6,16,-22,25,8,2,0,1,6,0,0,57,17.5,NA,NA,-0.2,0.4,0.1
Nikita Zaitsev,2017,2024,D,482,22,96,118,-54,197,21,1,0,2,79,13,4,481,4.6,9873,20:29:00,2.5,15.5,18
Travis Zajac,2007,2021,C,1037,203,349,552,-20,344,138,53,12,24,244,95,10,1811,11.2,19351,18:40:00,26.5,25.9,52.4
Zarley Zalapski,1988,2000,D,637,99,285,384,-28,684,56,39,4,12,137,141,7,1252,7.9,170,14:12:00,25.4,26.5,51.9
Miroslav Zálešák,2003,2004,RW,12,1,2,3,-3,0,1,0,0,0,2,0,0,11,9.1,119,09:54:00,0.1,0,0.1
Michael Zalewski,2014,2017,LW,6,0,2,2,2,2,0,0,0,0,1,1,0,4,0,68,11:19:00,0,0.2,0.2
Steven Zalewski,2010,2012,C,10,0,0,0,-4,0,0,0,0,0,0,0,0,9,0,99,09:53:00,-0.3,0,-0.3
Egor Zamula,2021,2026,D,188,8,35,43,-10,48,6,2,0,2,27,7,1,133,6,2917,15:31:00,1.5,5.9,7.4
Rob Zamuner,1992,2004,LW,798,139,172,311,-57,467,113,7,19,20,141,19,12,1427,9.7,6556,14:36:00,13.2,10.1,23.3
Greg Zanon,2006,2013,D,493,12,50,62,-9,230,12,0,0,3,45,1,4,333,3.6,9789,19:51:00,-3.6,21.7,18.1
Joe Zanussi,1975,1977,D,87,1,13,14,2,46,1,0,0,0,10,3,0,108,0.9,NA,NA,-0.5,4.6,4
Ron Zanussi,1978,1982,RW,299,52,83,135,-21,373,43,9,0,5,67,16,0,406,12.8,NA,NA,2.4,4,6.4
Connor Zary,2024,2026,C,191,39,47,86,-4,58,35,4,0,8,31,16,0,311,12.5,2894,15:09:00,4.3,3.7,8
Brad Zavisha,1994,1994,LW,2,0,0,0,-2,0,0,0,0,0,0,0,0,1,0,NA,NA,-0.1,0,-0.1
Jakub Zbořil,2019,2023,D,76,1,15,16,0,28,1,0,0,1,13,2,0,62,1.6,1188,15:38:00,0.2,2.7,2.9
Richard Zedník,1996,2009,RW,745,200,179,379,-16,563,154,46,0,37,143,34,2,1895,10.6,11832,16:09:00,27.4,12.6,40
Trevor Zegras,2021,2026,C,349,93,160,253,-48,265,68,25,0,15,123,37,0,756,12.3,6255,17:55:00,16.4,5.7,22.1
Jeff Zehr,2000,2000,LW,4,0,0,0,-1,2,0,0,0,0,0,0,0,3,0,30,07:25:00,-0.1,0,-0.1
Larry Zeidel,1952,1969,D,158,3,16,19,9,198,3,0,0,1,14,2,0,37,2.7,NA,NA,-0.9,8.5,7.6
John Zeiler,2007,2011,RW,90,1,4,5,-11,87,1,0,0,0,4,0,0,34,2.9,702,07:48:00,-1.4,0.4,-1
Valeri Zelepukin,1992,2001,LW,595,117,177,294,30,527,90,24,3,16,141,36,0,1019,11.5,2639,14:07:00,13.6,9.1,22.7
Olen Zellweger,2024,2026,D,164,16,35,51,-1,58,14,2,0,1,27,8,0,283,5.7,2967,18:05:00,3,5.7,8.7
Richard Zemlak,1987,1992,RW,133,2,12,14,-26,587,1,1,0,0,12,0,0,39,5.1,NA,NA,-4,1.1,-2.9
Ed Zeniuk,1955,1955,D,2,0,0,0,NA,0,0,0,0,0,0,0,0,NA,NA,NA,NA,0,0.2,0.1
Jason Zent,1997,1999,LW,27,3,3,6,5,13,3,0,0,0,3,0,0,22,13.6,18,03:31:00,-0.1,0.6,0.4
Henrik Zetterberg,2003,2018,C,1082,337,623,960,160,401,228,100,9,64,379,235,9,3455,9.8,21148,19:33:00,79.9,29.4,109.3
Fabian Zetterlund,2022,2026,W,328,69,79,148,-29,77,51,17,1,4,63,16,0,668,10.3,5040,15:22:00,7.2,5.4,12.6
Lars Zetterström,1979,1979,D,14,0,1,1,-10,2,0,0,0,0,1,0,0,12,0,NA,NA,-0.2,0.4,0.2
Rob Zettler,1989,2002,D,569,5,65,70,-121,920,5,0,0,0,55,5,5,385,1.3,2222,14:43:00,-4.5,19.4,14.9
Peter Zezel,1985,1999,C,873,219,388,607,42,435,151,65,3,37,251,130,7,1505,14.6,539,13:08:00,30.4,13,43.5
Alexei Zhamnov,1993,2006,C,807,249,470,719,10,668,176,64,9,34,266,191,13,2078,12,10508,21:06:00,53.4,14.6,68
Vladimir Zharkov,2010,2012,RW,82,2,12,14,3,10,2,0,0,0,10,2,0,94,2.1,908,11:04:00,-0.9,1.5,0.6
Nikolai Zherdev,2004,2011,W,421,115,146,261,-41,225,84,30,1,10,93,51,2,1103,10.4,7047,16:44:00,19.8,7.3,27.1
Danil Zhilkin,2026,2026,C,6,0,1,1,3,0,0,0,0,0,1,0,0,4,0,46,07:35:00,0,0.2,0.1
Alexei Zhitnik,1993,2008,D,1085,96,375,471,-53,1268,44,47,5,13,181,182,12,2188,4.4,18093,24:39:00,28.6,50.4,79
Sergei Zholtok,1993,2004,C,588,111,147,258,-35,166,70,41,0,18,96,51,0,1085,10.2,7423,14:40:00,14.8,9.5,24.3
Mika Zibanejad,2012,2026,C,1010,347,469,816,1,271,197,135,15,45,299,150,20,2621,13.2,18758,18:34:00,66.3,20.7,87
Marek Židlický,2004,2016,D,836,89,328,417,-64,680,30,59,0,17,167,159,2,1285,6.9,17449,20:52:00,34,36.8,70.7
Thomas Ziegler,2001,2001,RW,5,0,0,0,-2,0,0,0,0,0,0,0,0,2,0,25,04:57:00,-0.1,0,-0.1
Mike Zigomanis,2003,2011,C,197,21,19,40,-21,89,16,3,2,0,17,2,0,256,8.2,2377,12:04:00,-0.5,1.9,1.4
Dwayne Zinger,2004,2004,D,7,0,1,1,2,9,0,0,0,0,1,0,0,0,NA,38,05:24:00,0.1,0.3,0.3
Sergei Zinovjev,2004,2004,C/LW,10,0,1,1,1,2,0,0,0,0,1,0,0,8,0,98,09:48:00,-0.2,0.1,0
Tomáš Žižka,2003,2004,D,25,2,6,8,-8,16,1,1,0,0,3,3,0,36,5.6,407,16:18:00,0.7,0.2,0.8
Doug Zmolek,1993,2000,D,467,11,53,64,-84,905,9,2,0,0,42,9,2,298,3.7,2362,15:39:00,-2.3,16.2,13.9
Marty Zoborosky,1945,1945,D,1,0,0,0,NA,2,0,0,0,0,0,0,0,NA,NA,NA,NA,0,0.1,0
Radim Zohorna,2021,2024,F,68,9,9,18,15,26,9,0,0,2,8,1,0,64,14.1,656,09:39:00,0.8,1.3,2.1
Harry Zolnierczyk,2012,2017,LW,84,7,6,13,-15,93,7,0,0,0,6,0,0,86,8.1,712,08:29:00,0.2,0.1,0.3
Rick Zombo,1985,1996,D,652,24,130,154,22,728,23,1,0,4,112,8,10,508,4.7,NA,NA,0.4,31.5,32
Artem Zub,2021,2026,D,386,24,90,114,37,246,23,0,1,2,87,1,2,402,6,7909,20:29:00,3.9,20.4,24.3
Andrei Zubarev,2011,2011,D,4,0,1,1,-4,4,0,0,0,0,1,0,0,2,0,80,20:05:00,0,-0.2,-0.2
Ilya Zubov,2008,2009,C,11,0,2,2,-1,0,0,0,0,0,1,1,0,11,0,117,10:40:00,-0.1,0.1,0
Sergei Zubov,1993,2009,D,1068,152,619,771,148,337,66,81,5,22,279,327,13,2266,6.7,19506,25:38:00,62.7,74.1,136.8
Dainius Zubrus,1997,2016,RW/C,1293,228,363,591,1,791,168,55,5,38,275,79,9,1986,11.5,20544,16:46:00,26.8,25.3,52
Mats Zuccarello,2011,2026,LW,963,232,512,744,48,363,174,57,1,40,329,182,1,2045,11.3,17451,18:07:00,53.1,21,74.1
Jason Zucker,2012,2026,LW,832,241,227,468,-4,417,183,55,3,41,170,55,2,1873,12.9,12915,15:31:00,36.7,14.1,50.8
Mike Zuke,1979,1986,C,455,86,196,282,-42,220,62,21,3,6,108,84,4,756,11.4,NA,NA,8.3,5.6,14
Rudy Zunich,1944,1944,D,2,0,0,0,NA,2,0,0,0,0,0,0,0,NA,NA,NA,NA,-0.1,0.2,0.1
Valentin Zykov,2017,2020,LW,55,7,10,17,-2,10,6,1,0,1,8,2,0,69,10.1,611,11:07:00,0.8,0.6,1.4
Andrei Zyuzin,1998,2008,D,496,38,82,120,-40,446,19,18,1,5,55,24,3,683,5.6,9007,18:10:00,6.7,19.1,25.8
